t,comm,cpu_delta,cpu_total
1791297844.624,python,0.1,14.81
1791297844.624,python,0.0,0.07
1791297844.624,python,0.0,0.06
1791297844.624,python,0.0,0.05
1791297844.624,python,0.0,0.05
1791297844.624,python,0.0,0.06
1791297844.624,python:disk$0,0.0,0.0
1791297844.624,python:sh0,0.0,0.0
1791297844.624,python:traceq0,0.0,0.0
1791297844.624,p:clctxworker0,0.0,0.0
1791297844.624,python,0.0,0.0
1791297844.624,python,0.07,1.77
1791297844.624,python,0.07,1.33
1791297844.624,python,0.04,1.03
1791297844.624,python,0.02,0.9
1791297844.624,python,0.03,1.27
1791297844.825,python,0.06,14.87
1791297844.825,python,0.0,0.07
1791297844.825,python,0.0,0.06
1791297844.825,python,0.0,0.05
1791297844.825,python,0.0,0.05
1791297844.825,python,0.0,0.06
1791297844.825,python:disk$0,0.0,0.0
1791297844.825,python:sh0,0.0,0.0
1791297844.825,python:traceq0,0.0,0.0
1791297844.825,p:clctxworker0,0.0,0.0
1791297844.825,python,0.0,0.0
1791297844.825,python,0.09,1.86
1791297844.825,python,0.07,1.4
1791297844.825,python,0.06,1.09
1791297844.825,python,0.03,0.93
1791297844.825,python,0.03,1.3
1791297845.027,python,0.1,14.97
1791297845.027,python,0.0,0.07
1791297845.027,python,0.0,0.06
1791297845.027,python,0.0,0.05
1791297845.027,python,0.0,0.05
1791297845.027,python,0.0,0.06
1791297845.027,python:disk$0,0.0,0.0
1791297845.027,python:sh0,0.0,0.0
1791297845.027,python:traceq0,0.0,0.0
1791297845.027,p:clctxworker0,0.0,0.0
1791297845.027,python,0.0,0.0
1791297845.027,python,0.09,1.95
1791297845.027,python,0.08,1.48
1791297845.027,python,0.06,1.15
1791297845.027,python,0.05,0.98
1791297845.027,python,0.04,1.34
1791297845.228,python,0.08,15.05
1791297845.228,python,0.0,0.07
1791297845.228,python,0.0,0.06
1791297845.228,python,0.0,0.05
1791297845.228,python,0.0,0.05
1791297845.228,python,0.0,0.06
1791297845.228,python:disk$0,0.0,0.0
1791297845.228,python:sh0,0.0,0.0
1791297845.228,python:traceq0,0.0,0.0
1791297845.228,p:clctxworker0,0.0,0.0
1791297845.228,python,0.0,0.0
1791297845.228,python,0.06,2.01
1791297845.228,python,0.07,1.55
1791297845.228,python,0.05,1.2
1791297845.228,python,0.04,1.02
1791297845.228,python,0.04,1.38
1791297845.429,python,0.05,15.1
1791297845.429,python,0.0,0.07
1791297845.429,python,0.0,0.06
1791297845.429,python,0.0,0.05
1791297845.429,python,0.0,0.05
1791297845.429,python,0.0,0.06
1791297845.429,python:disk$0,0.0,0.0
1791297845.429,python:sh0,0.0,0.0
1791297845.429,python:traceq0,0.0,0.0
1791297845.429,p:clctxworker0,0.0,0.0
1791297845.429,python,0.0,0.0
1791297845.429,python,0.06,2.07
1791297845.429,python,0.04,1.59
1791297845.429,python,0.03,1.23
1791297845.429,python,0.03,1.05
1791297845.429,python,0.04,1.42
1791297845.631,python,0.09,15.19
1791297845.631,python,0.0,0.07
1791297845.631,python,0.0,0.06
1791297845.631,python,0.0,0.05
1791297845.631,python,0.0,0.05
1791297845.631,python,0.0,0.06
1791297845.631,python:disk$0,0.0,0.0
1791297845.631,python:sh0,0.0,0.0
1791297845.631,python:traceq0,0.0,0.0
1791297845.631,p:clctxworker0,0.0,0.0
1791297845.631,python,0.0,0.0
1791297845.631,python,0.07,2.14
1791297845.631,python,0.07,1.66
1791297845.631,python,0.05,1.28
1791297845.631,python,0.05,1.1
1791297845.631,python,0.04,1.46
1791297845.832,python,0.07,15.26
1791297845.832,python,0.0,0.07
1791297845.832,python,0.0,0.06
1791297845.832,python,0.0,0.05
1791297845.832,python,0.0,0.05
1791297845.832,python,0.0,0.06
1791297845.832,python:disk$0,0.0,0.0
1791297845.832,python:sh0,0.0,0.0
1791297845.832,python:traceq0,0.0,0.0
1791297845.832,p:clctxworker0,0.0,0.0
1791297845.832,python,0.0,0.0
1791297845.832,python,0.07,2.21
1791297845.832,python,0.04,1.7
1791297845.832,python,0.06,1.34
1791297845.832,python,0.04,1.14
1791297845.832,python,0.02,1.48
1791297846.033,python,0.08,15.34
1791297846.033,python,0.0,0.07
1791297846.033,python,0.0,0.06
1791297846.033,python,0.0,0.05
1791297846.033,python,0.0,0.05
1791297846.033,python,0.0,0.06
1791297846.033,python:disk$0,0.0,0.0
1791297846.033,python:sh0,0.0,0.0
1791297846.033,python:traceq0,0.0,0.0
1791297846.033,p:clctxworker0,0.0,0.0
1791297846.033,python,0.0,0.0
1791297846.033,python,0.07,2.28
1791297846.033,python,0.06,1.76
1791297846.033,python,0.05,1.39
1791297846.033,python,0.05,1.19
1791297846.033,python,0.03,1.51
1791297846.234,python,0.06,15.4
1791297846.234,python,0.0,0.07
1791297846.234,python,0.0,0.06
1791297846.234,python,0.0,0.05
1791297846.234,python,0.0,0.05
1791297846.234,python,0.0,0.06
1791297846.234,python:disk$0,0.0,0.0
1791297846.234,python:sh0,0.0,0.0
1791297846.234,python:traceq0,0.0,0.0
1791297846.234,p:clctxworker0,0.0,0.0
1791297846.234,python,0.0,0.0
1791297846.234,python,0.07,2.35
1791297846.234,python,0.07,1.83
1791297846.234,python,0.05,1.44
1791297846.234,python,0.04,1.23
1791297846.234,python,0.05,1.56
1791297846.435,python,0.08,15.48
1791297846.435,python,0.0,0.07
1791297846.435,python,0.0,0.06
1791297846.435,python,0.0,0.05
1791297846.435,python,0.0,0.05
1791297846.435,python,0.0,0.06
1791297846.435,python:disk$0,0.0,0.0
1791297846.435,python:sh0,0.0,0.0
1791297846.435,python:traceq0,0.0,0.0
1791297846.435,p:clctxworker0,0.0,0.0
1791297846.435,python,0.0,0.0
1791297846.435,python,0.06,2.41
1791297846.435,python,0.05,1.88
1791297846.435,python,0.05,1.49
1791297846.435,python,0.04,1.27
1791297846.435,python,0.03,1.59
1791297846.637,python,0.06,15.54
1791297846.637,python,0.0,0.07
1791297846.637,python,0.0,0.06
1791297846.637,python,0.0,0.05
1791297846.637,python,0.0,0.05
1791297846.637,python,0.0,0.06
1791297846.637,python:disk$0,0.0,0.0
1791297846.637,python:sh0,0.0,0.0
1791297846.637,python:traceq0,0.0,0.0
1791297846.637,p:clctxworker0,0.0,0.0
1791297846.637,python,0.0,0.0
1791297846.637,python,0.08,2.49
1791297846.637,python,0.08,1.96
1791297846.637,python,0.05,1.54
1791297846.637,python,0.03,1.3
1791297846.637,python,0.03,1.62
1791297846.839,python,0.08,15.62
1791297846.839,python,0.0,0.07
1791297846.839,python,0.0,0.06
1791297846.839,python,0.0,0.05
1791297846.839,python,0.0,0.05
1791297846.839,python,0.0,0.06
1791297846.839,python:disk$0,0.0,0.0
1791297846.839,python:sh0,0.0,0.0
1791297846.839,python:traceq0,0.0,0.0
1791297846.839,p:clctxworker0,0.0,0.0
1791297846.839,python,0.0,0.0
1791297846.839,python,0.07,2.56
1791297846.839,python,0.07,2.03
1791297846.839,python,0.06,1.6
1791297846.839,python,0.04,1.34
1791297846.839,python,0.04,1.66
1791297847.04,python,0.07,15.69
1791297847.04,python,0.0,0.07
1791297847.04,python,0.0,0.06
1791297847.04,python,0.0,0.05
1791297847.04,python,0.0,0.05
1791297847.04,python,0.0,0.06
1791297847.04,python:disk$0,0.0,0.0
1791297847.04,python:sh0,0.0,0.0
1791297847.04,python:traceq0,0.0,0.0
1791297847.04,p:clctxworker0,0.0,0.0
1791297847.04,python,0.0,0.0
1791297847.04,python,0.08,2.64
1791297847.04,python,0.07,2.1
1791297847.04,python,0.06,1.66
1791297847.04,python,0.03,1.37
1791297847.04,python,0.03,1.69
1791297847.241,python,0.08,15.77
1791297847.241,python,0.0,0.07
1791297847.241,python,0.0,0.06
1791297847.241,python,0.0,0.05
1791297847.241,python,0.0,0.05
1791297847.241,python,0.0,0.06
1791297847.241,python:disk$0,0.0,0.0
1791297847.241,python:sh0,0.0,0.0
1791297847.241,python:traceq0,0.0,0.0
1791297847.241,p:clctxworker0,0.0,0.0
1791297847.241,python,0.0,0.0
1791297847.241,python,0.07,2.71
1791297847.241,python,0.05,2.15
1791297847.241,python,0.05,1.71
1791297847.241,python,0.04,1.41
1791297847.241,python,0.03,1.72
1791297847.443,python,0.07,15.84
1791297847.443,python,0.0,0.07
1791297847.443,python,0.0,0.06
1791297847.443,python,0.0,0.05
1791297847.443,python,0.0,0.05
1791297847.443,python,0.0,0.06
1791297847.443,python:disk$0,0.0,0.0
1791297847.443,python:sh0,0.0,0.0
1791297847.443,python:traceq0,0.0,0.0
1791297847.443,p:clctxworker0,0.0,0.0
1791297847.443,python,0.0,0.0
1791297847.443,python,0.07,2.78
1791297847.443,python,0.08,2.23
1791297847.443,python,0.07,1.78
1791297847.443,python,0.05,1.46
1791297847.443,python,0.03,1.75
1791297847.644,python,0.08,15.92
1791297847.644,python,0.0,0.07
1791297847.644,python,0.0,0.06
1791297847.644,python,0.0,0.05
1791297847.644,python,0.0,0.05
1791297847.644,python,0.0,0.06
1791297847.644,python:disk$0,0.0,0.0
1791297847.644,python:sh0,0.0,0.0
1791297847.644,python:traceq0,0.0,0.0
1791297847.644,p:clctxworker0,0.0,0.0
1791297847.644,python,0.0,0.0
1791297847.644,python,0.09,2.87
1791297847.644,python,0.08,2.31
1791297847.644,python,0.04,1.82
1791297847.644,python,0.02,1.48
1791297847.644,python,0.03,1.78
1791297847.85,python,0.11,16.03
1791297847.85,python,0.0,0.07
1791297847.85,python,0.0,0.06
1791297847.85,python,0.0,0.05
1791297847.85,python,0.0,0.05
1791297847.85,python,0.0,0.06
1791297847.85,python:disk$0,0.0,0.0
1791297847.85,python:sh0,0.0,0.0
1791297847.85,python:traceq0,0.0,0.0
1791297847.85,p:clctxworker0,0.0,0.0
1791297847.85,python,0.0,0.0
1791297847.85,python,0.11,2.98
1791297847.85,python,0.08,2.39
1791297847.85,python,0.1,1.92
1791297847.85,python,0.09,1.57
1791297847.85,python,0.08,1.86
1791297848.052,python,0.11,16.14
1791297848.052,python,0.0,0.07
1791297848.052,python,0.0,0.06
1791297848.052,python,0.0,0.05
1791297848.052,python,0.0,0.05
1791297848.052,python,0.0,0.06
1791297848.052,python:disk$0,0.0,0.0
1791297848.052,python:sh0,0.0,0.0
1791297848.052,python:traceq0,0.0,0.0
1791297848.052,p:clctxworker0,0.0,0.0
1791297848.052,python,0.0,0.0
1791297848.052,python,0.09,3.07
1791297848.052,python,0.1,2.49
1791297848.052,python,0.07,1.99
1791297848.052,python,0.04,1.61
1791297848.052,python,0.08,1.94
1791297848.253,python,0.08,16.22
1791297848.253,python,0.0,0.07
1791297848.253,python,0.0,0.06
1791297848.253,python,0.0,0.05
1791297848.253,python,0.0,0.05
1791297848.253,python,0.0,0.06
1791297848.253,python:disk$0,0.0,0.0
1791297848.253,python:sh0,0.0,0.0
1791297848.253,python:traceq0,0.0,0.0
1791297848.253,p:clctxworker0,0.0,0.0
1791297848.253,python,0.0,0.0
1791297848.253,python,0.09,3.16
1791297848.253,python,0.07,2.56
1791297848.253,python,0.06,2.05
1791297848.253,python,0.02,1.63
1791297848.253,python,0.03,1.97
1791297848.455,python,0.09,16.31
1791297848.455,python,0.0,0.07
1791297848.455,python,0.0,0.06
1791297848.455,python,0.0,0.05
1791297848.455,python,0.0,0.05
1791297848.455,python,0.0,0.06
1791297848.455,python:disk$0,0.0,0.0
1791297848.455,python:sh0,0.0,0.0
1791297848.455,python:traceq0,0.0,0.0
1791297848.455,p:clctxworker0,0.0,0.0
1791297848.455,python,0.0,0.0
1791297848.455,python,0.09,3.25
1791297848.455,python,0.08,2.64
1791297848.455,python,0.06,2.11
1791297848.455,python,0.06,1.69
1791297848.455,python,0.03,2.0
1791297848.657,python,0.11,16.42
1791297848.657,python,0.0,0.07
1791297848.657,python,0.0,0.06
1791297848.657,python,0.0,0.05
1791297848.657,python,0.0,0.05
1791297848.657,python,0.0,0.06
1791297848.657,python:disk$0,0.0,0.0
1791297848.657,python:sh0,0.0,0.0
1791297848.657,python:traceq0,0.0,0.0
1791297848.657,p:clctxworker0,0.0,0.0
1791297848.657,python,0.0,0.0
1791297848.657,python,0.1,3.35
1791297848.657,python,0.08,2.72
1791297848.657,python,0.07,2.18
1791297848.657,python,0.06,1.75
1791297848.657,python,0.04,2.04
1791297848.859,python,0.1,16.52
1791297848.859,python,0.0,0.07
1791297848.859,python,0.0,0.06
1791297848.859,python,0.0,0.05
1791297848.859,python,0.0,0.05
1791297848.859,python,0.0,0.06
1791297848.859,python:disk$0,0.0,0.0
1791297848.859,python:sh0,0.0,0.0
1791297848.859,python:traceq0,0.0,0.0
1791297848.859,p:clctxworker0,0.0,0.0
1791297848.859,python,0.0,0.0
1791297848.859,python,0.16,3.51
1791297848.859,python,0.13,2.85
1791297848.859,python,0.15,2.33
1791297848.859,python,0.14,1.89
1791297848.859,python,0.13,2.17
1791297849.06,python,0.15,16.67
1791297849.06,python,0.0,0.07
1791297849.06,python,0.0,0.06
1791297849.06,python,0.0,0.05
1791297849.06,python,0.0,0.05
1791297849.06,python,0.0,0.06
1791297849.06,python:disk$0,0.0,0.0
1791297849.06,python:sh0,0.0,0.0
1791297849.06,python:traceq0,0.0,0.0
1791297849.06,p:clctxworker0,0.0,0.0
1791297849.06,python,0.0,0.0
1791297849.06,python,0.2,3.71
1791297849.06,python,0.13,2.98
1791297849.06,python,0.17,2.5
1791297849.06,python,0.17,2.06
1791297849.06,python,0.2,2.37
1791297849.262,python,0.14,16.81
1791297849.262,python,0.0,0.07
1791297849.262,python,0.0,0.06
1791297849.262,python,0.0,0.05
1791297849.262,python,0.0,0.05
1791297849.262,python,0.0,0.06
1791297849.262,python:disk$0,0.0,0.0
1791297849.262,python:sh0,0.0,0.0
1791297849.262,python:traceq0,0.0,0.0
1791297849.262,p:clctxworker0,0.0,0.0
1791297849.262,python,0.0,0.0
1791297849.262,python,0.19,3.9
1791297849.262,python,0.16,3.14
1791297849.262,python,0.19,2.69
1791297849.262,python,0.17,2.23
1791297849.262,python,0.17,2.54
1791297849.467,python,0.15,16.96
1791297849.467,python,0.0,0.07
1791297849.467,python,0.0,0.06
1791297849.467,python,0.0,0.05
1791297849.467,python,0.0,0.05
1791297849.467,python,0.0,0.06
1791297849.467,python:disk$0,0.0,0.0
1791297849.467,python:sh0,0.0,0.0
1791297849.467,python:traceq0,0.0,0.0
1791297849.467,p:clctxworker0,0.0,0.0
1791297849.467,python,0.0,0.0
1791297849.467,python,0.2,4.1
1791297849.467,python,0.15,3.29
1791297849.467,python,0.2,2.89
1791297849.467,python,0.17,2.4
1791297849.467,python,0.2,2.74
1791297849.669,python,0.12,17.08
1791297849.669,python,0.0,0.07
1791297849.669,python,0.0,0.06
1791297849.669,python,0.0,0.05
1791297849.669,python,0.0,0.05
1791297849.669,python,0.0,0.06
1791297849.669,python:disk$0,0.0,0.0
1791297849.669,python:sh0,0.0,0.0
1791297849.669,python:traceq0,0.0,0.0
1791297849.669,p:clctxworker0,0.0,0.0
1791297849.669,python,0.0,0.0
1791297849.669,python,0.18,4.28
1791297849.669,python,0.16,3.45
1791297849.669,python,0.19,3.08
1791297849.669,python,0.18,2.58
1791297849.669,python,0.19,2.93
1791297849.871,python,0.14,17.22
1791297849.871,python,0.0,0.07
1791297849.871,python,0.0,0.06
1791297849.871,python,0.0,0.05
1791297849.871,python,0.0,0.05
1791297849.871,python,0.0,0.06
1791297849.871,python:disk$0,0.0,0.0
1791297849.871,python:sh0,0.0,0.0
1791297849.871,python:traceq0,0.0,0.0
1791297849.871,p:clctxworker0,0.0,0.0
1791297849.871,python,0.0,0.0
1791297849.871,python,0.19,4.47
1791297849.871,python,0.19,3.64
1791297849.871,python,0.2,3.28
1791297849.871,python,0.19,2.77
1791297849.871,python,0.19,3.12
1791297850.072,python,0.14,17.36
1791297850.072,python,0.0,0.07
1791297850.072,python,0.0,0.06
1791297850.072,python,0.0,0.05
1791297850.072,python,0.0,0.05
1791297850.072,python,0.0,0.06
1791297850.072,python:disk$0,0.0,0.0
1791297850.072,python:sh0,0.0,0.0
1791297850.072,python:traceq0,0.0,0.0
1791297850.072,p:clctxworker0,0.0,0.0
1791297850.072,python,0.0,0.0
1791297850.072,python,0.17,4.64
1791297850.072,python,0.19,3.83
1791297850.072,python,0.19,3.47
1791297850.072,python,0.2,2.97
1791297850.072,python,0.2,3.32
1791297850.275,python,0.16,17.52
1791297850.275,python,0.0,0.07
1791297850.275,python,0.0,0.06
1791297850.275,python,0.0,0.05
1791297850.275,python,0.0,0.05
1791297850.275,python,0.0,0.06
1791297850.275,python:disk$0,0.0,0.0
1791297850.275,python:sh0,0.0,0.0
1791297850.275,python:traceq0,0.0,0.0
1791297850.275,p:clctxworker0,0.0,0.0
1791297850.275,python,0.0,0.0
1791297850.275,python,0.19,4.83
1791297850.275,python,0.19,4.02
1791297850.275,python,0.16,3.63
1791297850.275,python,0.19,3.16
1791297850.275,python,0.19,3.51
1791297850.477,python,0.17,17.69
1791297850.477,python,0.0,0.07
1791297850.477,python,0.0,0.06
1791297850.477,python,0.0,0.05
1791297850.477,python,0.0,0.05
1791297850.477,python,0.0,0.06
1791297850.477,python:disk$0,0.0,0.0
1791297850.477,python:sh0,0.0,0.0
1791297850.477,python:traceq0,0.0,0.0
1791297850.477,p:clctxworker0,0.0,0.0
1791297850.477,python,0.0,0.0
1791297850.477,python,0.2,5.03
1791297850.477,python,0.19,4.21
1791297850.477,python,0.17,3.8
1791297850.477,python,0.19,3.35
1791297850.477,python,0.2,3.71
1791297850.678,python,0.14,17.83
1791297850.678,python,0.0,0.07
1791297850.678,python,0.0,0.06
1791297850.678,python,0.0,0.05
1791297850.678,python,0.0,0.05
1791297850.678,python,0.0,0.06
1791297850.678,python:disk$0,0.0,0.0
1791297850.678,python:sh0,0.0,0.0
1791297850.678,python:traceq0,0.0,0.0
1791297850.678,p:clctxworker0,0.0,0.0
1791297850.678,python,0.0,0.0
1791297850.678,python,0.2,5.23
1791297850.678,python,0.19,4.4
1791297850.678,python,0.19,3.99
1791297850.678,python,0.19,3.54
1791297850.678,python,0.19,3.9
1791297850.882,python,0.16,17.99
1791297850.882,python,0.0,0.07
1791297850.882,python,0.0,0.06
1791297850.882,python,0.0,0.05
1791297850.882,python,0.0,0.05
1791297850.882,python,0.0,0.06
1791297850.882,python:disk$0,0.0,0.0
1791297850.882,python:sh0,0.0,0.0
1791297850.882,python:traceq0,0.0,0.0
1791297850.882,p:clctxworker0,0.0,0.0
1791297850.882,python,0.0,0.0
1791297850.882,python,0.2,5.43
1791297850.882,python,0.2,4.6
1791297850.882,python,0.18,4.17
1791297850.882,python,0.2,3.74
1791297850.882,python,0.2,4.1
1791297851.083,python,0.13,18.12
1791297851.083,python,0.0,0.07
1791297851.083,python,0.0,0.06
1791297851.083,python,0.0,0.05
1791297851.083,python,0.0,0.05
1791297851.083,python,0.0,0.06
1791297851.083,python:disk$0,0.0,0.0
1791297851.083,python:sh0,0.0,0.0
1791297851.083,python:traceq0,0.0,0.0
1791297851.083,p:clctxworker0,0.0,0.0
1791297851.083,python,0.0,0.0
1791297851.083,python,0.2,5.63
1791297851.083,python,0.2,4.8
1791297851.083,python,0.19,4.36
1791297851.083,python,0.2,3.94
1791297851.083,python,0.18,4.28
1791297851.285,python,0.13,18.25
1791297851.285,python,0.0,0.07
1791297851.285,python,0.0,0.06
1791297851.285,python,0.0,0.05
1791297851.285,python,0.0,0.05
1791297851.285,python,0.0,0.06
1791297851.285,python:disk$0,0.0,0.0
1791297851.285,python:sh0,0.0,0.0
1791297851.285,python:traceq0,0.0,0.0
1791297851.285,p:clctxworker0,0.0,0.0
1791297851.285,python,0.0,0.0
1791297851.285,python,0.19,5.82
1791297851.285,python,0.19,4.99
1791297851.285,python,0.18,4.54
1791297851.285,python,0.2,4.14
1791297851.285,python,0.2,4.48
1791297851.486,python,0.16,18.41
1791297851.486,python,0.0,0.07
1791297851.486,python,0.0,0.06
1791297851.486,python,0.0,0.05
1791297851.486,python,0.0,0.05
1791297851.486,python,0.0,0.06
1791297851.486,python:disk$0,0.0,0.0
1791297851.486,python:sh0,0.0,0.0
1791297851.486,python:traceq0,0.0,0.0
1791297851.486,p:clctxworker0,0.0,0.0
1791297851.486,python,0.0,0.0
1791297851.486,python,0.15,5.97
1791297851.486,python,0.16,5.15
1791297851.486,python,0.15,4.69
1791297851.486,python,0.15,4.29
1791297851.486,python,0.15,4.63
1791297851.687,python,0.18,18.59
1791297851.687,python,0.0,0.07
1791297851.687,python,0.0,0.06
1791297851.687,python,0.0,0.05
1791297851.687,python,0.0,0.05
1791297851.687,python,0.0,0.06
1791297851.687,python:disk$0,0.0,0.0
1791297851.687,python:sh0,0.0,0.0
1791297851.687,python:traceq0,0.0,0.0
1791297851.687,p:clctxworker0,0.0,0.0
1791297851.687,python,0.0,0.0
1791297851.687,python,0.0,5.97
1791297851.687,python,0.0,5.15
1791297851.687,python,0.0,4.69
1791297851.687,python,0.0,4.29
1791297851.687,python,0.0,4.63
1791297851.888,python,0.2,18.79
1791297851.888,python,0.0,0.07
1791297851.888,python,0.0,0.06
1791297851.888,python,0.0,0.05
1791297851.888,python,0.0,0.05
1791297851.888,python,0.0,0.06
1791297851.888,python:disk$0,0.0,0.0
1791297851.888,python:sh0,0.0,0.0
1791297851.888,python:traceq0,0.0,0.0
1791297851.888,p:clctxworker0,0.0,0.0
1791297851.888,python,0.0,0.0
1791297851.888,python,0.0,5.97
1791297851.888,python,0.0,5.15
1791297851.888,python,0.0,4.69
1791297851.888,python,0.0,4.29
1791297851.888,python,0.0,4.63
1791297852.089,python,0.2,18.99
1791297852.089,python,0.0,0.07
1791297852.089,python,0.0,0.06
1791297852.089,python,0.0,0.05
1791297852.089,python,0.0,0.05
1791297852.089,python,0.0,0.06
1791297852.089,python:disk$0,0.0,0.0
1791297852.089,python:sh0,0.0,0.0
1791297852.089,python:traceq0,0.0,0.0
1791297852.089,p:clctxworker0,0.0,0.0
1791297852.089,python,0.0,0.0
1791297852.089,python,0.0,5.97
1791297852.089,python,0.0,5.15
1791297852.089,python,0.0,4.69
1791297852.089,python,0.0,4.29
1791297852.089,python,0.0,4.63
1791297852.291,python,0.2,19.19
1791297852.291,python,0.0,0.07
1791297852.291,python,0.0,0.06
1791297852.291,python,0.0,0.05
1791297852.291,python,0.0,0.05
1791297852.291,python,0.0,0.06
1791297852.291,python:disk$0,0.0,0.0
1791297852.291,python:sh0,0.0,0.0
1791297852.291,python:traceq0,0.0,0.0
1791297852.291,p:clctxworker0,0.0,0.0
1791297852.291,python,0.0,0.0
1791297852.291,python,0.06,6.03
1791297852.291,python,0.06,5.21
1791297852.291,python,0.07,4.76
1791297852.291,python,0.05,4.34
1791297852.291,python,0.06,4.69
1791297852.492,python,0.2,19.39
1791297852.492,python,0.0,0.07
1791297852.492,python,0.0,0.06
1791297852.492,python,0.0,0.05
1791297852.492,python,0.0,0.05
1791297852.492,python,0.0,0.06
1791297852.492,python:disk$0,0.0,0.0
1791297852.492,python:sh0,0.0,0.0
1791297852.492,python:traceq0,0.0,0.0
1791297852.492,p:clctxworker0,0.0,0.0
1791297852.492,python,0.0,0.0
1791297852.492,python,0.0,6.03
1791297852.492,python,0.0,5.21
1791297852.492,python,0.0,4.76
1791297852.492,python,0.0,4.34
1791297852.492,python,0.0,4.69
1791297852.693,python,0.2,19.59
1791297852.693,python,0.0,0.07
1791297852.693,python,0.0,0.06
1791297852.693,python,0.0,0.05
1791297852.693,python,0.0,0.05
1791297852.693,python,0.0,0.06
1791297852.693,python:disk$0,0.0,0.0
1791297852.693,python:sh0,0.0,0.0
1791297852.693,python:traceq0,0.0,0.0
1791297852.693,p:clctxworker0,0.0,0.0
1791297852.693,python,0.0,0.0
1791297852.693,python,0.0,6.03
1791297852.693,python,0.0,5.21
1791297852.693,python,0.0,4.76
1791297852.693,python,0.0,4.34
1791297852.693,python,0.0,4.69
1791297852.894,python,0.21,19.8
1791297852.894,python,0.0,0.07
1791297852.894,python,0.0,0.06
1791297852.894,python,0.0,0.05
1791297852.894,python,0.0,0.05
1791297852.894,python,0.0,0.06
1791297852.894,python:disk$0,0.0,0.0
1791297852.894,python:sh0,0.0,0.0
1791297852.894,python:traceq0,0.0,0.0
1791297852.894,p:clctxworker0,0.0,0.0
1791297852.894,python,0.0,0.0
1791297852.894,python,0.0,6.03
1791297852.894,python,0.0,5.21
1791297852.894,python,0.0,4.76
1791297852.894,python,0.0,4.34
1791297852.894,python,0.0,4.69
1791297853.095,python,0.19,19.99
1791297853.095,python,0.0,0.07
1791297853.095,python,0.0,0.06
1791297853.095,python,0.0,0.05
1791297853.095,python,0.0,0.05
1791297853.095,python,0.0,0.06
1791297853.095,python:disk$0,0.0,0.0
1791297853.095,python:sh0,0.0,0.0
1791297853.095,python:traceq0,0.0,0.0
1791297853.095,p:clctxworker0,0.0,0.0
1791297853.095,python,0.0,0.0
1791297853.095,python,0.0,6.03
1791297853.095,python,0.0,5.21
1791297853.095,python,0.0,4.76
1791297853.095,python,0.0,4.34
1791297853.095,python,0.0,4.69
1791297853.296,python,0.2,20.19
1791297853.296,python,0.0,0.07
1791297853.296,python,0.0,0.06
1791297853.296,python,0.0,0.05
1791297853.296,python,0.0,0.05
1791297853.296,python,0.0,0.06
1791297853.296,python:disk$0,0.0,0.0
1791297853.296,python:sh0,0.0,0.0
1791297853.296,python:traceq0,0.0,0.0
1791297853.296,p:clctxworker0,0.0,0.0
1791297853.296,python,0.0,0.0
1791297853.296,python,0.0,6.03
1791297853.296,python,0.0,5.21
1791297853.296,python,0.0,4.76
1791297853.296,python,0.0,4.34
1791297853.296,python,0.0,4.69
1791297853.497,python,0.2,20.39
1791297853.497,python,0.0,0.07
1791297853.497,python,0.0,0.06
1791297853.497,python,0.0,0.05
1791297853.497,python,0.0,0.05
1791297853.497,python,0.0,0.06
1791297853.497,python:disk$0,0.0,0.0
1791297853.497,python:sh0,0.0,0.0
1791297853.497,python:traceq0,0.0,0.0
1791297853.497,p:clctxworker0,0.0,0.0
1791297853.497,python,0.0,0.0
1791297853.497,python,0.0,6.03
1791297853.497,python,0.0,5.21
1791297853.497,python,0.0,4.76
1791297853.497,python,0.0,4.34
1791297853.497,python,0.0,4.69
1791297853.698,python,0.2,20.59
1791297853.698,python,0.0,0.07
1791297853.698,python,0.0,0.06
1791297853.698,python,0.0,0.05
1791297853.698,python,0.0,0.05
1791297853.698,python,0.0,0.06
1791297853.698,python:disk$0,0.0,0.0
1791297853.698,python:sh0,0.0,0.0
1791297853.698,python:traceq0,0.0,0.0
1791297853.698,p:clctxworker0,0.0,0.0
1791297853.698,python,0.0,0.0
1791297853.698,python,0.0,6.03
1791297853.698,python,0.0,5.21
1791297853.698,python,0.0,4.76
1791297853.698,python,0.0,4.34
1791297853.698,python,0.0,4.69
1791297853.902,python,0.2,20.79
1791297853.902,python,0.0,0.07
1791297853.902,python,0.0,0.06
1791297853.902,python,0.0,0.05
1791297853.902,python,0.0,0.05
1791297853.902,python,0.0,0.06
1791297853.902,python:disk$0,0.0,0.0
1791297853.902,python:sh0,0.0,0.0
1791297853.902,python:traceq0,0.0,0.0
1791297853.902,p:clctxworker0,0.0,0.0
1791297853.902,python,0.0,0.0
1791297853.902,python,0.0,6.03
1791297853.902,python,0.0,5.21
1791297853.902,python,0.0,4.76
1791297853.902,python,0.0,4.34
1791297853.902,python,0.0,4.69
1791297854.104,python,0.2,20.99
1791297854.104,python,0.0,0.07
1791297854.104,python,0.0,0.06
1791297854.104,python,0.0,0.05
1791297854.104,python,0.0,0.05
1791297854.104,python,0.0,0.06
1791297854.104,python:disk$0,0.0,0.0
1791297854.104,python:sh0,0.0,0.0
1791297854.104,python:traceq0,0.0,0.0
1791297854.104,p:clctxworker0,0.0,0.0
1791297854.104,python,0.0,0.0
1791297854.104,python,0.0,6.03
1791297854.104,python,0.0,5.21
1791297854.104,python,0.0,4.76
1791297854.104,python,0.0,4.34
1791297854.104,python,0.0,4.69
1791297854.305,python,0.2,21.19
1791297854.305,python,0.0,0.07
1791297854.305,python,0.0,0.06
1791297854.305,python,0.0,0.05
1791297854.305,python,0.0,0.05
1791297854.305,python,0.0,0.06
1791297854.305,python:disk$0,0.0,0.0
1791297854.305,python:sh0,0.0,0.0
1791297854.305,python:traceq0,0.0,0.0
1791297854.305,p:clctxworker0,0.0,0.0
1791297854.305,python,0.0,0.0
1791297854.305,python,0.0,6.03
1791297854.305,python,0.0,5.21
1791297854.305,python,0.0,4.76
1791297854.305,python,0.0,4.34
1791297854.305,python,0.0,4.69
1791297854.506,python,0.19,21.38
1791297854.506,python,0.0,0.07
1791297854.506,python,0.0,0.06
1791297854.506,python,0.0,0.05
1791297854.506,python,0.0,0.05
1791297854.506,python,0.0,0.06
1791297854.506,python:disk$0,0.0,0.0
1791297854.506,python:sh0,0.0,0.0
1791297854.506,python:traceq0,0.0,0.0
1791297854.506,p:clctxworker0,0.0,0.0
1791297854.506,python,0.0,0.0
1791297854.506,python,0.0,6.03
1791297854.506,python,0.0,5.21
1791297854.506,python,0.0,4.76
1791297854.506,python,0.0,4.34
1791297854.506,python,0.0,4.69
1791297854.707,python,0.21,21.59
1791297854.707,python,0.0,0.07
1791297854.707,python,0.0,0.06
1791297854.707,python,0.0,0.05
1791297854.707,python,0.0,0.05
1791297854.707,python,0.0,0.06
1791297854.707,python:disk$0,0.0,0.0
1791297854.707,python:sh0,0.0,0.0
1791297854.707,python:traceq0,0.0,0.0
1791297854.707,p:clctxworker0,0.0,0.0
1791297854.707,python,0.0,0.0
1791297854.707,python,0.0,6.03
1791297854.707,python,0.0,5.21
1791297854.707,python,0.0,4.76
1791297854.707,python,0.0,4.34
1791297854.707,python,0.0,4.69
1791297854.908,python,0.2,21.79
1791297854.908,python,0.0,0.07
1791297854.908,python,0.0,0.06
1791297854.908,python,0.0,0.05
1791297854.908,python,0.0,0.05
1791297854.908,python,0.0,0.06
1791297854.908,python:disk$0,0.0,0.0
1791297854.908,python:sh0,0.0,0.0
1791297854.908,python:traceq0,0.0,0.0
1791297854.908,p:clctxworker0,0.0,0.0
1791297854.908,python,0.0,0.0
1791297854.908,python,0.0,6.03
1791297854.908,python,0.0,5.21
1791297854.908,python,0.0,4.76
1791297854.908,python,0.0,4.34
1791297854.908,python,0.0,4.69
1791297855.11,python,0.2,21.99
1791297855.11,python,0.0,0.07
1791297855.11,python,0.0,0.06
1791297855.11,python,0.0,0.05
1791297855.11,python,0.0,0.05
1791297855.11,python,0.0,0.06
1791297855.11,python:disk$0,0.0,0.0
1791297855.11,python:sh0,0.0,0.0
1791297855.11,python:traceq0,0.0,0.0
1791297855.11,p:clctxworker0,0.0,0.0
1791297855.11,python,0.0,0.0
1791297855.11,python,0.05,6.08
1791297855.11,python,0.05,5.26
1791297855.11,python,0.06,4.82
1791297855.11,python,0.06,4.4
1791297855.11,python,0.07,4.76
1791297855.317,python,0.19,22.18
1791297855.317,python,0.0,0.07
1791297855.317,python,0.0,0.06
1791297855.317,python,0.0,0.05
1791297855.317,python,0.0,0.05
1791297855.317,python,0.0,0.06
1791297855.317,python:disk$0,0.0,0.0
1791297855.317,python:sh0,0.0,0.0
1791297855.317,python:traceq0,0.0,0.0
1791297855.317,p:clctxworker0,0.0,0.0
1791297855.317,python,0.0,0.0
1791297855.317,python,0.19,6.27
1791297855.317,python,0.16,5.42
1791297855.317,python,0.16,4.98
1791297855.317,python,0.18,4.58
1791297855.317,python,0.2,4.96
1791297855.522,python,0.07,22.25
1791297855.522,python,0.0,0.07
1791297855.522,python,0.0,0.06
1791297855.522,python,0.0,0.05
1791297855.522,python,0.0,0.05
1791297855.522,python,0.0,0.06
1791297855.522,python:disk$0,0.0,0.0
1791297855.522,python:sh0,0.0,0.0
1791297855.522,python:traceq0,0.0,0.0
1791297855.522,p:clctxworker0,0.0,0.0
1791297855.522,python,0.0,0.0
1791297855.522,python,0.06,6.33
1791297855.522,python,0.06,5.48
1791297855.522,python,0.06,5.04
1791297855.522,python,0.06,4.64
1791297855.522,python,0.04,5.0
1791297855.724,python,0.09,22.34
1791297855.724,python,0.0,0.07
1791297855.724,python,0.0,0.06
1791297855.724,python,0.0,0.05
1791297855.724,python,0.0,0.05
1791297855.724,python,0.0,0.06
1791297855.724,python:disk$0,0.0,0.0
1791297855.724,python:sh0,0.0,0.0
1791297855.724,python:traceq0,0.0,0.0
1791297855.724,p:clctxworker0,0.0,0.0
1791297855.724,python,0.0,0.0
1791297855.724,python,0.08,6.41
1791297855.724,python,0.08,5.56
1791297855.724,python,0.08,5.12
1791297855.724,python,0.09,4.73
1791297855.724,python,0.09,5.09
1791297855.927,python,0.1,22.44
1791297855.927,python,0.0,0.07
1791297855.927,python,0.0,0.06
1791297855.927,python,0.0,0.05
1791297855.927,python,0.0,0.05
1791297855.927,python,0.0,0.06
1791297855.927,python:disk$0,0.0,0.0
1791297855.927,python:sh0,0.0,0.0
1791297855.927,python:traceq0,0.0,0.0
1791297855.927,p:clctxworker0,0.0,0.0
1791297855.927,python,0.0,0.0
1791297855.927,python,0.08,6.49
1791297855.927,python,0.09,5.65
1791297855.927,python,0.07,5.19
1791297855.927,python,0.07,4.8
1791297855.927,python,0.08,5.17
1791297856.129,python,0.05,22.49
1791297856.129,python,0.0,0.07
1791297856.129,python,0.0,0.06
1791297856.129,python,0.0,0.05
1791297856.129,python,0.0,0.05
1791297856.129,python,0.0,0.06
1791297856.129,python:disk$0,0.0,0.0
1791297856.129,python:sh0,0.0,0.0
1791297856.129,python:traceq0,0.0,0.0
1791297856.129,p:clctxworker0,0.0,0.0
1791297856.129,python,0.0,0.0
1791297856.129,python,0.04,6.53
1791297856.129,python,0.04,5.69
1791297856.129,python,0.01,5.2
1791297856.129,python,0.04,4.84
1791297856.129,python,0.01,5.18
1791297856.332,python,0.09,22.58
1791297856.332,python,0.0,0.07
1791297856.332,python,0.0,0.06
1791297856.332,python,0.0,0.05
1791297856.332,python,0.0,0.05
1791297856.332,python,0.0,0.06
1791297856.332,python:disk$0,0.0,0.0
1791297856.332,python:sh0,0.0,0.0
1791297856.332,python:traceq0,0.0,0.0
1791297856.332,p:clctxworker0,0.0,0.0
1791297856.332,python,0.0,0.0
1791297856.332,python,0.1,6.63
1791297856.332,python,0.06,5.75
1791297856.332,python,0.04,5.24
1791297856.332,python,0.03,4.87
1791297856.332,python,0.02,5.2
1791297856.533,python,0.09,22.67
1791297856.533,python,0.0,0.07
1791297856.533,python,0.0,0.06
1791297856.533,python,0.0,0.05
1791297856.533,python,0.0,0.05
1791297856.533,python,0.0,0.06
1791297856.533,python:disk$0,0.0,0.0
1791297856.533,python:sh0,0.0,0.0
1791297856.533,python:traceq0,0.0,0.0
1791297856.533,p:clctxworker0,0.0,0.0
1791297856.533,python,0.0,0.0
1791297856.533,python,0.08,6.71
1791297856.533,python,0.07,5.82
1791297856.533,python,0.04,5.28
1791297856.533,python,0.04,4.91
1791297856.533,python,0.03,5.23
1791297856.734,python,0.11,22.78
1791297856.734,python,0.0,0.07
1791297856.734,python,0.0,0.06
1791297856.734,python,0.0,0.05
1791297856.734,python,0.0,0.05
1791297856.734,python,0.0,0.06
1791297856.734,python:disk$0,0.0,0.0
1791297856.734,python:sh0,0.0,0.0
1791297856.734,python:traceq0,0.0,0.0
1791297856.734,p:clctxworker0,0.0,0.0
1791297856.734,python,0.0,0.0
1791297856.734,python,0.1,6.81
1791297856.734,python,0.06,5.88
1791297856.734,python,0.04,5.32
1791297856.734,python,0.02,4.93
1791297856.734,python,0.01,5.24
1791297856.936,python,0.11,22.89
1791297856.936,python,0.0,0.07
1791297856.936,python,0.0,0.06
1791297856.936,python,0.0,0.05
1791297856.936,python,0.0,0.05
1791297856.936,python,0.0,0.06
1791297856.936,python:disk$0,0.0,0.0
1791297856.936,python:sh0,0.0,0.0
1791297856.936,python:traceq0,0.0,0.0
1791297856.936,p:clctxworker0,0.0,0.0
1791297856.936,python,0.0,0.0
1791297856.936,python,0.1,6.91
1791297856.936,python,0.07,5.95
1791297856.936,python,0.05,5.37
1791297856.936,python,0.02,4.95
1791297856.936,python,0.02,5.26
1791297857.137,python,0.1,22.99
1791297857.137,python,0.0,0.07
1791297857.137,python,0.0,0.06
1791297857.137,python,0.0,0.05
1791297857.137,python,0.0,0.05
1791297857.137,python,0.0,0.06
1791297857.137,python:disk$0,0.0,0.0
1791297857.137,python:sh0,0.0,0.0
1791297857.137,python:traceq0,0.0,0.0
1791297857.137,p:clctxworker0,0.0,0.0
1791297857.137,python,0.0,0.0
1791297857.137,python,0.09,7.0
1791297857.137,python,0.06,6.01
1791297857.137,python,0.04,5.41
1791297857.137,python,0.03,4.98
1791297857.137,python,0.02,5.28
1791297857.338,python,0.11,23.1
1791297857.338,python,0.0,0.07
1791297857.338,python,0.0,0.06
1791297857.338,python,0.0,0.05
1791297857.338,python,0.0,0.05
1791297857.338,python,0.0,0.06
1791297857.338,python:disk$0,0.0,0.0
1791297857.338,python:sh0,0.0,0.0
1791297857.338,python:traceq0,0.0,0.0
1791297857.338,p:clctxworker0,0.0,0.0
1791297857.338,python,0.0,0.0
1791297857.338,python,0.1,7.1
1791297857.338,python,0.09,6.1
1791297857.338,python,0.06,5.47
1791297857.338,python,0.05,5.03
1791297857.338,python,0.04,5.32
1791297857.539,python,0.11,23.21
1791297857.539,python,0.0,0.07
1791297857.539,python,0.0,0.06
1791297857.539,python,0.0,0.05
1791297857.539,python,0.0,0.05
1791297857.539,python,0.0,0.06
1791297857.539,python:disk$0,0.0,0.0
1791297857.539,python:sh0,0.0,0.0
1791297857.539,python:traceq0,0.0,0.0
1791297857.539,p:clctxworker0,0.0,0.0
1791297857.539,python,0.0,0.0
1791297857.539,python,0.09,7.19
1791297857.539,python,0.11,6.21
1791297857.539,python,0.09,5.56
1791297857.539,python,0.06,5.09
1791297857.539,python,0.03,5.35
1791297857.74,python,0.1,23.31
1791297857.74,python,0.0,0.07
1791297857.74,python,0.0,0.06
1791297857.74,python,0.0,0.05
1791297857.74,python,0.0,0.05
1791297857.74,python,0.0,0.06
1791297857.74,python:disk$0,0.0,0.0
1791297857.74,python:sh0,0.0,0.0
1791297857.74,python:traceq0,0.0,0.0
1791297857.74,p:clctxworker0,0.0,0.0
1791297857.74,python,0.0,0.0
1791297857.74,python,0.09,7.28
1791297857.74,python,0.08,6.29
1791297857.74,python,0.04,5.6
1791297857.74,python,0.03,5.12
1791297857.74,python,0.02,5.37
1791297857.942,python,0.11,23.42
1791297857.942,python,0.0,0.07
1791297857.942,python,0.0,0.06
1791297857.942,python,0.0,0.05
1791297857.942,python,0.0,0.05
1791297857.942,python,0.0,0.06
1791297857.942,python:disk$0,0.0,0.0
1791297857.942,python:sh0,0.0,0.0
1791297857.942,python:traceq0,0.0,0.0
1791297857.942,p:clctxworker0,0.0,0.0
1791297857.942,python,0.0,0.0
1791297857.942,python,0.09,7.37
1791297857.942,python,0.08,6.37
1791297857.942,python,0.04,5.64
1791297857.942,python,0.03,5.15
1791297857.942,python,0.02,5.39
1791297858.143,python,0.11,23.53
1791297858.143,python,0.0,0.07
1791297858.143,python,0.0,0.06
1791297858.143,python,0.0,0.05
1791297858.143,python,0.0,0.05
1791297858.143,python,0.0,0.06
1791297858.143,python:disk$0,0.0,0.0
1791297858.143,python:sh0,0.0,0.0
1791297858.143,python:traceq0,0.0,0.0
1791297858.143,p:clctxworker0,0.0,0.0
1791297858.143,python,0.0,0.0
1791297858.143,python,0.11,7.48
1791297858.143,python,0.08,6.45
1791297858.143,python,0.04,5.68
1791297858.143,python,0.03,5.18
1791297858.143,python,0.01,5.4
1791297858.344,python,0.12,23.65
1791297858.344,python,0.0,0.07
1791297858.344,python,0.0,0.06
1791297858.344,python,0.0,0.05
1791297858.344,python,0.0,0.05
1791297858.344,python,0.0,0.06
1791297858.344,python:disk$0,0.0,0.0
1791297858.344,python:sh0,0.0,0.0
1791297858.344,python:traceq0,0.0,0.0
1791297858.344,p:clctxworker0,0.0,0.0
1791297858.344,python,0.0,0.0
1791297858.344,python,0.08,7.56
1791297858.344,python,0.07,6.52
1791297858.344,python,0.04,5.72
1791297858.344,python,0.03,5.21
1791297858.344,python,0.03,5.43
1791297858.545,python,0.14,23.79
1791297858.545,python,0.0,0.07
1791297858.545,python,0.0,0.06
1791297858.545,python,0.0,0.05
1791297858.545,python,0.0,0.05
1791297858.545,python,0.0,0.06
1791297858.545,python:disk$0,0.0,0.0
1791297858.545,python:sh0,0.0,0.0
1791297858.545,python:traceq0,0.0,0.0
1791297858.545,p:clctxworker0,0.0,0.0
1791297858.545,python,0.0,0.0
1791297858.545,python,0.04,7.6
1791297858.545,python,0.05,6.57
1791297858.545,python,0.03,5.75
1791297858.545,python,0.03,5.24
1791297858.545,python,0.03,5.46
1791297858.746,python,0.19,23.98
1791297858.746,python,0.0,0.07
1791297858.746,python,0.0,0.06
1791297858.746,python,0.0,0.05
1791297858.746,python,0.0,0.05
1791297858.746,python,0.0,0.06
1791297858.746,python:disk$0,0.0,0.0
1791297858.746,python:sh0,0.0,0.0
1791297858.746,python:traceq0,0.0,0.0
1791297858.746,p:clctxworker0,0.0,0.0
1791297858.746,python,0.0,0.0
1791297858.746,python,0.0,7.6
1791297858.746,python,0.0,6.57
1791297858.746,python,0.0,5.75
1791297858.746,python,0.0,5.24
1791297858.746,python,0.0,5.46
1791297858.948,python,0.17,24.15
1791297858.948,python,0.0,0.07
1791297858.948,python,0.0,0.06
1791297858.948,python,0.0,0.05
1791297858.948,python,0.0,0.05
1791297858.948,python,0.0,0.06
1791297858.948,python:disk$0,0.0,0.0
1791297858.948,python:sh0,0.0,0.0
1791297858.948,python:traceq0,0.0,0.0
1791297858.948,p:clctxworker0,0.0,0.0
1791297858.948,python,0.0,0.0
1791297858.948,python,0.0,7.6
1791297858.948,python,0.0,6.57
1791297858.948,python,0.0,5.75
1791297858.948,python,0.0,5.24
1791297858.948,python,0.0,5.46
1791297859.149,python,0.2,24.35
1791297859.149,python,0.0,0.07
1791297859.149,python,0.0,0.06
1791297859.149,python,0.0,0.05
1791297859.149,python,0.0,0.05
1791297859.149,python,0.0,0.06
1791297859.149,python:disk$0,0.0,0.0
1791297859.149,python:sh0,0.0,0.0
1791297859.149,python:traceq0,0.0,0.0
1791297859.149,p:clctxworker0,0.0,0.0
1791297859.149,python,0.0,0.0
1791297859.149,python,0.0,7.6
1791297859.149,python,0.0,6.57
1791297859.149,python,0.0,5.75
1791297859.149,python,0.0,5.24
1791297859.149,python,0.0,5.46
1791297859.35,python,0.19,24.54
1791297859.35,python,0.0,0.07
1791297859.35,python,0.0,0.06
1791297859.35,python,0.0,0.05
1791297859.35,python,0.0,0.05
1791297859.35,python,0.0,0.06
1791297859.35,python:disk$0,0.0,0.0
1791297859.35,python:sh0,0.0,0.0
1791297859.35,python:traceq0,0.0,0.0
1791297859.35,p:clctxworker0,0.0,0.0
1791297859.35,python,0.0,0.0
1791297859.35,python,0.0,7.6
1791297859.35,python,0.0,6.57
1791297859.35,python,0.0,5.75
1791297859.35,python,0.0,5.24
1791297859.35,python,0.0,5.46
1791297859.551,python,0.18,24.72
1791297859.551,python,0.0,0.07
1791297859.551,python,0.0,0.06
1791297859.551,python,0.0,0.05
1791297859.551,python,0.0,0.05
1791297859.551,python,0.0,0.06
1791297859.551,python:disk$0,0.0,0.0
1791297859.551,python:sh0,0.0,0.0
1791297859.551,python:traceq0,0.0,0.0
1791297859.551,p:clctxworker0,0.0,0.0
1791297859.551,python,0.0,0.0
1791297859.551,python,0.0,7.6
1791297859.551,python,0.0,6.57
1791297859.551,python,0.0,5.75
1791297859.551,python,0.0,5.24
1791297859.551,python,0.0,5.46
1791297859.752,python,0.2,24.92
1791297859.752,python,0.0,0.07
1791297859.752,python,0.0,0.06
1791297859.752,python,0.0,0.05
1791297859.752,python,0.0,0.05
1791297859.752,python,0.0,0.06
1791297859.752,python:disk$0,0.0,0.0
1791297859.752,python:sh0,0.0,0.0
1791297859.752,python:traceq0,0.0,0.0
1791297859.752,p:clctxworker0,0.0,0.0
1791297859.752,python,0.0,0.0
1791297859.752,python,0.0,7.6
1791297859.752,python,0.0,6.57
1791297859.752,python,0.0,5.75
1791297859.752,python,0.0,5.24
1791297859.752,python,0.0,5.46
1791297859.953,python,0.19,25.11
1791297859.953,python,0.0,0.07
1791297859.953,python,0.0,0.06
1791297859.953,python,0.0,0.05
1791297859.953,python,0.0,0.05
1791297859.953,python,0.0,0.06
1791297859.953,python:disk$0,0.0,0.0
1791297859.953,python:sh0,0.0,0.0
1791297859.953,python:traceq0,0.0,0.0
1791297859.953,p:clctxworker0,0.0,0.0
1791297859.953,python,0.0,0.0
1791297859.953,python,0.0,7.6
1791297859.953,python,0.0,6.57
1791297859.953,python,0.0,5.75
1791297859.953,python,0.0,5.24
1791297859.953,python,0.0,5.46
1791297860.155,python,0.2,25.31
1791297860.155,python,0.0,0.07
1791297860.155,python,0.0,0.06
1791297860.155,python,0.0,0.05
1791297860.155,python,0.0,0.05
1791297860.155,python,0.0,0.06
1791297860.155,python:disk$0,0.0,0.0
1791297860.155,python:sh0,0.0,0.0
1791297860.155,python:traceq0,0.0,0.0
1791297860.155,p:clctxworker0,0.0,0.0
1791297860.155,python,0.0,0.0
1791297860.155,python,0.0,7.6
1791297860.155,python,0.0,6.57
1791297860.155,python,0.0,5.75
1791297860.155,python,0.0,5.24
1791297860.155,python,0.0,5.46
1791297860.356,python,0.18,25.49
1791297860.356,python,0.0,0.07
1791297860.356,python,0.0,0.06
1791297860.356,python,0.0,0.05
1791297860.356,python,0.0,0.05
1791297860.356,python,0.0,0.06
1791297860.356,python:disk$0,0.0,0.0
1791297860.356,python:sh0,0.0,0.0
1791297860.356,python:traceq0,0.0,0.0
1791297860.356,p:clctxworker0,0.0,0.0
1791297860.356,python,0.0,0.0
1791297860.356,python,0.0,7.6
1791297860.356,python,0.0,6.57
1791297860.356,python,0.0,5.75
1791297860.356,python,0.0,5.24
1791297860.356,python,0.0,5.46
1791297860.557,python,0.2,25.69
1791297860.557,python,0.0,0.07
1791297860.557,python,0.0,0.06
1791297860.557,python,0.0,0.05
1791297860.557,python,0.0,0.05
1791297860.557,python,0.0,0.06
1791297860.557,python:disk$0,0.0,0.0
1791297860.557,python:sh0,0.0,0.0
1791297860.557,python:traceq0,0.0,0.0
1791297860.557,p:clctxworker0,0.0,0.0
1791297860.557,python,0.0,0.0
1791297860.557,python,0.0,7.6
1791297860.557,python,0.0,6.57
1791297860.557,python,0.0,5.75
1791297860.557,python,0.0,5.24
1791297860.557,python,0.0,5.46
1791297860.758,python,0.2,25.89
1791297860.758,python,0.0,0.07
1791297860.758,python,0.0,0.06
1791297860.758,python,0.0,0.05
1791297860.758,python,0.0,0.05
1791297860.758,python,0.0,0.06
1791297860.758,python:disk$0,0.0,0.0
1791297860.758,python:sh0,0.0,0.0
1791297860.758,python:traceq0,0.0,0.0
1791297860.758,p:clctxworker0,0.0,0.0
1791297860.758,python,0.0,0.0
1791297860.758,python,0.0,7.6
1791297860.758,python,0.0,6.57
1791297860.758,python,0.0,5.75
1791297860.758,python,0.0,5.24
1791297860.758,python,0.0,5.46
1791297860.959,python,0.19,26.08
1791297860.959,python,0.0,0.07
1791297860.959,python,0.0,0.06
1791297860.959,python,0.0,0.05
1791297860.959,python,0.0,0.05
1791297860.959,python,0.0,0.06
1791297860.959,python:disk$0,0.0,0.0
1791297860.959,python:sh0,0.0,0.0
1791297860.959,python:traceq0,0.0,0.0
1791297860.959,p:clctxworker0,0.0,0.0
1791297860.959,python,0.0,0.0
1791297860.959,python,0.0,7.6
1791297860.959,python,0.0,6.57
1791297860.959,python,0.0,5.75
1791297860.959,python,0.0,5.24
1791297860.959,python,0.0,5.46
1791297861.16,python,0.2,26.28
1791297861.16,python,0.0,0.07
1791297861.16,python,0.0,0.06
1791297861.16,python,0.0,0.05
1791297861.16,python,0.0,0.05
1791297861.16,python,0.0,0.06
1791297861.16,python:disk$0,0.0,0.0
1791297861.16,python:sh0,0.0,0.0
1791297861.16,python:traceq0,0.0,0.0
1791297861.16,p:clctxworker0,0.0,0.0
1791297861.16,python,0.0,0.0
1791297861.16,python,0.0,7.6
1791297861.16,python,0.0,6.57
1791297861.16,python,0.0,5.75
1791297861.16,python,0.0,5.24
1791297861.16,python,0.0,5.46
1791297861.361,python,0.2,26.48
1791297861.361,python,0.0,0.07
1791297861.361,python,0.0,0.06
1791297861.361,python,0.0,0.05
1791297861.361,python,0.0,0.05
1791297861.361,python,0.0,0.06
1791297861.361,python:disk$0,0.0,0.0
1791297861.361,python:sh0,0.0,0.0
1791297861.361,python:traceq0,0.0,0.0
1791297861.361,p:clctxworker0,0.0,0.0
1791297861.361,python,0.0,0.0
1791297861.361,python,0.0,7.6
1791297861.361,python,0.0,6.57
1791297861.361,python,0.0,5.75
1791297861.361,python,0.0,5.24
1791297861.361,python,0.0,5.46
1791297861.562,python,0.2,26.68
1791297861.562,python,0.0,0.07
1791297861.562,python,0.0,0.06
1791297861.562,python,0.0,0.05
1791297861.562,python,0.0,0.05
1791297861.562,python,0.0,0.06
1791297861.562,python:disk$0,0.0,0.0
1791297861.562,python:sh0,0.0,0.0
1791297861.562,python:traceq0,0.0,0.0
1791297861.562,p:clctxworker0,0.0,0.0
1791297861.562,python,0.0,0.0
1791297861.562,python,0.0,7.6
1791297861.562,python,0.0,6.57
1791297861.562,python,0.0,5.75
1791297861.562,python,0.0,5.24
1791297861.562,python,0.0,5.46
1791297861.763,python,0.19,26.87
1791297861.763,python,0.0,0.07
1791297861.763,python,0.0,0.06
1791297861.763,python,0.0,0.05
1791297861.763,python,0.0,0.05
1791297861.763,python,0.0,0.06
1791297861.763,python:disk$0,0.0,0.0
1791297861.763,python:sh0,0.0,0.0
1791297861.763,python:traceq0,0.0,0.0
1791297861.763,p:clctxworker0,0.0,0.0
1791297861.763,python,0.0,0.0
1791297861.763,python,0.0,7.6
1791297861.763,python,0.0,6.57
1791297861.763,python,0.0,5.75
1791297861.763,python,0.0,5.24
1791297861.763,python,0.0,5.46
1791297861.965,python,0.2,27.07
1791297861.965,python,0.0,0.07
1791297861.965,python,0.0,0.06
1791297861.965,python,0.0,0.05
1791297861.965,python,0.0,0.05
1791297861.965,python,0.0,0.06
1791297861.965,python:disk$0,0.0,0.0
1791297861.965,python:sh0,0.0,0.0
1791297861.965,python:traceq0,0.0,0.0
1791297861.965,p:clctxworker0,0.0,0.0
1791297861.965,python,0.0,0.0
1791297861.965,python,0.0,7.6
1791297861.965,python,0.0,6.57
1791297861.965,python,0.0,5.75
1791297861.965,python,0.0,5.24
1791297861.965,python,0.0,5.46
1791297862.166,python,0.15,27.22
1791297862.166,python,0.0,0.07
1791297862.166,python,0.0,0.06
1791297862.166,python,0.0,0.05
1791297862.166,python,0.0,0.05
1791297862.166,python,0.0,0.06
1791297862.166,python:disk$0,0.0,0.0
1791297862.166,python:sh0,0.0,0.0
1791297862.166,python:traceq0,0.0,0.0
1791297862.166,p:clctxworker0,0.0,0.0
1791297862.166,python,0.0,0.0
1791297862.166,python,0.0,7.6
1791297862.166,python,0.0,6.57
1791297862.166,python,0.0,5.75
1791297862.166,python,0.0,5.24
1791297862.166,python,0.0,5.46
1791297862.166,pt_autograd_0,0.0,0.04
1791297862.367,python,0.0,27.22
1791297862.367,python,0.0,0.07
1791297862.367,python,0.0,0.06
1791297862.367,python,0.0,0.05
1791297862.367,python,0.0,0.05
1791297862.367,python,0.0,0.06
1791297862.367,python:disk$0,0.0,0.0
1791297862.367,python:sh0,0.0,0.0
1791297862.367,python:traceq0,0.0,0.0
1791297862.367,p:clctxworker0,0.0,0.0
1791297862.367,python,0.0,0.0
1791297862.367,python,0.0,7.6
1791297862.367,python,0.0,6.57
1791297862.367,python,0.0,5.75
1791297862.367,python,0.0,5.24
1791297862.367,python,0.0,5.46
1791297862.367,pt_autograd_0,0.2,0.24
1791297862.568,python,0.0,27.22
1791297862.568,python,0.0,0.07
1791297862.568,python,0.0,0.06
1791297862.568,python,0.0,0.05
1791297862.568,python,0.0,0.05
1791297862.568,python,0.0,0.06
1791297862.568,python:disk$0,0.0,0.0
1791297862.568,python:sh0,0.0,0.0
1791297862.568,python:traceq0,0.0,0.0
1791297862.568,p:clctxworker0,0.0,0.0
1791297862.568,python,0.0,0.0
1791297862.568,python,0.0,7.6
1791297862.568,python,0.0,6.57
1791297862.568,python,0.0,5.75
1791297862.568,python,0.0,5.24
1791297862.568,python,0.0,5.46
1791297862.568,pt_autograd_0,0.2,0.44
1791297862.769,python,0.0,27.22
1791297862.769,python,0.0,0.07
1791297862.769,python,0.0,0.06
1791297862.769,python,0.0,0.05
1791297862.769,python,0.0,0.05
1791297862.769,python,0.0,0.06
1791297862.769,python:disk$0,0.0,0.0
1791297862.769,python:sh0,0.0,0.0
1791297862.769,python:traceq0,0.0,0.0
1791297862.769,p:clctxworker0,0.0,0.0
1791297862.769,python,0.0,0.0
1791297862.769,python,0.0,7.6
1791297862.769,python,0.0,6.57
1791297862.769,python,0.0,5.75
1791297862.769,python,0.0,5.24
1791297862.769,python,0.0,5.46
1791297862.769,pt_autograd_0,0.19,0.63
1791297862.97,python,0.0,27.22
1791297862.97,python,0.0,0.07
1791297862.97,python,0.0,0.06
1791297862.97,python,0.0,0.05
1791297862.97,python,0.0,0.05
1791297862.97,python,0.0,0.06
1791297862.97,python:disk$0,0.0,0.0
1791297862.97,python:sh0,0.0,0.0
1791297862.97,python:traceq0,0.0,0.0
1791297862.97,p:clctxworker0,0.0,0.0
1791297862.97,python,0.0,0.0
1791297862.97,python,0.0,7.6
1791297862.97,python,0.0,6.57
1791297862.97,python,0.0,5.75
1791297862.97,python,0.0,5.24
1791297862.97,python,0.0,5.46
1791297862.97,pt_autograd_0,0.2,0.83
1791297863.171,python,0.0,27.22
1791297863.171,python,0.0,0.07
1791297863.171,python,0.0,0.06
1791297863.171,python,0.0,0.05
1791297863.171,python,0.0,0.05
1791297863.171,python,0.0,0.06
1791297863.171,python:disk$0,0.0,0.0
1791297863.171,python:sh0,0.0,0.0
1791297863.171,python:traceq0,0.0,0.0
1791297863.171,p:clctxworker0,0.0,0.0
1791297863.171,python,0.0,0.0
1791297863.171,python,0.0,7.6
1791297863.171,python,0.0,6.57
1791297863.171,python,0.0,5.75
1791297863.171,python,0.0,5.24
1791297863.171,python,0.0,5.46
1791297863.171,pt_autograd_0,0.19,1.02
1791297863.372,python,0.0,27.22
1791297863.372,python,0.0,0.07
1791297863.372,python,0.0,0.06
1791297863.372,python,0.0,0.05
1791297863.372,python,0.0,0.05
1791297863.372,python,0.0,0.06
1791297863.372,python:disk$0,0.0,0.0
1791297863.372,python:sh0,0.0,0.0
1791297863.372,python:traceq0,0.0,0.0
1791297863.372,p:clctxworker0,0.0,0.0
1791297863.372,python,0.0,0.0
1791297863.372,python,0.0,7.6
1791297863.372,python,0.0,6.57
1791297863.372,python,0.0,5.75
1791297863.372,python,0.0,5.24
1791297863.372,python,0.0,5.46
1791297863.372,pt_autograd_0,0.19,1.21
1791297863.574,python,0.0,27.22
1791297863.574,python,0.0,0.07
1791297863.574,python,0.0,0.06
1791297863.574,python,0.0,0.05
1791297863.574,python,0.0,0.05
1791297863.574,python,0.0,0.06
1791297863.574,python:disk$0,0.0,0.0
1791297863.574,python:sh0,0.0,0.0
1791297863.574,python:traceq0,0.0,0.0
1791297863.574,p:clctxworker0,0.0,0.0
1791297863.574,python,0.0,0.0
1791297863.574,python,0.0,7.6
1791297863.574,python,0.0,6.57
1791297863.574,python,0.0,5.75
1791297863.574,python,0.0,5.24
1791297863.574,python,0.0,5.46
1791297863.574,pt_autograd_0,0.21,1.42
1791297863.775,python,0.0,27.22
1791297863.775,python,0.0,0.07
1791297863.775,python,0.0,0.06
1791297863.775,python,0.0,0.05
1791297863.775,python,0.0,0.05
1791297863.775,python,0.0,0.06
1791297863.775,python:disk$0,0.0,0.0
1791297863.775,python:sh0,0.0,0.0
1791297863.775,python:traceq0,0.0,0.0
1791297863.775,p:clctxworker0,0.0,0.0
1791297863.775,python,0.0,0.0
1791297863.775,python,0.0,7.6
1791297863.775,python,0.0,6.57
1791297863.775,python,0.0,5.75
1791297863.775,python,0.0,5.24
1791297863.775,python,0.0,5.46
1791297863.775,pt_autograd_0,0.19,1.61
1791297863.976,python,0.0,27.22
1791297863.976,python,0.0,0.07
1791297863.976,python,0.0,0.06
1791297863.976,python,0.0,0.05
1791297863.976,python,0.0,0.05
1791297863.976,python,0.0,0.06
1791297863.976,python:disk$0,0.0,0.0
1791297863.976,python:sh0,0.0,0.0
1791297863.976,python:traceq0,0.0,0.0
1791297863.976,p:clctxworker0,0.0,0.0
1791297863.976,python,0.0,0.0
1791297863.976,python,0.0,7.6
1791297863.976,python,0.0,6.57
1791297863.976,python,0.0,5.75
1791297863.976,python,0.0,5.24
1791297863.976,python,0.0,5.46
1791297863.976,pt_autograd_0,0.19,1.8
1791297864.177,python,0.0,27.22
1791297864.177,python,0.0,0.07
1791297864.177,python,0.0,0.06
1791297864.177,python,0.0,0.05
1791297864.177,python,0.0,0.05
1791297864.177,python,0.0,0.06
1791297864.177,python:disk$0,0.0,0.0
1791297864.177,python:sh0,0.0,0.0
1791297864.177,python:traceq0,0.0,0.0
1791297864.177,p:clctxworker0,0.0,0.0
1791297864.177,python,0.0,0.0
1791297864.177,python,0.0,7.6
1791297864.177,python,0.0,6.57
1791297864.177,python,0.0,5.75
1791297864.177,python,0.0,5.24
1791297864.177,python,0.0,5.46
1791297864.177,pt_autograd_0,0.2,2.0
1791297864.378,python,0.0,27.22
1791297864.378,python,0.0,0.07
1791297864.378,python,0.0,0.06
1791297864.378,python,0.0,0.05
1791297864.378,python,0.0,0.05
1791297864.378,python,0.0,0.06
1791297864.378,python:disk$0,0.0,0.0
1791297864.378,python:sh0,0.0,0.0
1791297864.378,python:traceq0,0.0,0.0
1791297864.378,p:clctxworker0,0.0,0.0
1791297864.378,python,0.0,0.0
1791297864.378,python,0.0,7.6
1791297864.378,python,0.0,6.57
1791297864.378,python,0.0,5.75
1791297864.378,python,0.0,5.24
1791297864.378,python,0.0,5.46
1791297864.378,pt_autograd_0,0.19,2.19
1791297864.579,python,0.0,27.22
1791297864.579,python,0.0,0.07
1791297864.579,python,0.0,0.06
1791297864.579,python,0.0,0.05
1791297864.579,python,0.0,0.05
1791297864.579,python,0.0,0.06
1791297864.579,python:disk$0,0.0,0.0
1791297864.579,python:sh0,0.0,0.0
1791297864.579,python:traceq0,0.0,0.0
1791297864.579,p:clctxworker0,0.0,0.0
1791297864.579,python,0.0,0.0
1791297864.579,python,0.0,7.6
1791297864.579,python,0.0,6.57
1791297864.579,python,0.0,5.75
1791297864.579,python,0.0,5.24
1791297864.579,python,0.0,5.46
1791297864.579,pt_autograd_0,0.2,2.39
1791297864.781,python,0.0,27.22
1791297864.781,python,0.0,0.07
1791297864.781,python,0.0,0.06
1791297864.781,python,0.0,0.05
1791297864.781,python,0.0,0.05
1791297864.781,python,0.0,0.06
1791297864.781,python:disk$0,0.0,0.0
1791297864.781,python:sh0,0.0,0.0
1791297864.781,python:traceq0,0.0,0.0
1791297864.781,p:clctxworker0,0.0,0.0
1791297864.781,python,0.0,0.0
1791297864.781,python,0.0,7.6
1791297864.781,python,0.0,6.57
1791297864.781,python,0.0,5.75
1791297864.781,python,0.0,5.24
1791297864.781,python,0.0,5.46
1791297864.781,pt_autograd_0,0.2,2.59
1791297864.982,python,0.0,27.22
1791297864.982,python,0.0,0.07
1791297864.982,python,0.0,0.06
1791297864.982,python,0.0,0.05
1791297864.982,python,0.0,0.05
1791297864.982,python,0.0,0.06
1791297864.982,python:disk$0,0.0,0.0
1791297864.982,python:sh0,0.0,0.0
1791297864.982,python:traceq0,0.0,0.0
1791297864.982,p:clctxworker0,0.0,0.0
1791297864.982,python,0.0,0.0
1791297864.982,python,0.0,7.6
1791297864.982,python,0.0,6.57
1791297864.982,python,0.0,5.75
1791297864.982,python,0.0,5.24
1791297864.982,python,0.0,5.46
1791297864.982,pt_autograd_0,0.19,2.78
1791297865.183,python,0.0,27.22
1791297865.183,python,0.0,0.07
1791297865.183,python,0.0,0.06
1791297865.183,python,0.0,0.05
1791297865.183,python,0.0,0.05
1791297865.183,python,0.0,0.06
1791297865.183,python:disk$0,0.0,0.0
1791297865.183,python:sh0,0.0,0.0
1791297865.183,python:traceq0,0.0,0.0
1791297865.183,p:clctxworker0,0.0,0.0
1791297865.183,python,0.0,0.0
1791297865.183,python,0.0,7.6
1791297865.183,python,0.0,6.57
1791297865.183,python,0.0,5.75
1791297865.183,python,0.0,5.24
1791297865.183,python,0.0,5.46
1791297865.183,pt_autograd_0,0.2,2.98
1791297865.384,python,0.0,27.22
1791297865.384,python,0.0,0.07
1791297865.384,python,0.0,0.06
1791297865.384,python,0.0,0.05
1791297865.384,python,0.0,0.05
1791297865.384,python,0.0,0.06
1791297865.384,python:disk$0,0.0,0.0
1791297865.384,python:sh0,0.0,0.0
1791297865.384,python:traceq0,0.0,0.0
1791297865.384,p:clctxworker0,0.0,0.0
1791297865.384,python,0.0,0.0
1791297865.384,python,0.0,7.6
1791297865.384,python,0.0,6.57
1791297865.384,python,0.0,5.75
1791297865.384,python,0.0,5.24
1791297865.384,python,0.0,5.46
1791297865.384,pt_autograd_0,0.21,3.19
1791297865.585,python,0.0,27.22
1791297865.585,python,0.0,0.07
1791297865.585,python,0.0,0.06
1791297865.585,python,0.0,0.05
1791297865.585,python,0.0,0.05
1791297865.585,python,0.0,0.06
1791297865.585,python:disk$0,0.0,0.0
1791297865.585,python:sh0,0.0,0.0
1791297865.585,python:traceq0,0.0,0.0
1791297865.585,p:clctxworker0,0.0,0.0
1791297865.585,python,0.0,0.0
1791297865.585,python,0.0,7.6
1791297865.585,python,0.0,6.57
1791297865.585,python,0.0,5.75
1791297865.585,python,0.0,5.24
1791297865.585,python,0.0,5.46
1791297865.585,pt_autograd_0,0.2,3.39
1791297865.786,python,0.06,27.28
1791297865.786,python,0.0,0.07
1791297865.786,python,0.0,0.06
1791297865.786,python,0.0,0.05
1791297865.786,python,0.0,0.05
1791297865.786,python,0.0,0.06
1791297865.786,python:disk$0,0.0,0.0
1791297865.786,python:sh0,0.0,0.0
1791297865.786,python:traceq0,0.0,0.0
1791297865.786,p:clctxworker0,0.0,0.0
1791297865.786,python,0.0,0.0
1791297865.786,python,0.0,7.6
1791297865.786,python,0.0,6.57
1791297865.786,python,0.0,5.75
1791297865.786,python,0.0,5.24
1791297865.786,python,0.0,5.46
1791297865.786,pt_autograd_0,0.1,3.49
1791297865.988,python,0.18,27.46
1791297865.988,python,0.0,0.07
1791297865.988,python,0.0,0.06
1791297865.988,python,0.0,0.05
1791297865.988,python,0.0,0.05
1791297865.988,python,0.0,0.06
1791297865.988,python:disk$0,0.0,0.0
1791297865.988,python:sh0,0.0,0.0
1791297865.988,python:traceq0,0.0,0.0
1791297865.988,p:clctxworker0,0.0,0.0
1791297865.988,python,0.0,0.0
1791297865.988,python,0.0,7.6
1791297865.988,python,0.0,6.57
1791297865.988,python,0.0,5.75
1791297865.988,python,0.0,5.24
1791297865.988,python,0.0,5.46
1791297865.988,pt_autograd_0,0.0,3.49
1791297866.189,python,0.21,27.67
1791297866.189,python,0.0,0.07
1791297866.189,python,0.0,0.06
1791297866.189,python,0.0,0.05
1791297866.189,python,0.0,0.05
1791297866.189,python,0.0,0.06
1791297866.189,python:disk$0,0.0,0.0
1791297866.189,python:sh0,0.0,0.0
1791297866.189,python:traceq0,0.0,0.0
1791297866.189,p:clctxworker0,0.0,0.0
1791297866.189,python,0.0,0.0
1791297866.189,python,0.0,7.6
1791297866.189,python,0.0,6.57
1791297866.189,python,0.0,5.75
1791297866.189,python,0.0,5.24
1791297866.189,python,0.0,5.46
1791297866.189,pt_autograd_0,0.0,3.49
1791297866.39,python,0.2,27.87
1791297866.39,python,0.0,0.07
1791297866.39,python,0.0,0.06
1791297866.39,python,0.0,0.05
1791297866.39,python,0.0,0.05
1791297866.39,python,0.0,0.06
1791297866.39,python:disk$0,0.0,0.0
1791297866.39,python:sh0,0.0,0.0
1791297866.39,python:traceq0,0.0,0.0
1791297866.39,p:clctxworker0,0.0,0.0
1791297866.39,python,0.0,0.0
1791297866.39,python,0.0,7.6
1791297866.39,python,0.0,6.57
1791297866.39,python,0.0,5.75
1791297866.39,python,0.0,5.24
1791297866.39,python,0.0,5.46
1791297866.39,pt_autograd_0,0.0,3.49
1791297866.591,python,0.19,28.06
1791297866.591,python,0.0,0.07
1791297866.591,python,0.0,0.06
1791297866.591,python,0.0,0.05
1791297866.591,python,0.0,0.05
1791297866.591,python,0.0,0.06
1791297866.591,python:disk$0,0.0,0.0
1791297866.591,python:sh0,0.0,0.0
1791297866.591,python:traceq0,0.0,0.0
1791297866.591,p:clctxworker0,0.0,0.0
1791297866.591,python,0.0,0.0
1791297866.591,python,0.0,7.6
1791297866.591,python,0.0,6.57
1791297866.591,python,0.0,5.75
1791297866.591,python,0.0,5.24
1791297866.591,python,0.0,5.46
1791297866.591,pt_autograd_0,0.0,3.49
1791297866.792,python,0.21,28.27
1791297866.792,python,0.0,0.07
1791297866.792,python,0.0,0.06
1791297866.792,python,0.0,0.05
1791297866.792,python,0.0,0.05
1791297866.792,python,0.0,0.06
1791297866.792,python:disk$0,0.0,0.0
1791297866.792,python:sh0,0.0,0.0
1791297866.792,python:traceq0,0.0,0.0
1791297866.792,p:clctxworker0,0.0,0.0
1791297866.792,python,0.0,0.0
1791297866.792,python,0.0,7.6
1791297866.792,python,0.0,6.57
1791297866.792,python,0.0,5.75
1791297866.792,python,0.0,5.24
1791297866.792,python,0.0,5.46
1791297866.792,pt_autograd_0,0.0,3.49
1791297866.993,python,0.2,28.47
1791297866.993,python,0.0,0.07
1791297866.993,python,0.0,0.06
1791297866.993,python,0.0,0.05
1791297866.993,python,0.0,0.05
1791297866.993,python,0.0,0.06
1791297866.993,python:disk$0,0.0,0.0
1791297866.993,python:sh0,0.0,0.0
1791297866.993,python:traceq0,0.0,0.0
1791297866.993,p:clctxworker0,0.0,0.0
1791297866.993,python,0.0,0.0
1791297866.993,python,0.0,7.6
1791297866.993,python,0.0,6.57
1791297866.993,python,0.0,5.75
1791297866.993,python,0.0,5.24
1791297866.993,python,0.0,5.46
1791297866.993,pt_autograd_0,0.0,3.49
1791297867.195,python,0.2,28.67
1791297867.195,python,0.0,0.07
1791297867.195,python,0.0,0.06
1791297867.195,python,0.0,0.05
1791297867.195,python,0.0,0.05
1791297867.195,python,0.0,0.06
1791297867.195,python:disk$0,0.0,0.0
1791297867.195,python:sh0,0.0,0.0
1791297867.195,python:traceq0,0.0,0.0
1791297867.195,p:clctxworker0,0.0,0.0
1791297867.195,python,0.0,0.0
1791297867.195,python,0.0,7.6
1791297867.195,python,0.0,6.57
1791297867.195,python,0.0,5.75
1791297867.195,python,0.0,5.24
1791297867.195,python,0.0,5.46
1791297867.195,pt_autograd_0,0.0,3.49
1791297867.396,python,0.1,28.77
1791297867.396,python,0.0,0.07
1791297867.396,python,0.0,0.06
1791297867.396,python,0.0,0.05
1791297867.396,python,0.0,0.05
1791297867.396,python,0.0,0.06
1791297867.396,python:disk$0,0.0,0.0
1791297867.396,python:sh0,0.0,0.0
1791297867.396,python:traceq0,0.0,0.0
1791297867.396,p:clctxworker0,0.0,0.0
1791297867.396,python,0.0,0.0
1791297867.396,python,0.0,7.6
1791297867.396,python,0.0,6.57
1791297867.396,python,0.0,5.75
1791297867.396,python,0.0,5.24
1791297867.396,python,0.0,5.46
1791297867.396,pt_autograd_0,0.1,3.59
1791297867.597,python,0.0,28.77
1791297867.597,python,0.0,0.07
1791297867.597,python,0.0,0.06
1791297867.597,python,0.0,0.05
1791297867.597,python,0.0,0.05
1791297867.597,python,0.0,0.06
1791297867.597,python:disk$0,0.0,0.0
1791297867.597,python:sh0,0.0,0.0
1791297867.597,python:traceq0,0.0,0.0
1791297867.597,p:clctxworker0,0.0,0.0
1791297867.597,python,0.0,0.0
1791297867.597,python,0.0,7.6
1791297867.597,python,0.0,6.57
1791297867.597,python,0.0,5.75
1791297867.597,python,0.0,5.24
1791297867.597,python,0.0,5.46
1791297867.597,pt_autograd_0,0.2,3.79
1791297867.798,python,0.0,28.77
1791297867.798,python,0.0,0.07
1791297867.798,python,0.0,0.06
1791297867.798,python,0.0,0.05
1791297867.798,python,0.0,0.05
1791297867.798,python,0.0,0.06
1791297867.798,python:disk$0,0.0,0.0
1791297867.798,python:sh0,0.0,0.0
1791297867.798,python:traceq0,0.0,0.0
1791297867.798,p:clctxworker0,0.0,0.0
1791297867.798,python,0.0,0.0
1791297867.798,python,0.0,7.6
1791297867.798,python,0.0,6.57
1791297867.798,python,0.0,5.75
1791297867.798,python,0.0,5.24
1791297867.798,python,0.0,5.46
1791297867.798,pt_autograd_0,0.2,3.99
1791297867.999,python,0.0,28.77
1791297867.999,python,0.0,0.07
1791297867.999,python,0.0,0.06
1791297867.999,python,0.0,0.05
1791297867.999,python,0.0,0.05
1791297867.999,python,0.0,0.06
1791297867.999,python:disk$0,0.0,0.0
1791297867.999,python:sh0,0.0,0.0
1791297867.999,python:traceq0,0.0,0.0
1791297867.999,p:clctxworker0,0.0,0.0
1791297867.999,python,0.0,0.0
1791297867.999,python,0.0,7.6
1791297867.999,python,0.0,6.57
1791297867.999,python,0.0,5.75
1791297867.999,python,0.0,5.24
1791297867.999,python,0.0,5.46
1791297867.999,pt_autograd_0,0.2,4.19
1791297868.2,python,0.0,28.77
1791297868.2,python,0.0,0.07
1791297868.2,python,0.0,0.06
1791297868.2,python,0.0,0.05
1791297868.2,python,0.0,0.05
1791297868.2,python,0.0,0.06
1791297868.2,python:disk$0,0.0,0.0
1791297868.2,python:sh0,0.0,0.0
1791297868.2,python:traceq0,0.0,0.0
1791297868.2,p:clctxworker0,0.0,0.0
1791297868.2,python,0.0,0.0
1791297868.2,python,0.0,7.6
1791297868.2,python,0.0,6.57
1791297868.2,python,0.0,5.75
1791297868.2,python,0.0,5.24
1791297868.2,python,0.0,5.46
1791297868.2,pt_autograd_0,0.2,4.39
1791297868.401,python,0.0,28.77
1791297868.401,python,0.0,0.07
1791297868.401,python,0.0,0.06
1791297868.401,python,0.0,0.05
1791297868.401,python,0.0,0.05
1791297868.401,python,0.0,0.06
1791297868.401,python:disk$0,0.0,0.0
1791297868.401,python:sh0,0.0,0.0
1791297868.401,python:traceq0,0.0,0.0
1791297868.401,p:clctxworker0,0.0,0.0
1791297868.401,python,0.0,0.0
1791297868.401,python,0.0,7.6
1791297868.401,python,0.0,6.57
1791297868.401,python,0.0,5.75
1791297868.401,python,0.0,5.24
1791297868.401,python,0.0,5.46
1791297868.401,pt_autograd_0,0.21,4.6
1791297868.603,python,0.0,28.77
1791297868.603,python,0.0,0.07
1791297868.603,python,0.0,0.06
1791297868.603,python,0.0,0.05
1791297868.603,python,0.0,0.05
1791297868.603,python,0.0,0.06
1791297868.603,python:disk$0,0.0,0.0
1791297868.603,python:sh0,0.0,0.0
1791297868.603,python:traceq0,0.0,0.0
1791297868.603,p:clctxworker0,0.0,0.0
1791297868.603,python,0.0,0.0
1791297868.603,python,0.0,7.6
1791297868.603,python,0.0,6.57
1791297868.603,python,0.0,5.75
1791297868.603,python,0.0,5.24
1791297868.603,python,0.0,5.46
1791297868.603,pt_autograd_0,0.19,4.79
1791297868.804,python,0.0,28.77
1791297868.804,python,0.0,0.07
1791297868.804,python,0.0,0.06
1791297868.804,python,0.0,0.05
1791297868.804,python,0.0,0.05
1791297868.804,python,0.0,0.06
1791297868.804,python:disk$0,0.0,0.0
1791297868.804,python:sh0,0.0,0.0
1791297868.804,python:traceq0,0.0,0.0
1791297868.804,p:clctxworker0,0.0,0.0
1791297868.804,python,0.0,0.0
1791297868.804,python,0.0,7.6
1791297868.804,python,0.0,6.57
1791297868.804,python,0.0,5.75
1791297868.804,python,0.0,5.24
1791297868.804,python,0.0,5.46
1791297868.804,pt_autograd_0,0.2,4.99
1791297869.005,python,0.0,28.77
1791297869.005,python,0.0,0.07
1791297869.005,python,0.0,0.06
1791297869.005,python,0.0,0.05
1791297869.005,python,0.0,0.05
1791297869.005,python,0.0,0.06
1791297869.005,python:disk$0,0.0,0.0
1791297869.005,python:sh0,0.0,0.0
1791297869.005,python:traceq0,0.0,0.0
1791297869.005,p:clctxworker0,0.0,0.0
1791297869.005,python,0.0,0.0
1791297869.005,python,0.0,7.6
1791297869.005,python,0.0,6.57
1791297869.005,python,0.0,5.75
1791297869.005,python,0.0,5.24
1791297869.005,python,0.0,5.46
1791297869.005,pt_autograd_0,0.19,5.18
1791297869.206,python,0.0,28.77
1791297869.206,python,0.0,0.07
1791297869.206,python,0.0,0.06
1791297869.206,python,0.0,0.05
1791297869.206,python,0.0,0.05
1791297869.206,python,0.0,0.06
1791297869.206,python:disk$0,0.0,0.0
1791297869.206,python:sh0,0.0,0.0
1791297869.206,python:traceq0,0.0,0.0
1791297869.206,p:clctxworker0,0.0,0.0
1791297869.206,python,0.0,0.0
1791297869.206,python,0.0,7.6
1791297869.206,python,0.0,6.57
1791297869.206,python,0.0,5.75
1791297869.206,python,0.0,5.24
1791297869.206,python,0.0,5.46
1791297869.206,pt_autograd_0,0.2,5.38
1791297869.409,python,0.0,28.77
1791297869.409,python,0.0,0.07
1791297869.409,python,0.0,0.06
1791297869.409,python,0.0,0.05
1791297869.409,python,0.0,0.05
1791297869.409,python,0.0,0.06
1791297869.409,python:disk$0,0.0,0.0
1791297869.409,python:sh0,0.0,0.0
1791297869.409,python:traceq0,0.0,0.0
1791297869.409,p:clctxworker0,0.0,0.0
1791297869.409,python,0.0,0.0
1791297869.409,python,0.0,7.6
1791297869.409,python,0.0,6.57
1791297869.409,python,0.0,5.75
1791297869.409,python,0.0,5.24
1791297869.409,python,0.0,5.46
1791297869.409,pt_autograd_0,0.2,5.58
1791297869.61,python,0.0,28.77
1791297869.61,python,0.0,0.07
1791297869.61,python,0.0,0.06
1791297869.61,python,0.0,0.05
1791297869.61,python,0.0,0.05
1791297869.61,python,0.0,0.06
1791297869.61,python:disk$0,0.0,0.0
1791297869.61,python:sh0,0.0,0.0
1791297869.61,python:traceq0,0.0,0.0
1791297869.61,p:clctxworker0,0.0,0.0
1791297869.61,python,0.0,0.0
1791297869.61,python,0.0,7.6
1791297869.61,python,0.0,6.57
1791297869.61,python,0.0,5.75
1791297869.61,python,0.0,5.24
1791297869.61,python,0.0,5.46
1791297869.61,pt_autograd_0,0.2,5.78
1791297869.811,python,0.1,28.87
1791297869.811,python,0.0,0.07
1791297869.811,python,0.0,0.06
1791297869.811,python,0.0,0.05
1791297869.811,python,0.0,0.05
1791297869.811,python,0.0,0.06
1791297869.811,python:disk$0,0.0,0.0
1791297869.811,python:sh0,0.0,0.0
1791297869.811,python:traceq0,0.0,0.0
1791297869.811,p:clctxworker0,0.0,0.0
1791297869.811,python,0.0,0.0
1791297869.811,python,0.0,7.6
1791297869.811,python,0.0,6.57
1791297869.811,python,0.0,5.75
1791297869.811,python,0.0,5.24
1791297869.811,python,0.0,5.46
1791297869.811,pt_autograd_0,0.1,5.88
1791297870.012,python,0.2,29.07
1791297870.012,python,0.0,0.07
1791297870.012,python,0.0,0.06
1791297870.012,python,0.0,0.05
1791297870.012,python,0.0,0.05
1791297870.012,python,0.0,0.06
1791297870.012,python:disk$0,0.0,0.0
1791297870.012,python:sh0,0.0,0.0
1791297870.012,python:traceq0,0.0,0.0
1791297870.012,p:clctxworker0,0.0,0.0
1791297870.012,python,0.0,0.0
1791297870.012,python,0.0,7.6
1791297870.012,python,0.0,6.57
1791297870.012,python,0.0,5.75
1791297870.012,python,0.0,5.24
1791297870.012,python,0.0,5.46
1791297870.012,pt_autograd_0,0.0,5.88
1791297870.213,python,0.2,29.27
1791297870.213,python,0.0,0.07
1791297870.213,python,0.0,0.06
1791297870.213,python,0.0,0.05
1791297870.213,python,0.0,0.05
1791297870.213,python,0.0,0.06
1791297870.213,python:disk$0,0.0,0.0
1791297870.213,python:sh0,0.0,0.0
1791297870.213,python:traceq0,0.0,0.0
1791297870.213,p:clctxworker0,0.0,0.0
1791297870.213,python,0.0,0.0
1791297870.213,python,0.0,7.6
1791297870.213,python,0.0,6.57
1791297870.213,python,0.0,5.75
1791297870.213,python,0.0,5.24
1791297870.213,python,0.0,5.46
1791297870.213,pt_autograd_0,0.0,5.88
1791297870.414,python,0.2,29.47
1791297870.414,python,0.0,0.07
1791297870.414,python,0.0,0.06
1791297870.414,python,0.0,0.05
1791297870.414,python,0.0,0.05
1791297870.414,python,0.0,0.06
1791297870.414,python:disk$0,0.0,0.0
1791297870.414,python:sh0,0.0,0.0
1791297870.414,python:traceq0,0.0,0.0
1791297870.414,p:clctxworker0,0.0,0.0
1791297870.414,python,0.0,0.0
1791297870.414,python,0.0,7.6
1791297870.414,python,0.0,6.57
1791297870.414,python,0.0,5.75
1791297870.414,python,0.0,5.24
1791297870.414,python,0.0,5.46
1791297870.414,pt_autograd_0,0.0,5.88
1791297870.615,python,0.2,29.67
1791297870.615,python,0.0,0.07
1791297870.615,python,0.0,0.06
1791297870.615,python,0.0,0.05
1791297870.615,python,0.0,0.05
1791297870.615,python,0.0,0.06
1791297870.615,python:disk$0,0.0,0.0
1791297870.615,python:sh0,0.0,0.0
1791297870.615,python:traceq0,0.0,0.0
1791297870.615,p:clctxworker0,0.0,0.0
1791297870.615,python,0.0,0.0
1791297870.615,python,0.0,7.6
1791297870.615,python,0.0,6.57
1791297870.615,python,0.0,5.75
1791297870.615,python,0.0,5.24
1791297870.615,python,0.0,5.46
1791297870.615,pt_autograd_0,0.0,5.88
1791297870.817,python,0.2,29.87
1791297870.817,python,0.0,0.07
1791297870.817,python,0.0,0.06
1791297870.817,python,0.0,0.05
1791297870.817,python,0.0,0.05
1791297870.817,python,0.0,0.06
1791297870.817,python:disk$0,0.0,0.0
1791297870.817,python:sh0,0.0,0.0
1791297870.817,python:traceq0,0.0,0.0
1791297870.817,p:clctxworker0,0.0,0.0
1791297870.817,python,0.0,0.0
1791297870.817,python,0.0,7.6
1791297870.817,python,0.0,6.57
1791297870.817,python,0.0,5.75
1791297870.817,python,0.0,5.24
1791297870.817,python,0.0,5.46
1791297870.817,pt_autograd_0,0.0,5.88
1791297871.018,python,0.19,30.06
1791297871.018,python,0.0,0.07
1791297871.018,python,0.0,0.06
1791297871.018,python,0.0,0.05
1791297871.018,python,0.0,0.05
1791297871.018,python,0.0,0.06
1791297871.018,python:disk$0,0.0,0.0
1791297871.018,python:sh0,0.0,0.0
1791297871.018,python:traceq0,0.0,0.0
1791297871.018,p:clctxworker0,0.0,0.0
1791297871.018,python,0.0,0.0
1791297871.018,python,0.0,7.6
1791297871.018,python,0.0,6.57
1791297871.018,python,0.0,5.75
1791297871.018,python,0.0,5.24
1791297871.018,python,0.0,5.46
1791297871.018,pt_autograd_0,0.0,5.88
1791297871.219,python,0.01,30.07
1791297871.219,python,0.0,0.07
1791297871.219,python,0.0,0.06
1791297871.219,python,0.0,0.05
1791297871.219,python,0.0,0.05
1791297871.219,python,0.0,0.06
1791297871.219,python:disk$0,0.0,0.0
1791297871.219,python:sh0,0.0,0.0
1791297871.219,python:traceq0,0.0,0.0
1791297871.219,p:clctxworker0,0.0,0.0
1791297871.219,python,0.0,0.0
1791297871.219,python,0.0,7.6
1791297871.219,python,0.0,6.57
1791297871.219,python,0.0,5.75
1791297871.219,python,0.0,5.24
1791297871.219,python,0.0,5.46
1791297871.219,pt_autograd_0,0.19,6.07
1791297871.42,python,0.0,30.07
1791297871.42,python,0.0,0.07
1791297871.42,python,0.0,0.06
1791297871.42,python,0.0,0.05
1791297871.42,python,0.0,0.05
1791297871.42,python,0.0,0.06
1791297871.42,python:disk$0,0.0,0.0
1791297871.42,python:sh0,0.0,0.0
1791297871.42,python:traceq0,0.0,0.0
1791297871.42,p:clctxworker0,0.0,0.0
1791297871.42,python,0.0,0.0
1791297871.42,python,0.0,7.6
1791297871.42,python,0.0,6.57
1791297871.42,python,0.0,5.75
1791297871.42,python,0.0,5.24
1791297871.42,python,0.0,5.46
1791297871.42,pt_autograd_0,0.2,6.27
1791297871.621,python,0.0,30.07
1791297871.621,python,0.0,0.07
1791297871.621,python,0.0,0.06
1791297871.621,python,0.0,0.05
1791297871.621,python,0.0,0.05
1791297871.621,python,0.0,0.06
1791297871.621,python:disk$0,0.0,0.0
1791297871.621,python:sh0,0.0,0.0
1791297871.621,python:traceq0,0.0,0.0
1791297871.621,p:clctxworker0,0.0,0.0
1791297871.621,python,0.0,0.0
1791297871.621,python,0.0,7.6
1791297871.621,python,0.0,6.57
1791297871.621,python,0.0,5.75
1791297871.621,python,0.0,5.24
1791297871.621,python,0.0,5.46
1791297871.621,pt_autograd_0,0.21,6.48
1791297871.822,python,0.0,30.07
1791297871.822,python,0.0,0.07
1791297871.822,python,0.0,0.06
1791297871.822,python,0.0,0.05
1791297871.822,python,0.0,0.05
1791297871.822,python,0.0,0.06
1791297871.822,python:disk$0,0.0,0.0
1791297871.822,python:sh0,0.0,0.0
1791297871.822,python:traceq0,0.0,0.0
1791297871.822,p:clctxworker0,0.0,0.0
1791297871.822,python,0.0,0.0
1791297871.822,python,0.0,7.6
1791297871.822,python,0.0,6.57
1791297871.822,python,0.0,5.75
1791297871.822,python,0.0,5.24
1791297871.822,python,0.0,5.46
1791297871.822,pt_autograd_0,0.19,6.67
1791297872.024,python,0.0,30.07
1791297872.024,python,0.0,0.07
1791297872.024,python,0.0,0.06
1791297872.024,python,0.0,0.05
1791297872.024,python,0.0,0.05
1791297872.024,python,0.0,0.06
1791297872.024,python:disk$0,0.0,0.0
1791297872.024,python:sh0,0.0,0.0
1791297872.024,python:traceq0,0.0,0.0
1791297872.024,p:clctxworker0,0.0,0.0
1791297872.024,python,0.0,0.0
1791297872.024,python,0.0,7.6
1791297872.024,python,0.0,6.57
1791297872.024,python,0.0,5.75
1791297872.024,python,0.0,5.24
1791297872.024,python,0.0,5.46
1791297872.024,pt_autograd_0,0.19,6.86
1791297872.225,python,0.0,30.07
1791297872.225,python,0.0,0.07
1791297872.225,python,0.0,0.06
1791297872.225,python,0.0,0.05
1791297872.225,python,0.0,0.05
1791297872.225,python,0.0,0.06
1791297872.225,python:disk$0,0.0,0.0
1791297872.225,python:sh0,0.0,0.0
1791297872.225,python:traceq0,0.0,0.0
1791297872.225,p:clctxworker0,0.0,0.0
1791297872.225,python,0.0,0.0
1791297872.225,python,0.0,7.6
1791297872.225,python,0.0,6.57
1791297872.225,python,0.0,5.75
1791297872.225,python,0.0,5.24
1791297872.225,python,0.0,5.46
1791297872.225,pt_autograd_0,0.21,7.07
1791297872.426,python,0.0,30.07
1791297872.426,python,0.0,0.07
1791297872.426,python,0.0,0.06
1791297872.426,python,0.0,0.05
1791297872.426,python,0.0,0.05
1791297872.426,python,0.0,0.06
1791297872.426,python:disk$0,0.0,0.0
1791297872.426,python:sh0,0.0,0.0
1791297872.426,python:traceq0,0.0,0.0
1791297872.426,p:clctxworker0,0.0,0.0
1791297872.426,python,0.0,0.0
1791297872.426,python,0.0,7.6
1791297872.426,python,0.0,6.57
1791297872.426,python,0.0,5.75
1791297872.426,python,0.0,5.24
1791297872.426,python,0.0,5.46
1791297872.426,pt_autograd_0,0.2,7.27
1791297872.627,python,0.0,30.07
1791297872.627,python,0.0,0.07
1791297872.627,python,0.0,0.06
1791297872.627,python,0.0,0.05
1791297872.627,python,0.0,0.05
1791297872.627,python,0.0,0.06
1791297872.627,python:disk$0,0.0,0.0
1791297872.627,python:sh0,0.0,0.0
1791297872.627,python:traceq0,0.0,0.0
1791297872.627,p:clctxworker0,0.0,0.0
1791297872.627,python,0.0,0.0
1791297872.627,python,0.0,7.6
1791297872.627,python,0.0,6.57
1791297872.627,python,0.0,5.75
1791297872.627,python,0.0,5.24
1791297872.627,python,0.0,5.46
1791297872.627,pt_autograd_0,0.2,7.47
1791297872.828,python,0.0,30.07
1791297872.828,python,0.0,0.07
1791297872.828,python,0.0,0.06
1791297872.828,python,0.0,0.05
1791297872.828,python,0.0,0.05
1791297872.828,python,0.0,0.06
1791297872.828,python:disk$0,0.0,0.0
1791297872.828,python:sh0,0.0,0.0
1791297872.828,python:traceq0,0.0,0.0
1791297872.828,p:clctxworker0,0.0,0.0
1791297872.828,python,0.01,0.01
1791297872.828,python,0.0,7.6
1791297872.828,python,0.0,6.57
1791297872.828,python,0.0,5.75
1791297872.828,python,0.0,5.24
1791297872.828,python,0.0,5.46
1791297872.828,pt_autograd_0,0.2,7.67
1791297873.029,python,0.0,30.07
1791297873.029,python,0.0,0.07
1791297873.029,python,0.0,0.06
1791297873.029,python,0.0,0.05
1791297873.029,python,0.0,0.05
1791297873.029,python,0.0,0.06
1791297873.029,python:disk$0,0.0,0.0
1791297873.029,python:sh0,0.0,0.0
1791297873.029,python:traceq0,0.0,0.0
1791297873.029,p:clctxworker0,0.0,0.0
1791297873.029,python,0.0,0.01
1791297873.029,python,0.0,7.6
1791297873.029,python,0.0,6.57
1791297873.029,python,0.0,5.75
1791297873.029,python,0.0,5.24
1791297873.029,python,0.0,5.46
1791297873.029,pt_autograd_0,0.2,7.87
1791297873.231,python,0.0,30.07
1791297873.231,python,0.0,0.07
1791297873.231,python,0.0,0.06
1791297873.231,python,0.0,0.05
1791297873.231,python,0.0,0.05
1791297873.231,python,0.0,0.06
1791297873.231,python:disk$0,0.0,0.0
1791297873.231,python:sh0,0.0,0.0
1791297873.231,python:traceq0,0.0,0.0
1791297873.231,p:clctxworker0,0.0,0.0
1791297873.231,python,0.0,0.01
1791297873.231,python,0.0,7.6
1791297873.231,python,0.0,6.57
1791297873.231,python,0.0,5.75
1791297873.231,python,0.0,5.24
1791297873.231,python,0.0,5.46
1791297873.231,pt_autograd_0,0.2,8.07
1791297873.432,python,0.02,30.09
1791297873.432,python,0.0,0.07
1791297873.432,python,0.0,0.06
1791297873.432,python,0.0,0.05
1791297873.432,python,0.0,0.05
1791297873.432,python,0.0,0.06
1791297873.432,python:disk$0,0.0,0.0
1791297873.432,python:sh0,0.0,0.0
1791297873.432,python:traceq0,0.0,0.0
1791297873.432,p:clctxworker0,0.0,0.0
1791297873.432,python,0.0,0.01
1791297873.432,python,0.0,7.6
1791297873.432,python,0.0,6.57
1791297873.432,python,0.0,5.75
1791297873.432,python,0.0,5.24
1791297873.432,python,0.0,5.46
1791297873.432,pt_autograd_0,0.17,8.24
1791297873.633,python,0.2,30.29
1791297873.633,python,0.0,0.07
1791297873.633,python,0.0,0.06
1791297873.633,python,0.0,0.05
1791297873.633,python,0.0,0.05
1791297873.633,python,0.0,0.06
1791297873.633,python:disk$0,0.0,0.0
1791297873.633,python:sh0,0.0,0.0
1791297873.633,python:traceq0,0.0,0.0
1791297873.633,p:clctxworker0,0.0,0.0
1791297873.633,python,0.0,0.01
1791297873.633,python,0.0,7.6
1791297873.633,python,0.0,6.57
1791297873.633,python,0.0,5.75
1791297873.633,python,0.0,5.24
1791297873.633,python,0.0,5.46
1791297873.633,pt_autograd_0,0.0,8.24
1791297873.834,python,0.2,30.49
1791297873.834,python,0.0,0.07
1791297873.834,python,0.0,0.06
1791297873.834,python,0.0,0.05
1791297873.834,python,0.0,0.05
1791297873.834,python,0.0,0.06
1791297873.834,python:disk$0,0.0,0.0
1791297873.834,python:sh0,0.0,0.0
1791297873.834,python:traceq0,0.0,0.0
1791297873.834,p:clctxworker0,0.0,0.0
1791297873.834,python,0.0,0.01
1791297873.834,python,0.0,7.6
1791297873.834,python,0.0,6.57
1791297873.834,python,0.0,5.75
1791297873.834,python,0.0,5.24
1791297873.834,python,0.0,5.46
1791297873.834,pt_autograd_0,0.0,8.24
1791297874.035,python,0.2,30.69
1791297874.035,python,0.0,0.07
1791297874.035,python,0.0,0.06
1791297874.035,python,0.0,0.05
1791297874.035,python,0.0,0.05
1791297874.035,python,0.0,0.06
1791297874.035,python:disk$0,0.0,0.0
1791297874.035,python:sh0,0.0,0.0
1791297874.035,python:traceq0,0.0,0.0
1791297874.035,p:clctxworker0,0.0,0.0
1791297874.035,python,0.0,0.01
1791297874.035,python,0.0,7.6
1791297874.035,python,0.0,6.57
1791297874.035,python,0.0,5.75
1791297874.035,python,0.0,5.24
1791297874.035,python,0.0,5.46
1791297874.035,pt_autograd_0,0.0,8.24
1791297874.236,python,0.21,30.9
1791297874.236,python,0.0,0.07
1791297874.236,python,0.0,0.06
1791297874.236,python,0.0,0.05
1791297874.236,python,0.0,0.05
1791297874.236,python,0.0,0.06
1791297874.236,python:disk$0,0.0,0.0
1791297874.236,python:sh0,0.0,0.0
1791297874.236,python:traceq0,0.0,0.0
1791297874.236,p:clctxworker0,0.0,0.0
1791297874.236,python,0.0,0.01
1791297874.236,python,0.0,7.6
1791297874.236,python,0.0,6.57
1791297874.236,python,0.0,5.75
1791297874.236,python,0.0,5.24
1791297874.236,python,0.0,5.46
1791297874.236,pt_autograd_0,0.0,8.24
1791297874.438,python,0.19,31.09
1791297874.438,python,0.0,0.07
1791297874.438,python,0.0,0.06
1791297874.438,python,0.0,0.05
1791297874.438,python,0.0,0.05
1791297874.438,python,0.0,0.06
1791297874.438,python:disk$0,0.0,0.0
1791297874.438,python:sh0,0.0,0.0
1791297874.438,python:traceq0,0.0,0.0
1791297874.438,p:clctxworker0,0.0,0.0
1791297874.438,python,0.0,0.01
1791297874.438,python,0.0,7.6
1791297874.438,python,0.0,6.57
1791297874.438,python,0.0,5.75
1791297874.438,python,0.0,5.24
1791297874.438,python,0.0,5.46
1791297874.438,pt_autograd_0,0.0,8.24
1791297874.639,python,0.2,31.29
1791297874.639,python,0.0,0.07
1791297874.639,python,0.0,0.06
1791297874.639,python,0.0,0.05
1791297874.639,python,0.0,0.05
1791297874.639,python,0.0,0.06
1791297874.639,python:disk$0,0.0,0.0
1791297874.639,python:sh0,0.0,0.0
1791297874.639,python:traceq0,0.0,0.0
1791297874.639,p:clctxworker0,0.0,0.0
1791297874.639,python,0.0,0.01
1791297874.639,python,0.0,7.6
1791297874.639,python,0.0,6.57
1791297874.639,python,0.0,5.75
1791297874.639,python,0.0,5.24
1791297874.639,python,0.0,5.46
1791297874.639,pt_autograd_0,0.0,8.24
1791297874.84,python,0.21,31.5
1791297874.84,python,0.0,0.07
1791297874.84,python,0.0,0.06
1791297874.84,python,0.0,0.05
1791297874.84,python,0.0,0.05
1791297874.84,python,0.0,0.06
1791297874.84,python:disk$0,0.0,0.0
1791297874.84,python:sh0,0.0,0.0
1791297874.84,python:traceq0,0.0,0.0
1791297874.84,p:clctxworker0,0.0,0.0
1791297874.84,python,0.0,0.01
1791297874.84,python,0.0,7.6
1791297874.84,python,0.0,6.57
1791297874.84,python,0.0,5.75
1791297874.84,python,0.0,5.24
1791297874.84,python,0.0,5.46
1791297874.84,pt_autograd_0,0.0,8.24
1791297875.041,python,0.19,31.69
1791297875.041,python,0.0,0.07
1791297875.041,python,0.0,0.06
1791297875.041,python,0.0,0.05
1791297875.041,python,0.0,0.05
1791297875.041,python,0.0,0.06
1791297875.041,python:disk$0,0.0,0.0
1791297875.041,python:sh0,0.0,0.0
1791297875.041,python:traceq0,0.0,0.0
1791297875.041,p:clctxworker0,0.0,0.0
1791297875.041,python,0.0,0.01
1791297875.041,python,0.0,7.6
1791297875.041,python,0.0,6.57
1791297875.041,python,0.0,5.75
1791297875.041,python,0.0,5.24
1791297875.041,python,0.0,5.46
1791297875.041,pt_autograd_0,0.0,8.24
1791297875.242,python,0.2,31.89
1791297875.242,python,0.0,0.07
1791297875.242,python,0.0,0.06
1791297875.242,python,0.0,0.05
1791297875.242,python,0.0,0.05
1791297875.242,python,0.0,0.06
1791297875.242,python:disk$0,0.0,0.0
1791297875.242,python:sh0,0.0,0.0
1791297875.242,python:traceq0,0.0,0.0
1791297875.242,p:clctxworker0,0.0,0.0
1791297875.242,python,0.0,0.01
1791297875.242,python,0.0,7.6
1791297875.242,python,0.0,6.57
1791297875.242,python,0.0,5.75
1791297875.242,python,0.0,5.24
1791297875.242,python,0.0,5.46
1791297875.242,pt_autograd_0,0.0,8.24
1791297875.443,python,0.2,32.09
1791297875.443,python,0.0,0.07
1791297875.443,python,0.0,0.06
1791297875.443,python,0.0,0.05
1791297875.443,python,0.0,0.05
1791297875.443,python,0.0,0.06
1791297875.443,python:disk$0,0.0,0.0
1791297875.443,python:sh0,0.0,0.0
1791297875.443,python:traceq0,0.0,0.0
1791297875.443,p:clctxworker0,0.0,0.0
1791297875.443,python,0.0,0.01
1791297875.443,python,0.0,7.6
1791297875.443,python,0.0,6.57
1791297875.443,python,0.0,5.75
1791297875.443,python,0.0,5.24
1791297875.443,python,0.0,5.46
1791297875.443,pt_autograd_0,0.0,8.24
1791297875.645,python,0.1,32.19
1791297875.645,python,0.0,0.07
1791297875.645,python,0.0,0.06
1791297875.645,python,0.0,0.05
1791297875.645,python,0.0,0.05
1791297875.645,python,0.0,0.06
1791297875.645,python:disk$0,0.0,0.0
1791297875.645,python:sh0,0.0,0.0
1791297875.645,python:traceq0,0.0,0.0
1791297875.645,p:clctxworker0,0.0,0.0
1791297875.645,python,0.0,0.01
1791297875.645,python,0.0,7.6
1791297875.645,python,0.0,6.57
1791297875.645,python,0.0,5.75
1791297875.645,python,0.0,5.24
1791297875.645,python,0.0,5.46
1791297875.645,pt_autograd_0,0.1,8.34
1791297875.846,python,0.0,32.19
1791297875.846,python,0.0,0.07
1791297875.846,python,0.0,0.06
1791297875.846,python,0.0,0.05
1791297875.846,python,0.0,0.05
1791297875.846,python,0.0,0.06
1791297875.846,python:disk$0,0.0,0.0
1791297875.846,python:sh0,0.0,0.0
1791297875.846,python:traceq0,0.0,0.0
1791297875.846,p:clctxworker0,0.0,0.0
1791297875.846,python,0.0,0.01
1791297875.846,python,0.0,7.6
1791297875.846,python,0.0,6.57
1791297875.846,python,0.0,5.75
1791297875.846,python,0.0,5.24
1791297875.846,python,0.0,5.46
1791297875.846,pt_autograd_0,0.2,8.54
1791297876.047,python,0.0,32.19
1791297876.047,python,0.0,0.07
1791297876.047,python,0.0,0.06
1791297876.047,python,0.0,0.05
1791297876.047,python,0.0,0.05
1791297876.047,python,0.0,0.06
1791297876.047,python:disk$0,0.0,0.0
1791297876.047,python:sh0,0.0,0.0
1791297876.047,python:traceq0,0.0,0.0
1791297876.047,p:clctxworker0,0.0,0.0
1791297876.047,python,0.0,0.01
1791297876.047,python,0.0,7.6
1791297876.047,python,0.0,6.57
1791297876.047,python,0.0,5.75
1791297876.047,python,0.0,5.24
1791297876.047,python,0.0,5.46
1791297876.047,pt_autograd_0,0.2,8.74
1791297876.248,python,0.0,32.19
1791297876.248,python,0.0,0.07
1791297876.248,python,0.0,0.06
1791297876.248,python,0.0,0.05
1791297876.248,python,0.0,0.05
1791297876.248,python,0.0,0.06
1791297876.248,python:disk$0,0.0,0.0
1791297876.248,python:sh0,0.0,0.0
1791297876.248,python:traceq0,0.0,0.0
1791297876.248,p:clctxworker0,0.0,0.0
1791297876.248,python,0.0,0.01
1791297876.248,python,0.0,7.6
1791297876.248,python,0.0,6.57
1791297876.248,python,0.0,5.75
1791297876.248,python,0.0,5.24
1791297876.248,python,0.0,5.46
1791297876.248,pt_autograd_0,0.2,8.94
1791297876.449,python,0.0,32.19
1791297876.449,python,0.0,0.07
1791297876.449,python,0.0,0.06
1791297876.449,python,0.0,0.05
1791297876.449,python,0.0,0.05
1791297876.449,python,0.0,0.06
1791297876.449,python:disk$0,0.0,0.0
1791297876.449,python:sh0,0.0,0.0
1791297876.449,python:traceq0,0.0,0.0
1791297876.449,p:clctxworker0,0.0,0.0
1791297876.449,python,0.0,0.01
1791297876.449,python,0.0,7.6
1791297876.449,python,0.0,6.57
1791297876.449,python,0.0,5.75
1791297876.449,python,0.0,5.24
1791297876.449,python,0.0,5.46
1791297876.449,pt_autograd_0,0.21,9.15
1791297876.65,python,0.0,32.19
1791297876.65,python,0.0,0.07
1791297876.65,python,0.0,0.06
1791297876.65,python,0.0,0.05
1791297876.65,python,0.0,0.05
1791297876.65,python,0.0,0.06
1791297876.65,python:disk$0,0.0,0.0
1791297876.65,python:sh0,0.0,0.0
1791297876.65,python:traceq0,0.0,0.0
1791297876.65,p:clctxworker0,0.0,0.0
1791297876.65,python,0.0,0.01
1791297876.65,python,0.0,7.6
1791297876.65,python,0.0,6.57
1791297876.65,python,0.0,5.75
1791297876.65,python,0.0,5.24
1791297876.65,python,0.0,5.46
1791297876.65,pt_autograd_0,0.19,9.34
1791297876.852,python,0.0,32.19
1791297876.852,python,0.0,0.07
1791297876.852,python,0.0,0.06
1791297876.852,python,0.0,0.05
1791297876.852,python,0.0,0.05
1791297876.852,python,0.0,0.06
1791297876.852,python:disk$0,0.0,0.0
1791297876.852,python:sh0,0.0,0.0
1791297876.852,python:traceq0,0.0,0.0
1791297876.852,p:clctxworker0,0.0,0.0
1791297876.852,python,0.0,0.01
1791297876.852,python,0.0,7.6
1791297876.852,python,0.0,6.57
1791297876.852,python,0.0,5.75
1791297876.852,python,0.0,5.24
1791297876.852,python,0.0,5.46
1791297876.852,pt_autograd_0,0.2,9.54
1791297877.053,python,0.0,32.19
1791297877.053,python,0.0,0.07
1791297877.053,python,0.0,0.06
1791297877.053,python,0.0,0.05
1791297877.053,python,0.0,0.05
1791297877.053,python,0.0,0.06
1791297877.053,python:disk$0,0.0,0.0
1791297877.053,python:sh0,0.0,0.0
1791297877.053,python:traceq0,0.0,0.0
1791297877.053,p:clctxworker0,0.0,0.0
1791297877.053,python,0.0,0.01
1791297877.053,python,0.0,7.6
1791297877.053,python,0.0,6.57
1791297877.053,python,0.0,5.75
1791297877.053,python,0.0,5.24
1791297877.053,python,0.0,5.46
1791297877.053,pt_autograd_0,0.2,9.74
1791297877.254,python,0.0,32.19
1791297877.254,python,0.0,0.07
1791297877.254,python,0.0,0.06
1791297877.254,python,0.0,0.05
1791297877.254,python,0.0,0.05
1791297877.254,python,0.0,0.06
1791297877.254,python:disk$0,0.0,0.0
1791297877.254,python:sh0,0.0,0.0
1791297877.254,python:traceq0,0.0,0.0
1791297877.254,p:clctxworker0,0.0,0.0
1791297877.254,python,0.0,0.01
1791297877.254,python,0.0,7.6
1791297877.254,python,0.0,6.57
1791297877.254,python,0.0,5.75
1791297877.254,python,0.0,5.24
1791297877.254,python,0.0,5.46
1791297877.254,pt_autograd_0,0.21,9.95
1791297877.455,python,0.0,32.19
1791297877.455,python,0.0,0.07
1791297877.455,python,0.0,0.06
1791297877.455,python,0.0,0.05
1791297877.455,python,0.0,0.05
1791297877.455,python,0.0,0.06
1791297877.455,python:disk$0,0.0,0.0
1791297877.455,python:sh0,0.0,0.0
1791297877.455,python:traceq0,0.0,0.0
1791297877.455,p:clctxworker0,0.0,0.0
1791297877.455,python,0.0,0.01
1791297877.455,python,0.0,7.6
1791297877.455,python,0.0,6.57
1791297877.455,python,0.0,5.75
1791297877.455,python,0.0,5.24
1791297877.455,python,0.0,5.46
1791297877.455,pt_autograd_0,0.19,10.14
1791297877.656,python,0.0,32.19
1791297877.656,python,0.0,0.07
1791297877.656,python,0.0,0.06
1791297877.656,python,0.0,0.05
1791297877.656,python,0.0,0.05
1791297877.656,python,0.0,0.06
1791297877.656,python:disk$0,0.0,0.0
1791297877.656,python:sh0,0.0,0.0
1791297877.656,python:traceq0,0.0,0.0
1791297877.656,p:clctxworker0,0.0,0.0
1791297877.656,python,0.0,0.01
1791297877.656,python,0.0,7.6
1791297877.656,python,0.0,6.57
1791297877.656,python,0.0,5.75
1791297877.656,python,0.0,5.24
1791297877.656,python,0.0,5.46
1791297877.656,pt_autograd_0,0.2,10.34
1791297877.857,python,0.0,32.19
1791297877.857,python,0.0,0.07
1791297877.857,python,0.0,0.06
1791297877.857,python,0.0,0.05
1791297877.857,python,0.0,0.05
1791297877.857,python,0.0,0.06
1791297877.857,python:disk$0,0.0,0.0
1791297877.857,python:sh0,0.0,0.0
1791297877.857,python:traceq0,0.0,0.0
1791297877.857,p:clctxworker0,0.0,0.0
1791297877.857,python,0.0,0.01
1791297877.857,python,0.0,7.6
1791297877.857,python,0.0,6.57
1791297877.857,python,0.0,5.75
1791297877.857,python,0.0,5.24
1791297877.857,python,0.0,5.46
1791297877.857,pt_autograd_0,0.2,10.54
1791297878.058,python,0.0,32.19
1791297878.058,python,0.0,0.07
1791297878.058,python,0.0,0.06
1791297878.058,python,0.0,0.05
1791297878.058,python,0.0,0.05
1791297878.058,python,0.0,0.06
1791297878.058,python:disk$0,0.0,0.0
1791297878.058,python:sh0,0.0,0.0
1791297878.058,python:traceq0,0.0,0.0
1791297878.058,p:clctxworker0,0.0,0.0
1791297878.058,python,0.0,0.01
1791297878.058,python,0.0,7.6
1791297878.058,python,0.0,6.57
1791297878.058,python,0.0,5.75
1791297878.058,python,0.0,5.24
1791297878.058,python,0.0,5.46
1791297878.058,pt_autograd_0,0.21,10.75
1791297878.26,python,0.0,32.19
1791297878.26,python,0.0,0.07
1791297878.26,python,0.0,0.06
1791297878.26,python,0.0,0.05
1791297878.26,python,0.0,0.05
1791297878.26,python,0.0,0.06
1791297878.26,python:disk$0,0.0,0.0
1791297878.26,python:sh0,0.0,0.0
1791297878.26,python:traceq0,0.0,0.0
1791297878.26,p:clctxworker0,0.0,0.0
1791297878.26,python,0.0,0.01
1791297878.26,python,0.0,7.6
1791297878.26,python,0.0,6.57
1791297878.26,python,0.0,5.75
1791297878.26,python,0.0,5.24
1791297878.26,python,0.0,5.46
1791297878.26,pt_autograd_0,0.2,10.95
1791297878.461,python,0.0,32.19
1791297878.461,python,0.0,0.07
1791297878.461,python,0.0,0.06
1791297878.461,python,0.0,0.05
1791297878.461,python,0.0,0.05
1791297878.461,python,0.0,0.06
1791297878.461,python:disk$0,0.0,0.0
1791297878.461,python:sh0,0.0,0.0
1791297878.461,python:traceq0,0.0,0.0
1791297878.461,p:clctxworker0,0.0,0.0
1791297878.461,python,0.0,0.01
1791297878.461,python,0.0,7.6
1791297878.461,python,0.0,6.57
1791297878.461,python,0.0,5.75
1791297878.461,python,0.0,5.24
1791297878.461,python,0.0,5.46
1791297878.461,pt_autograd_0,0.2,11.15
1791297878.662,python,0.0,32.19
1791297878.662,python,0.0,0.07
1791297878.662,python,0.0,0.06
1791297878.662,python,0.0,0.05
1791297878.662,python,0.0,0.05
1791297878.662,python,0.0,0.06
1791297878.662,python:disk$0,0.0,0.0
1791297878.662,python:sh0,0.0,0.0
1791297878.662,python:traceq0,0.0,0.0
1791297878.662,p:clctxworker0,0.0,0.0
1791297878.662,python,0.0,0.01
1791297878.662,python,0.0,7.6
1791297878.662,python,0.0,6.57
1791297878.662,python,0.0,5.75
1791297878.662,python,0.0,5.24
1791297878.662,python,0.0,5.46
1791297878.662,pt_autograd_0,0.2,11.35
1791297878.863,python,0.09,32.28
1791297878.863,python,0.0,0.07
1791297878.863,python,0.0,0.06
1791297878.863,python,0.0,0.05
1791297878.863,python,0.0,0.05
1791297878.863,python,0.0,0.06
1791297878.863,python:disk$0,0.0,0.0
1791297878.863,python:sh0,0.0,0.0
1791297878.863,python:traceq0,0.0,0.0
1791297878.863,p:clctxworker0,0.0,0.0
1791297878.863,python,0.0,0.01
1791297878.863,python,0.0,7.6
1791297878.863,python,0.0,6.57
1791297878.863,python,0.0,5.75
1791297878.863,python,0.0,5.24
1791297878.863,python,0.0,5.46
1791297878.863,pt_autograd_0,0.1,11.45
1791297879.064,python,0.2,32.48
1791297879.064,python,0.0,0.07
1791297879.064,python,0.0,0.06
1791297879.064,python,0.0,0.05
1791297879.064,python,0.0,0.05
1791297879.064,python,0.0,0.06
1791297879.064,python:disk$0,0.0,0.0
1791297879.064,python:sh0,0.0,0.0
1791297879.064,python:traceq0,0.0,0.0
1791297879.064,p:clctxworker0,0.0,0.0
1791297879.064,python,0.0,0.01
1791297879.064,python,0.0,7.6
1791297879.064,python,0.0,6.57
1791297879.064,python,0.0,5.75
1791297879.064,python,0.0,5.24
1791297879.064,python,0.0,5.46
1791297879.064,pt_autograd_0,0.0,11.45
1791297879.265,python,0.04,32.52
1791297879.265,python,0.0,0.07
1791297879.265,python,0.0,0.06
1791297879.265,python,0.0,0.05
1791297879.265,python,0.0,0.05
1791297879.265,python,0.0,0.06
1791297879.265,python:disk$0,0.0,0.0
1791297879.265,python:sh0,0.0,0.0
1791297879.265,python:traceq0,0.0,0.0
1791297879.265,p:clctxworker0,0.0,0.0
1791297879.265,python,0.01,0.02
1791297879.265,python,0.0,7.6
1791297879.265,python,0.0,6.57
1791297879.265,python,0.0,5.75
1791297879.265,python,0.0,5.24
1791297879.265,python,0.0,5.46
1791297879.265,pt_autograd_0,0.16,11.61
1791297879.466,python,0.0,32.52
1791297879.466,python,0.0,0.07
1791297879.466,python,0.0,0.06
1791297879.466,python,0.0,0.05
1791297879.466,python,0.0,0.05
1791297879.466,python,0.0,0.06
1791297879.466,python:disk$0,0.0,0.0
1791297879.466,python:sh0,0.0,0.0
1791297879.466,python:traceq0,0.0,0.0
1791297879.466,p:clctxworker0,0.0,0.0
1791297879.466,python,0.0,0.02
1791297879.466,python,0.0,7.6
1791297879.466,python,0.0,6.57
1791297879.466,python,0.0,5.75
1791297879.466,python,0.0,5.24
1791297879.466,python,0.0,5.46
1791297879.466,pt_autograd_0,0.19,11.8
1791297879.668,python,0.0,32.52
1791297879.668,python,0.0,0.07
1791297879.668,python,0.0,0.06
1791297879.668,python,0.0,0.05
1791297879.668,python,0.0,0.05
1791297879.668,python,0.0,0.06
1791297879.668,python:disk$0,0.0,0.0
1791297879.668,python:sh0,0.0,0.0
1791297879.668,python:traceq0,0.0,0.0
1791297879.668,p:clctxworker0,0.0,0.0
1791297879.668,python,0.0,0.02
1791297879.668,python,0.0,7.6
1791297879.668,python,0.0,6.57
1791297879.668,python,0.0,5.75
1791297879.668,python,0.0,5.24
1791297879.668,python,0.0,5.46
1791297879.668,pt_autograd_0,0.2,12.0
1791297879.869,python,0.01,32.53
1791297879.869,python,0.0,0.07
1791297879.869,python,0.0,0.06
1791297879.869,python,0.0,0.05
1791297879.869,python,0.0,0.05
1791297879.869,python,0.0,0.06
1791297879.869,python:disk$0,0.0,0.0
1791297879.869,python:sh0,0.0,0.0
1791297879.869,python:traceq0,0.0,0.0
1791297879.869,p:clctxworker0,0.0,0.0
1791297879.869,python,0.0,0.02
1791297879.869,python,0.0,7.6
1791297879.869,python,0.0,6.57
1791297879.869,python,0.0,5.75
1791297879.869,python,0.0,5.24
1791297879.869,python,0.0,5.46
1791297879.869,pt_autograd_0,0.19,12.19
1791297880.07,python,0.19,32.72
1791297880.07,python,0.0,0.07
1791297880.07,python,0.0,0.06
1791297880.07,python,0.0,0.05
1791297880.07,python,0.0,0.05
1791297880.07,python,0.0,0.06
1791297880.07,python:disk$0,0.0,0.0
1791297880.07,python:sh0,0.0,0.0
1791297880.07,python:traceq0,0.0,0.0
1791297880.07,p:clctxworker0,0.0,0.0
1791297880.07,python,0.0,0.02
1791297880.07,python,0.02,7.62
1791297880.07,python,0.01,6.58
1791297880.07,python,0.01,5.76
1791297880.07,python,0.01,5.25
1791297880.07,python,0.01,5.47
1791297880.07,pt_autograd_0,0.0,12.19
1791297880.271,python,0.19,32.91
1791297880.271,python,0.0,0.07
1791297880.271,python,0.0,0.06
1791297880.271,python,0.0,0.05
1791297880.271,python,0.0,0.05
1791297880.271,python,0.0,0.06
1791297880.271,python:disk$0,0.0,0.0
1791297880.271,python:sh0,0.0,0.0
1791297880.271,python:traceq0,0.0,0.0
1791297880.271,p:clctxworker0,0.0,0.0
1791297880.271,python,0.0,0.02
1791297880.271,python,0.0,7.62
1791297880.271,python,0.0,6.58
1791297880.271,python,0.0,5.76
1791297880.271,python,0.0,5.25
1791297880.271,python,0.0,5.47
1791297880.271,pt_autograd_0,0.0,12.19
1791297880.472,python,0.2,33.11
1791297880.472,python,0.0,0.07
1791297880.472,python,0.0,0.06
1791297880.472,python,0.0,0.05
1791297880.472,python,0.0,0.05
1791297880.472,python,0.0,0.06
1791297880.472,python:disk$0,0.0,0.0
1791297880.472,python:sh0,0.0,0.0
1791297880.472,python:traceq0,0.0,0.0
1791297880.472,p:clctxworker0,0.0,0.0
1791297880.472,python,0.0,0.02
1791297880.472,python,0.0,7.62
1791297880.472,python,0.0,6.58
1791297880.472,python,0.0,5.76
1791297880.472,python,0.0,5.25
1791297880.472,python,0.0,5.47
1791297880.472,pt_autograd_0,0.0,12.19
1791297880.674,python,0.19,33.3
1791297880.674,python,0.0,0.07
1791297880.674,python,0.0,0.06
1791297880.674,python,0.0,0.05
1791297880.674,python,0.0,0.05
1791297880.674,python,0.0,0.06
1791297880.674,python:disk$0,0.0,0.0
1791297880.674,python:sh0,0.0,0.0
1791297880.674,python:traceq0,0.0,0.0
1791297880.674,p:clctxworker0,0.0,0.0
1791297880.674,python,0.0,0.02
1791297880.674,python,0.0,7.62
1791297880.674,python,0.0,6.58
1791297880.674,python,0.0,5.76
1791297880.674,python,0.0,5.25
1791297880.674,python,0.0,5.47
1791297880.674,pt_autograd_0,0.0,12.19
1791297880.875,python,0.2,33.5
1791297880.875,python,0.0,0.07
1791297880.875,python,0.0,0.06
1791297880.875,python,0.0,0.05
1791297880.875,python,0.0,0.05
1791297880.875,python,0.0,0.06
1791297880.875,python:disk$0,0.0,0.0
1791297880.875,python:sh0,0.0,0.0
1791297880.875,python:traceq0,0.0,0.0
1791297880.875,p:clctxworker0,0.0,0.0
1791297880.875,python,0.0,0.02
1791297880.875,python,0.0,7.62
1791297880.875,python,0.0,6.58
1791297880.875,python,0.0,5.76
1791297880.875,python,0.0,5.25
1791297880.875,python,0.0,5.47
1791297880.875,pt_autograd_0,0.0,12.19
1791297881.076,python,0.2,33.7
1791297881.076,python,0.0,0.07
1791297881.076,python,0.0,0.06
1791297881.076,python,0.0,0.05
1791297881.076,python,0.0,0.05
1791297881.076,python,0.0,0.06
1791297881.076,python:disk$0,0.0,0.0
1791297881.076,python:sh0,0.0,0.0
1791297881.076,python:traceq0,0.0,0.0
1791297881.076,p:clctxworker0,0.0,0.0
1791297881.076,python,0.0,0.02
1791297881.076,python,0.0,7.62
1791297881.076,python,0.0,6.58
1791297881.076,python,0.0,5.76
1791297881.076,python,0.0,5.25
1791297881.076,python,0.0,5.47
1791297881.076,pt_autograd_0,0.0,12.19
1791297881.277,python,0.2,33.9
1791297881.277,python,0.0,0.07
1791297881.277,python,0.0,0.06
1791297881.277,python,0.0,0.05
1791297881.277,python,0.0,0.05
1791297881.277,python,0.0,0.06
1791297881.277,python:disk$0,0.0,0.0
1791297881.277,python:sh0,0.0,0.0
1791297881.277,python:traceq0,0.0,0.0
1791297881.277,p:clctxworker0,0.0,0.0
1791297881.277,python,0.0,0.02
1791297881.277,python,0.0,7.62
1791297881.277,python,0.0,6.58
1791297881.277,python,0.0,5.76
1791297881.277,python,0.0,5.25
1791297881.277,python,0.0,5.47
1791297881.277,pt_autograd_0,0.0,12.19
1791297881.478,python,0.19,34.09
1791297881.478,python,0.0,0.07
1791297881.478,python,0.0,0.06
1791297881.478,python,0.0,0.05
1791297881.478,python,0.0,0.05
1791297881.478,python,0.0,0.06
1791297881.478,python:disk$0,0.0,0.0
1791297881.478,python:sh0,0.0,0.0
1791297881.478,python:traceq0,0.0,0.0
1791297881.478,p:clctxworker0,0.0,0.0
1791297881.478,python,0.0,0.02
1791297881.478,python,0.0,7.62
1791297881.478,python,0.0,6.58
1791297881.478,python,0.0,5.76
1791297881.478,python,0.0,5.25
1791297881.478,python,0.0,5.47
1791297881.478,pt_autograd_0,0.0,12.19
1791297881.679,python,0.19,34.28
1791297881.679,python,0.0,0.07
1791297881.679,python,0.0,0.06
1791297881.679,python,0.0,0.05
1791297881.679,python,0.0,0.05
1791297881.679,python,0.0,0.06
1791297881.679,python:disk$0,0.0,0.0
1791297881.679,python:sh0,0.0,0.0
1791297881.679,python:traceq0,0.0,0.0
1791297881.679,p:clctxworker0,0.0,0.0
1791297881.679,python,0.0,0.02
1791297881.679,python,0.0,7.62
1791297881.679,python,0.0,6.58
1791297881.679,python,0.0,5.76
1791297881.679,python,0.0,5.25
1791297881.679,python,0.0,5.47
1791297881.679,pt_autograd_0,0.0,12.19
1791297881.881,python,0.11,34.39
1791297881.881,python,0.0,0.07
1791297881.881,python,0.0,0.06
1791297881.881,python,0.0,0.05
1791297881.881,python,0.0,0.05
1791297881.881,python,0.0,0.06
1791297881.881,python:disk$0,0.0,0.0
1791297881.881,python:sh0,0.0,0.0
1791297881.881,python:traceq0,0.0,0.0
1791297881.881,p:clctxworker0,0.0,0.0
1791297881.881,python,0.0,0.02
1791297881.881,python,0.0,7.62
1791297881.881,python,0.0,6.58
1791297881.881,python,0.0,5.76
1791297881.881,python,0.0,5.25
1791297881.881,python,0.0,5.47
1791297881.881,pt_autograd_0,0.08,12.27
1791297882.082,python,0.0,34.39
1791297882.082,python,0.0,0.07
1791297882.082,python,0.0,0.06
1791297882.082,python,0.0,0.05
1791297882.082,python,0.0,0.05
1791297882.082,python,0.0,0.06
1791297882.082,python:disk$0,0.0,0.0
1791297882.082,python:sh0,0.0,0.0
1791297882.082,python:traceq0,0.0,0.0
1791297882.082,p:clctxworker0,0.0,0.0
1791297882.082,python,0.0,0.02
1791297882.082,python,0.0,7.62
1791297882.082,python,0.0,6.58
1791297882.082,python,0.0,5.76
1791297882.082,python,0.0,5.25
1791297882.082,python,0.0,5.47
1791297882.082,pt_autograd_0,0.2,12.47
1791297882.283,python,0.0,34.39
1791297882.283,python,0.0,0.07
1791297882.283,python,0.0,0.06
1791297882.283,python,0.0,0.05
1791297882.283,python,0.0,0.05
1791297882.283,python,0.0,0.06
1791297882.283,python:disk$0,0.0,0.0
1791297882.283,python:sh0,0.0,0.0
1791297882.283,python:traceq0,0.0,0.0
1791297882.283,p:clctxworker0,0.0,0.0
1791297882.283,python,0.0,0.02
1791297882.283,python,0.0,7.62
1791297882.283,python,0.0,6.58
1791297882.283,python,0.0,5.76
1791297882.283,python,0.0,5.25
1791297882.283,python,0.0,5.47
1791297882.283,pt_autograd_0,0.2,12.67
1791297882.484,python,0.0,34.39
1791297882.484,python,0.0,0.07
1791297882.484,python,0.0,0.06
1791297882.484,python,0.0,0.05
1791297882.484,python,0.0,0.05
1791297882.484,python,0.0,0.06
1791297882.484,python:disk$0,0.0,0.0
1791297882.484,python:sh0,0.0,0.0
1791297882.484,python:traceq0,0.0,0.0
1791297882.484,p:clctxworker0,0.0,0.0
1791297882.484,python,0.0,0.02
1791297882.484,python,0.0,7.62
1791297882.484,python,0.0,6.58
1791297882.484,python,0.0,5.76
1791297882.484,python,0.0,5.25
1791297882.484,python,0.0,5.47
1791297882.484,pt_autograd_0,0.19,12.86
1791297882.685,python,0.0,34.39
1791297882.685,python,0.0,0.07
1791297882.685,python,0.0,0.06
1791297882.685,python,0.0,0.05
1791297882.685,python,0.0,0.05
1791297882.685,python,0.0,0.06
1791297882.685,python:disk$0,0.0,0.0
1791297882.685,python:sh0,0.0,0.0
1791297882.685,python:traceq0,0.0,0.0
1791297882.685,p:clctxworker0,0.0,0.0
1791297882.685,python,0.0,0.02
1791297882.685,python,0.0,7.62
1791297882.685,python,0.0,6.58
1791297882.685,python,0.0,5.76
1791297882.685,python,0.0,5.25
1791297882.685,python,0.0,5.47
1791297882.685,pt_autograd_0,0.2,13.06
1791297882.887,python,0.0,34.39
1791297882.887,python,0.0,0.07
1791297882.887,python,0.0,0.06
1791297882.887,python,0.0,0.05
1791297882.887,python,0.0,0.05
1791297882.887,python,0.0,0.06
1791297882.887,python:disk$0,0.0,0.0
1791297882.887,python:sh0,0.0,0.0
1791297882.887,python:traceq0,0.0,0.0
1791297882.887,p:clctxworker0,0.0,0.0
1791297882.887,python,0.0,0.02
1791297882.887,python,0.0,7.62
1791297882.887,python,0.0,6.58
1791297882.887,python,0.0,5.76
1791297882.887,python,0.0,5.25
1791297882.887,python,0.0,5.47
1791297882.887,pt_autograd_0,0.21,13.27
1791297883.088,python,0.0,34.39
1791297883.088,python,0.0,0.07
1791297883.088,python,0.0,0.06
1791297883.088,python,0.0,0.05
1791297883.088,python,0.0,0.05
1791297883.088,python,0.0,0.06
1791297883.088,python:disk$0,0.0,0.0
1791297883.088,python:sh0,0.0,0.0
1791297883.088,python:traceq0,0.0,0.0
1791297883.088,p:clctxworker0,0.0,0.0
1791297883.088,python,0.0,0.02
1791297883.088,python,0.0,7.62
1791297883.088,python,0.0,6.58
1791297883.088,python,0.0,5.76
1791297883.088,python,0.0,5.25
1791297883.088,python,0.0,5.47
1791297883.088,pt_autograd_0,0.19,13.46
1791297883.289,python,0.0,34.39
1791297883.289,python,0.0,0.07
1791297883.289,python,0.0,0.06
1791297883.289,python,0.0,0.05
1791297883.289,python,0.0,0.05
1791297883.289,python,0.0,0.06
1791297883.289,python:disk$0,0.0,0.0
1791297883.289,python:sh0,0.0,0.0
1791297883.289,python:traceq0,0.0,0.0
1791297883.289,p:clctxworker0,0.0,0.0
1791297883.289,python,0.0,0.02
1791297883.289,python,0.0,7.62
1791297883.289,python,0.0,6.58
1791297883.289,python,0.0,5.76
1791297883.289,python,0.0,5.25
1791297883.289,python,0.0,5.47
1791297883.289,pt_autograd_0,0.2,13.66
1791297883.49,python,0.0,34.39
1791297883.49,python,0.0,0.07
1791297883.49,python,0.0,0.06
1791297883.49,python,0.0,0.05
1791297883.49,python,0.0,0.05
1791297883.49,python,0.0,0.06
1791297883.49,python:disk$0,0.0,0.0
1791297883.49,python:sh0,0.0,0.0
1791297883.49,python:traceq0,0.0,0.0
1791297883.49,p:clctxworker0,0.0,0.0
1791297883.49,python,0.0,0.02
1791297883.49,python,0.0,7.62
1791297883.49,python,0.0,6.58
1791297883.49,python,0.0,5.76
1791297883.49,python,0.0,5.25
1791297883.49,python,0.0,5.47
1791297883.49,pt_autograd_0,0.19,13.85
1791297883.691,python,0.0,34.39
1791297883.691,python,0.0,0.07
1791297883.691,python,0.0,0.06
1791297883.691,python,0.0,0.05
1791297883.691,python,0.0,0.05
1791297883.691,python,0.0,0.06
1791297883.691,python:disk$0,0.0,0.0
1791297883.691,python:sh0,0.0,0.0
1791297883.691,python:traceq0,0.0,0.0
1791297883.691,p:clctxworker0,0.0,0.0
1791297883.691,python,0.0,0.02
1791297883.691,python,0.0,7.62
1791297883.691,python,0.0,6.58
1791297883.691,python,0.0,5.76
1791297883.691,python,0.0,5.25
1791297883.691,python,0.0,5.47
1791297883.691,pt_autograd_0,0.21,14.06
1791297883.892,python,0.0,34.39
1791297883.892,python,0.0,0.07
1791297883.892,python,0.0,0.06
1791297883.892,python,0.0,0.05
1791297883.892,python,0.0,0.05
1791297883.892,python,0.0,0.06
1791297883.892,python:disk$0,0.0,0.0
1791297883.892,python:sh0,0.0,0.0
1791297883.892,python:traceq0,0.0,0.0
1791297883.892,p:clctxworker0,0.0,0.0
1791297883.892,python,0.0,0.02
1791297883.892,python,0.0,7.62
1791297883.892,python,0.0,6.58
1791297883.892,python,0.0,5.76
1791297883.892,python,0.0,5.25
1791297883.892,python,0.0,5.47
1791297883.892,pt_autograd_0,0.2,14.26
1791297884.094,python,0.0,34.39
1791297884.094,python,0.0,0.07
1791297884.094,python,0.0,0.06
1791297884.094,python,0.0,0.05
1791297884.094,python,0.0,0.05
1791297884.094,python,0.0,0.06
1791297884.094,python:disk$0,0.0,0.0
1791297884.094,python:sh0,0.0,0.0
1791297884.094,python:traceq0,0.0,0.0
1791297884.094,p:clctxworker0,0.0,0.0
1791297884.094,python,0.0,0.02
1791297884.094,python,0.0,7.62
1791297884.094,python,0.0,6.58
1791297884.094,python,0.0,5.76
1791297884.094,python,0.0,5.25
1791297884.094,python,0.0,5.47
1791297884.094,pt_autograd_0,0.2,14.46
1791297884.295,python,0.0,34.39
1791297884.295,python,0.0,0.07
1791297884.295,python,0.0,0.06
1791297884.295,python,0.0,0.05
1791297884.295,python,0.0,0.05
1791297884.295,python,0.0,0.06
1791297884.295,python:disk$0,0.0,0.0
1791297884.295,python:sh0,0.0,0.0
1791297884.295,python:traceq0,0.0,0.0
1791297884.295,p:clctxworker0,0.0,0.0
1791297884.295,python,0.0,0.02
1791297884.295,python,0.0,7.62
1791297884.295,python,0.0,6.58
1791297884.295,python,0.0,5.76
1791297884.295,python,0.0,5.25
1791297884.295,python,0.0,5.47
1791297884.295,pt_autograd_0,0.2,14.66
1791297884.496,python,0.01,34.4
1791297884.496,python,0.0,0.07
1791297884.496,python,0.0,0.06
1791297884.496,python,0.0,0.05
1791297884.496,python,0.0,0.05
1791297884.496,python,0.0,0.06
1791297884.496,python:disk$0,0.0,0.0
1791297884.496,python:sh0,0.0,0.0
1791297884.496,python:traceq0,0.0,0.0
1791297884.496,p:clctxworker0,0.0,0.0
1791297884.496,python,0.0,0.02
1791297884.496,python,0.0,7.62
1791297884.496,python,0.0,6.58
1791297884.496,python,0.0,5.76
1791297884.496,python,0.0,5.25
1791297884.496,python,0.0,5.47
1791297884.496,pt_autograd_0,0.19,14.85
1791297884.697,python,0.21,34.61
1791297884.697,python,0.0,0.07
1791297884.697,python,0.0,0.06
1791297884.697,python,0.0,0.05
1791297884.697,python,0.0,0.05
1791297884.697,python,0.0,0.06
1791297884.697,python:disk$0,0.0,0.0
1791297884.697,python:sh0,0.0,0.0
1791297884.697,python:traceq0,0.0,0.0
1791297884.697,p:clctxworker0,0.0,0.0
1791297884.697,python,0.0,0.02
1791297884.697,python,0.01,7.63
1791297884.697,python,0.01,6.59
1791297884.697,python,0.01,5.77
1791297884.697,python,0.01,5.26
1791297884.697,python,0.01,5.48
1791297884.697,pt_autograd_0,0.0,14.85
1791297884.898,python,0.13,34.74
1791297884.898,python,0.0,0.07
1791297884.898,python,0.0,0.06
1791297884.898,python,0.0,0.05
1791297884.898,python,0.0,0.05
1791297884.898,python,0.0,0.06
1791297884.898,python:disk$0,0.0,0.0
1791297884.898,python:sh0,0.0,0.0
1791297884.898,python:traceq0,0.0,0.0
1791297884.898,p:clctxworker0,0.0,0.0
1791297884.898,python,0.0,0.02
1791297884.898,python,0.0,7.63
1791297884.898,python,0.0,6.59
1791297884.898,python,0.0,5.77
1791297884.898,python,0.0,5.26
1791297884.898,python,0.0,5.48
1791297884.898,pt_autograd_0,0.06,14.91
1791297885.099,python,0.0,34.74
1791297885.099,python,0.0,0.07
1791297885.099,python,0.0,0.06
1791297885.099,python,0.0,0.05
1791297885.099,python,0.0,0.05
1791297885.099,python,0.0,0.06
1791297885.099,python:disk$0,0.0,0.0
1791297885.099,python:sh0,0.0,0.0
1791297885.099,python:traceq0,0.0,0.0
1791297885.099,p:clctxworker0,0.0,0.0
1791297885.099,python,0.0,0.02
1791297885.099,python,0.0,7.63
1791297885.099,python,0.0,6.59
1791297885.099,python,0.0,5.77
1791297885.099,python,0.0,5.26
1791297885.099,python,0.0,5.48
1791297885.099,pt_autograd_0,0.2,15.11
1791297885.301,python,0.0,34.74
1791297885.301,python,0.0,0.07
1791297885.301,python,0.0,0.06
1791297885.301,python,0.0,0.05
1791297885.301,python,0.0,0.05
1791297885.301,python,0.0,0.06
1791297885.301,python:disk$0,0.0,0.0
1791297885.301,python:sh0,0.0,0.0
1791297885.301,python:traceq0,0.0,0.0
1791297885.301,p:clctxworker0,0.0,0.0
1791297885.301,python,0.0,0.02
1791297885.301,python,0.0,7.63
1791297885.301,python,0.0,6.59
1791297885.301,python,0.0,5.77
1791297885.301,python,0.0,5.26
1791297885.301,python,0.0,5.48
1791297885.301,pt_autograd_0,0.2,15.31
1791297885.502,python,0.0,34.74
1791297885.502,python,0.0,0.07
1791297885.502,python,0.0,0.06
1791297885.502,python,0.0,0.05
1791297885.502,python,0.0,0.05
1791297885.502,python,0.0,0.06
1791297885.502,python:disk$0,0.0,0.0
1791297885.502,python:sh0,0.0,0.0
1791297885.502,python:traceq0,0.0,0.0
1791297885.502,p:clctxworker0,0.0,0.0
1791297885.502,python,0.0,0.02
1791297885.502,python,0.0,7.63
1791297885.502,python,0.0,6.59
1791297885.502,python,0.0,5.77
1791297885.502,python,0.0,5.26
1791297885.502,python,0.0,5.48
1791297885.502,pt_autograd_0,0.2,15.51
1791297885.703,python,0.18,34.92
1791297885.703,python,0.0,0.07
1791297885.703,python,0.0,0.06
1791297885.703,python,0.0,0.05
1791297885.703,python,0.0,0.05
1791297885.703,python,0.0,0.06
1791297885.703,python:disk$0,0.0,0.0
1791297885.703,python:sh0,0.0,0.0
1791297885.703,python:traceq0,0.0,0.0
1791297885.703,p:clctxworker0,0.0,0.0
1791297885.703,python,0.0,0.02
1791297885.703,python,0.01,7.64
1791297885.703,python,0.02,6.61
1791297885.703,python,0.02,5.79
1791297885.703,python,0.02,5.28
1791297885.703,python,0.02,5.5
1791297885.703,pt_autograd_0,0.03,15.54
1791297885.904,python,0.16,35.08
1791297885.904,python,0.0,0.07
1791297885.904,python,0.0,0.06
1791297885.904,python,0.0,0.05
1791297885.904,python,0.0,0.05
1791297885.904,python,0.0,0.06
1791297885.904,python:disk$0,0.0,0.0
1791297885.904,python:sh0,0.0,0.0
1791297885.904,python:traceq0,0.0,0.0
1791297885.904,p:clctxworker0,0.0,0.0
1791297885.904,python,0.0,0.02
1791297885.904,python,0.0,7.64
1791297885.904,python,0.0,6.61
1791297885.904,python,0.0,5.79
1791297885.904,python,0.0,5.28
1791297885.904,python,0.0,5.5
1791297885.904,pt_autograd_0,0.03,15.57
1791297886.105,python,0.0,35.08
1791297886.105,python,0.0,0.07
1791297886.105,python,0.0,0.06
1791297886.105,python,0.0,0.05
1791297886.105,python,0.0,0.05
1791297886.105,python,0.0,0.06
1791297886.105,python:disk$0,0.0,0.0
1791297886.105,python:sh0,0.0,0.0
1791297886.105,python:traceq0,0.0,0.0
1791297886.105,p:clctxworker0,0.0,0.0
1791297886.105,python,0.0,0.02
1791297886.105,python,0.0,7.64
1791297886.105,python,0.0,6.61
1791297886.105,python,0.0,5.79
1791297886.105,python,0.0,5.28
1791297886.105,python,0.0,5.5
1791297886.105,pt_autograd_0,0.2,15.77
1791297886.306,python,0.0,35.08
1791297886.306,python,0.0,0.07
1791297886.306,python,0.0,0.06
1791297886.306,python,0.0,0.05
1791297886.306,python,0.0,0.05
1791297886.306,python,0.0,0.06
1791297886.306,python:disk$0,0.0,0.0
1791297886.306,python:sh0,0.0,0.0
1791297886.306,python:traceq0,0.0,0.0
1791297886.306,p:clctxworker0,0.0,0.0
1791297886.306,python,0.0,0.02
1791297886.306,python,0.0,7.64
1791297886.306,python,0.0,6.61
1791297886.306,python,0.0,5.79
1791297886.306,python,0.0,5.28
1791297886.306,python,0.0,5.5
1791297886.306,pt_autograd_0,0.19,15.96
1791297886.507,python,0.0,35.08
1791297886.507,python,0.0,0.07
1791297886.507,python,0.0,0.06
1791297886.507,python,0.0,0.05
1791297886.507,python,0.0,0.05
1791297886.507,python,0.0,0.06
1791297886.507,python:disk$0,0.0,0.0
1791297886.507,python:sh0,0.0,0.0
1791297886.507,python:traceq0,0.0,0.0
1791297886.507,p:clctxworker0,0.0,0.0
1791297886.507,python,0.0,0.02
1791297886.507,python,0.0,7.64
1791297886.507,python,0.0,6.61
1791297886.507,python,0.0,5.79
1791297886.507,python,0.0,5.28
1791297886.507,python,0.0,5.5
1791297886.507,pt_autograd_0,0.2,16.16
1791297886.709,python,0.08,35.16
1791297886.709,python,0.0,0.07
1791297886.709,python,0.0,0.06
1791297886.709,python,0.0,0.05
1791297886.709,python,0.0,0.05
1791297886.709,python,0.0,0.06
1791297886.709,python:disk$0,0.0,0.0
1791297886.709,python:sh0,0.0,0.0
1791297886.709,python:traceq0,0.0,0.0
1791297886.709,p:clctxworker0,0.0,0.0
1791297886.709,python,0.0,0.02
1791297886.709,python,0.01,7.65
1791297886.709,python,0.01,6.62
1791297886.709,python,0.01,5.8
1791297886.709,python,0.01,5.29
1791297886.709,python,0.01,5.51
1791297886.709,pt_autograd_0,0.12,16.28
1791297886.91,python,0.2,35.36
1791297886.91,python,0.0,0.07
1791297886.91,python,0.0,0.06
1791297886.91,python,0.0,0.05
1791297886.91,python,0.0,0.05
1791297886.91,python,0.0,0.06
1791297886.91,python:disk$0,0.0,0.0
1791297886.91,python:sh0,0.0,0.0
1791297886.91,python:traceq0,0.0,0.0
1791297886.91,p:clctxworker0,0.0,0.0
1791297886.91,python,0.0,0.02
1791297886.91,python,0.0,7.65
1791297886.91,python,0.0,6.62
1791297886.91,python,0.0,5.8
1791297886.91,python,0.0,5.29
1791297886.91,python,0.0,5.51
1791297886.91,pt_autograd_0,0.0,16.28
1791297887.111,python,0.09,35.45
1791297887.111,python,0.0,0.07
1791297887.111,python,0.0,0.06
1791297887.111,python,0.0,0.05
1791297887.111,python,0.0,0.05
1791297887.111,python,0.0,0.06
1791297887.111,python:disk$0,0.0,0.0
1791297887.111,python:sh0,0.0,0.0
1791297887.111,python:traceq0,0.0,0.0
1791297887.111,p:clctxworker0,0.0,0.0
1791297887.111,python,0.0,0.02
1791297887.111,python,0.0,7.65
1791297887.111,python,0.0,6.62
1791297887.111,python,0.0,5.8
1791297887.111,python,0.0,5.29
1791297887.111,python,0.0,5.51
1791297887.111,pt_autograd_0,0.1,16.38
1791297887.312,python,0.0,35.45
1791297887.312,python,0.0,0.07
1791297887.312,python,0.0,0.06
1791297887.312,python,0.0,0.05
1791297887.312,python,0.0,0.05
1791297887.312,python,0.0,0.06
1791297887.312,python:disk$0,0.0,0.0
1791297887.312,python:sh0,0.0,0.0
1791297887.312,python:traceq0,0.0,0.0
1791297887.312,p:clctxworker0,0.0,0.0
1791297887.312,python,0.0,0.02
1791297887.312,python,0.0,7.65
1791297887.312,python,0.0,6.62
1791297887.312,python,0.0,5.8
1791297887.312,python,0.0,5.29
1791297887.312,python,0.0,5.51
1791297887.312,pt_autograd_0,0.2,16.58
1791297887.514,python,0.0,35.45
1791297887.514,python,0.0,0.07
1791297887.514,python,0.0,0.06
1791297887.514,python,0.0,0.05
1791297887.514,python,0.0,0.05
1791297887.514,python,0.0,0.06
1791297887.514,python:disk$0,0.0,0.0
1791297887.514,python:sh0,0.0,0.0
1791297887.514,python:traceq0,0.0,0.0
1791297887.514,p:clctxworker0,0.0,0.0
1791297887.514,python,0.0,0.02
1791297887.514,python,0.0,7.65
1791297887.514,python,0.0,6.62
1791297887.514,python,0.0,5.8
1791297887.514,python,0.0,5.29
1791297887.514,python,0.0,5.51
1791297887.514,pt_autograd_0,0.2,16.78
1791297887.715,python,0.0,35.45
1791297887.715,python,0.0,0.07
1791297887.715,python,0.0,0.06
1791297887.715,python,0.0,0.05
1791297887.715,python,0.0,0.05
1791297887.715,python,0.0,0.06
1791297887.715,python:disk$0,0.0,0.0
1791297887.715,python:sh0,0.0,0.0
1791297887.715,python:traceq0,0.0,0.0
1791297887.715,p:clctxworker0,0.0,0.0
1791297887.715,python,0.0,0.02
1791297887.715,python,0.0,7.65
1791297887.715,python,0.0,6.62
1791297887.715,python,0.0,5.8
1791297887.715,python,0.0,5.29
1791297887.715,python,0.0,5.51
1791297887.715,pt_autograd_0,0.2,16.98
1791297887.916,python,0.18,35.63
1791297887.916,python,0.0,0.07
1791297887.916,python,0.0,0.06
1791297887.916,python,0.0,0.05
1791297887.916,python,0.0,0.05
1791297887.916,python,0.0,0.06
1791297887.916,python:disk$0,0.0,0.0
1791297887.916,python:sh0,0.0,0.0
1791297887.916,python:traceq0,0.0,0.0
1791297887.916,p:clctxworker0,0.0,0.0
1791297887.916,python,0.0,0.02
1791297887.916,python,0.0,7.65
1791297887.916,python,0.0,6.62
1791297887.916,python,0.0,5.8
1791297887.916,python,0.0,5.29
1791297887.916,python,0.0,5.51
1791297887.916,pt_autograd_0,0.01,16.99
1791297888.117,python,0.2,35.83
1791297888.117,python,0.0,0.07
1791297888.117,python,0.0,0.06
1791297888.117,python,0.0,0.05
1791297888.117,python,0.0,0.05
1791297888.117,python,0.0,0.06
1791297888.117,python:disk$0,0.0,0.0
1791297888.117,python:sh0,0.0,0.0
1791297888.117,python:traceq0,0.0,0.0
1791297888.117,p:clctxworker0,0.0,0.0
1791297888.117,python,0.0,0.02
1791297888.117,python,0.0,7.65
1791297888.117,python,0.0,6.62
1791297888.117,python,0.0,5.8
1791297888.117,python,0.0,5.29
1791297888.117,python,0.0,5.51
1791297888.117,pt_autograd_0,0.0,16.99
1791297888.318,python,0.2,36.03
1791297888.318,python,0.0,0.07
1791297888.318,python,0.0,0.06
1791297888.318,python,0.0,0.05
1791297888.318,python,0.0,0.05
1791297888.318,python,0.0,0.06
1791297888.318,python:disk$0,0.0,0.0
1791297888.318,python:sh0,0.0,0.0
1791297888.318,python:traceq0,0.0,0.0
1791297888.318,p:clctxworker0,0.0,0.0
1791297888.318,python,0.01,0.03
1791297888.318,python,0.0,7.65
1791297888.318,python,0.0,6.62
1791297888.318,python,0.0,5.8
1791297888.318,python,0.0,5.29
1791297888.318,python,0.0,5.51
1791297888.318,pt_autograd_0,0.0,16.99
1791297888.519,python,0.2,36.23
1791297888.519,python,0.0,0.07
1791297888.519,python,0.0,0.06
1791297888.519,python,0.0,0.05
1791297888.519,python,0.0,0.05
1791297888.519,python,0.0,0.06
1791297888.519,python:disk$0,0.0,0.0
1791297888.519,python:sh0,0.0,0.0
1791297888.519,python:traceq0,0.0,0.0
1791297888.519,p:clctxworker0,0.0,0.0
1791297888.519,python,0.0,0.03
1791297888.519,python,0.0,7.65
1791297888.519,python,0.0,6.62
1791297888.519,python,0.0,5.8
1791297888.519,python,0.0,5.29
1791297888.519,python,0.0,5.51
1791297888.519,pt_autograd_0,0.0,16.99
1791297888.72,python,0.19,36.42
1791297888.72,python,0.0,0.07
1791297888.72,python,0.0,0.06
1791297888.72,python,0.0,0.05
1791297888.72,python,0.0,0.05
1791297888.72,python,0.0,0.06
1791297888.72,python:disk$0,0.0,0.0
1791297888.72,python:sh0,0.0,0.0
1791297888.72,python:traceq0,0.0,0.0
1791297888.72,p:clctxworker0,0.0,0.0
1791297888.72,python,0.0,0.03
1791297888.72,python,0.0,7.65
1791297888.72,python,0.0,6.62
1791297888.72,python,0.0,5.8
1791297888.72,python,0.0,5.29
1791297888.72,python,0.0,5.51
1791297888.72,pt_autograd_0,0.0,16.99
1791297888.922,python,0.2,36.62
1791297888.922,python,0.0,0.07
1791297888.922,python,0.0,0.06
1791297888.922,python,0.0,0.05
1791297888.922,python,0.0,0.05
1791297888.922,python,0.0,0.06
1791297888.922,python:disk$0,0.0,0.0
1791297888.922,python:sh0,0.0,0.0
1791297888.922,python:traceq0,0.0,0.0
1791297888.922,p:clctxworker0,0.0,0.0
1791297888.922,python,0.0,0.03
1791297888.922,python,0.0,7.65
1791297888.922,python,0.0,6.62
1791297888.922,python,0.0,5.8
1791297888.922,python,0.0,5.29
1791297888.922,python,0.0,5.51
1791297888.922,pt_autograd_0,0.0,16.99
1791297889.123,python,0.2,36.82
1791297889.123,python,0.0,0.07
1791297889.123,python,0.0,0.06
1791297889.123,python,0.0,0.05
1791297889.123,python,0.0,0.05
1791297889.123,python,0.0,0.06
1791297889.123,python:disk$0,0.0,0.0
1791297889.123,python:sh0,0.0,0.0
1791297889.123,python:traceq0,0.0,0.0
1791297889.123,p:clctxworker0,0.0,0.0
1791297889.123,python,0.0,0.03
1791297889.123,python,0.0,7.65
1791297889.123,python,0.0,6.62
1791297889.123,python,0.0,5.8
1791297889.123,python,0.0,5.29
1791297889.123,python,0.0,5.51
1791297889.123,pt_autograd_0,0.0,16.99
1791297889.324,python,0.21,37.03
1791297889.324,python,0.0,0.07
1791297889.324,python,0.0,0.06
1791297889.324,python,0.0,0.05
1791297889.324,python,0.0,0.05
1791297889.324,python,0.0,0.06
1791297889.324,python:disk$0,0.0,0.0
1791297889.324,python:sh0,0.0,0.0
1791297889.324,python:traceq0,0.0,0.0
1791297889.324,p:clctxworker0,0.0,0.0
1791297889.324,python,0.0,0.03
1791297889.324,python,0.0,7.65
1791297889.324,python,0.0,6.62
1791297889.324,python,0.0,5.8
1791297889.324,python,0.0,5.29
1791297889.324,python,0.0,5.51
1791297889.324,pt_autograd_0,0.0,16.99
1791297889.525,python,0.02,37.05
1791297889.525,python,0.0,0.07
1791297889.525,python,0.0,0.06
1791297889.525,python,0.0,0.05
1791297889.525,python,0.0,0.05
1791297889.525,python,0.0,0.06
1791297889.525,python:disk$0,0.0,0.0
1791297889.525,python:sh0,0.0,0.0
1791297889.525,python:traceq0,0.0,0.0
1791297889.525,p:clctxworker0,0.0,0.0
1791297889.525,python,0.0,0.03
1791297889.525,python,0.0,7.65
1791297889.525,python,0.0,6.62
1791297889.525,python,0.0,5.8
1791297889.525,python,0.0,5.29
1791297889.525,python,0.0,5.51
1791297889.525,pt_autograd_0,0.17,17.16
1791297889.727,python,0.0,37.05
1791297889.727,python,0.0,0.07
1791297889.727,python,0.0,0.06
1791297889.727,python,0.0,0.05
1791297889.727,python,0.0,0.05
1791297889.727,python,0.0,0.06
1791297889.727,python:disk$0,0.0,0.0
1791297889.727,python:sh0,0.0,0.0
1791297889.727,python:traceq0,0.0,0.0
1791297889.727,p:clctxworker0,0.0,0.0
1791297889.727,python,0.0,0.03
1791297889.727,python,0.0,7.65
1791297889.727,python,0.0,6.62
1791297889.727,python,0.0,5.8
1791297889.727,python,0.0,5.29
1791297889.727,python,0.0,5.51
1791297889.727,pt_autograd_0,0.2,17.36
1791297889.928,python,0.0,37.05
1791297889.928,python,0.0,0.07
1791297889.928,python,0.0,0.06
1791297889.928,python,0.0,0.05
1791297889.928,python,0.0,0.05
1791297889.928,python,0.0,0.06
1791297889.928,python:disk$0,0.0,0.0
1791297889.928,python:sh0,0.0,0.0
1791297889.928,python:traceq0,0.0,0.0
1791297889.928,p:clctxworker0,0.0,0.0
1791297889.928,python,0.0,0.03
1791297889.928,python,0.0,7.65
1791297889.928,python,0.0,6.62
1791297889.928,python,0.0,5.8
1791297889.928,python,0.0,5.29
1791297889.928,python,0.0,5.51
1791297889.928,pt_autograd_0,0.21,17.57
1791297890.129,python,0.0,37.05
1791297890.129,python,0.0,0.07
1791297890.129,python,0.0,0.06
1791297890.129,python,0.0,0.05
1791297890.129,python,0.0,0.05
1791297890.129,python,0.0,0.06
1791297890.129,python:disk$0,0.0,0.0
1791297890.129,python:sh0,0.0,0.0
1791297890.129,python:traceq0,0.0,0.0
1791297890.129,p:clctxworker0,0.0,0.0
1791297890.129,python,0.0,0.03
1791297890.129,python,0.0,7.65
1791297890.129,python,0.0,6.62
1791297890.129,python,0.0,5.8
1791297890.129,python,0.0,5.29
1791297890.129,python,0.0,5.51
1791297890.129,pt_autograd_0,0.2,17.77
1791297890.33,python,0.0,37.05
1791297890.33,python,0.0,0.07
1791297890.33,python,0.0,0.06
1791297890.33,python,0.0,0.05
1791297890.33,python,0.0,0.05
1791297890.33,python,0.0,0.06
1791297890.33,python:disk$0,0.0,0.0
1791297890.33,python:sh0,0.0,0.0
1791297890.33,python:traceq0,0.0,0.0
1791297890.33,p:clctxworker0,0.0,0.0
1791297890.33,python,0.0,0.03
1791297890.33,python,0.0,7.65
1791297890.33,python,0.0,6.62
1791297890.33,python,0.0,5.8
1791297890.33,python,0.0,5.29
1791297890.33,python,0.0,5.51
1791297890.33,pt_autograd_0,0.2,17.97
1791297890.531,python,0.0,37.05
1791297890.531,python,0.0,0.07
1791297890.531,python,0.0,0.06
1791297890.531,python,0.0,0.05
1791297890.531,python,0.0,0.05
1791297890.531,python,0.0,0.06
1791297890.531,python:disk$0,0.0,0.0
1791297890.531,python:sh0,0.0,0.0
1791297890.531,python:traceq0,0.0,0.0
1791297890.531,p:clctxworker0,0.0,0.0
1791297890.531,python,0.0,0.03
1791297890.531,python,0.0,7.65
1791297890.531,python,0.0,6.62
1791297890.531,python,0.0,5.8
1791297890.531,python,0.0,5.29
1791297890.531,python,0.0,5.51
1791297890.531,pt_autograd_0,0.2,18.17
1791297890.732,python,0.0,37.05
1791297890.732,python,0.0,0.07
1791297890.732,python,0.0,0.06
1791297890.732,python,0.0,0.05
1791297890.732,python,0.0,0.05
1791297890.732,python,0.0,0.06
1791297890.732,python:disk$0,0.0,0.0
1791297890.732,python:sh0,0.0,0.0
1791297890.732,python:traceq0,0.0,0.0
1791297890.732,p:clctxworker0,0.0,0.0
1791297890.732,python,0.0,0.03
1791297890.732,python,0.0,7.65
1791297890.732,python,0.0,6.62
1791297890.732,python,0.0,5.8
1791297890.732,python,0.0,5.29
1791297890.732,python,0.0,5.51
1791297890.732,pt_autograd_0,0.21,18.38
1791297890.933,python,0.0,37.05
1791297890.933,python,0.0,0.07
1791297890.933,python,0.0,0.06
1791297890.933,python,0.0,0.05
1791297890.933,python,0.0,0.05
1791297890.933,python,0.0,0.06
1791297890.933,python:disk$0,0.0,0.0
1791297890.933,python:sh0,0.0,0.0
1791297890.933,python:traceq0,0.0,0.0
1791297890.933,p:clctxworker0,0.0,0.0
1791297890.933,python,0.0,0.03
1791297890.933,python,0.0,7.65
1791297890.933,python,0.0,6.62
1791297890.933,python,0.0,5.8
1791297890.933,python,0.0,5.29
1791297890.933,python,0.0,5.51
1791297890.933,pt_autograd_0,0.19,18.57
1791297891.135,python,0.0,37.05
1791297891.135,python,0.0,0.07
1791297891.135,python,0.0,0.06
1791297891.135,python,0.0,0.05
1791297891.135,python,0.0,0.05
1791297891.135,python,0.0,0.06
1791297891.135,python:disk$0,0.0,0.0
1791297891.135,python:sh0,0.0,0.0
1791297891.135,python:traceq0,0.0,0.0
1791297891.135,p:clctxworker0,0.0,0.0
1791297891.135,python,0.0,0.03
1791297891.135,python,0.0,7.65
1791297891.135,python,0.0,6.62
1791297891.135,python,0.0,5.8
1791297891.135,python,0.0,5.29
1791297891.135,python,0.0,5.51
1791297891.135,pt_autograd_0,0.2,18.77
1791297891.336,python,0.0,37.05
1791297891.336,python,0.0,0.07
1791297891.336,python,0.0,0.06
1791297891.336,python,0.0,0.05
1791297891.336,python,0.0,0.05
1791297891.336,python,0.0,0.06
1791297891.336,python:disk$0,0.0,0.0
1791297891.336,python:sh0,0.0,0.0
1791297891.336,python:traceq0,0.0,0.0
1791297891.336,p:clctxworker0,0.0,0.0
1791297891.336,python,0.0,0.03
1791297891.336,python,0.0,7.65
1791297891.336,python,0.0,6.62
1791297891.336,python,0.0,5.8
1791297891.336,python,0.0,5.29
1791297891.336,python,0.0,5.51
1791297891.336,pt_autograd_0,0.2,18.97
1791297891.537,python,0.0,37.05
1791297891.537,python,0.0,0.07
1791297891.537,python,0.0,0.06
1791297891.537,python,0.0,0.05
1791297891.537,python,0.0,0.05
1791297891.537,python,0.0,0.06
1791297891.537,python:disk$0,0.0,0.0
1791297891.537,python:sh0,0.0,0.0
1791297891.537,python:traceq0,0.0,0.0
1791297891.537,p:clctxworker0,0.0,0.0
1791297891.537,python,0.0,0.03
1791297891.537,python,0.0,7.65
1791297891.537,python,0.0,6.62
1791297891.537,python,0.0,5.8
1791297891.537,python,0.0,5.29
1791297891.537,python,0.0,5.51
1791297891.537,pt_autograd_0,0.2,19.17
1791297891.738,python,0.0,37.05
1791297891.738,python,0.0,0.07
1791297891.738,python,0.0,0.06
1791297891.738,python,0.0,0.05
1791297891.738,python,0.0,0.05
1791297891.738,python,0.0,0.06
1791297891.738,python:disk$0,0.0,0.0
1791297891.738,python:sh0,0.0,0.0
1791297891.738,python:traceq0,0.0,0.0
1791297891.738,p:clctxworker0,0.0,0.0
1791297891.738,python,0.0,0.03
1791297891.738,python,0.0,7.65
1791297891.738,python,0.0,6.62
1791297891.738,python,0.0,5.8
1791297891.738,python,0.0,5.29
1791297891.738,python,0.0,5.51
1791297891.738,pt_autograd_0,0.2,19.37
1791297891.939,python,0.0,37.05
1791297891.939,python,0.0,0.07
1791297891.939,python,0.0,0.06
1791297891.939,python,0.0,0.05
1791297891.939,python,0.0,0.05
1791297891.939,python,0.0,0.06
1791297891.939,python:disk$0,0.0,0.0
1791297891.939,python:sh0,0.0,0.0
1791297891.939,python:traceq0,0.0,0.0
1791297891.939,p:clctxworker0,0.0,0.0
1791297891.939,python,0.0,0.03
1791297891.939,python,0.0,7.65
1791297891.939,python,0.0,6.62
1791297891.939,python,0.0,5.8
1791297891.939,python,0.0,5.29
1791297891.939,python,0.0,5.51
1791297891.939,pt_autograd_0,0.2,19.57
1791297892.14,python,0.08,37.13
1791297892.14,python,0.0,0.07
1791297892.14,python,0.0,0.06
1791297892.14,python,0.0,0.05
1791297892.14,python,0.0,0.05
1791297892.14,python,0.0,0.06
1791297892.14,python:disk$0,0.0,0.0
1791297892.14,python:sh0,0.0,0.0
1791297892.14,python:traceq0,0.0,0.0
1791297892.14,p:clctxworker0,0.0,0.0
1791297892.14,python,0.0,0.03
1791297892.14,python,0.0,7.65
1791297892.14,python,0.0,6.62
1791297892.14,python,0.0,5.8
1791297892.14,python,0.0,5.29
1791297892.14,python,0.0,5.51
1791297892.14,pt_autograd_0,0.13,19.7
1791297892.341,python,0.18,37.31
1791297892.341,python,0.0,0.07
1791297892.341,python,0.0,0.06
1791297892.341,python,0.0,0.05
1791297892.341,python,0.0,0.05
1791297892.341,python,0.0,0.06
1791297892.341,python:disk$0,0.0,0.0
1791297892.341,python:sh0,0.0,0.0
1791297892.341,python:traceq0,0.0,0.0
1791297892.341,p:clctxworker0,0.0,0.0
1791297892.341,python,0.0,0.03
1791297892.341,python,0.0,7.65
1791297892.341,python,0.0,6.62
1791297892.341,python,0.0,5.8
1791297892.341,python,0.0,5.29
1791297892.341,python,0.0,5.51
1791297892.341,pt_autograd_0,0.0,19.7
1791297892.543,python,0.08,37.39
1791297892.543,python,0.0,0.07
1791297892.543,python,0.0,0.06
1791297892.543,python,0.0,0.05
1791297892.543,python,0.0,0.05
1791297892.543,python,0.0,0.06
1791297892.543,python:disk$0,0.0,0.0
1791297892.543,python:sh0,0.0,0.0
1791297892.543,python:traceq0,0.0,0.0
1791297892.543,p:clctxworker0,0.0,0.0
1791297892.543,python,0.0,0.03
1791297892.543,python,0.0,7.65
1791297892.543,python,0.0,6.62
1791297892.543,python,0.0,5.8
1791297892.543,python,0.0,5.29
1791297892.543,python,0.0,5.51
1791297892.543,pt_autograd_0,0.12,19.82
1791297892.744,python,0.0,37.39
1791297892.744,python,0.0,0.07
1791297892.744,python,0.0,0.06
1791297892.744,python,0.0,0.05
1791297892.744,python,0.0,0.05
1791297892.744,python,0.0,0.06
1791297892.744,python:disk$0,0.0,0.0
1791297892.744,python:sh0,0.0,0.0
1791297892.744,python:traceq0,0.0,0.0
1791297892.744,p:clctxworker0,0.0,0.0
1791297892.744,python,0.0,0.03
1791297892.744,python,0.0,7.65
1791297892.744,python,0.0,6.62
1791297892.744,python,0.0,5.8
1791297892.744,python,0.0,5.29
1791297892.744,python,0.0,5.51
1791297892.744,pt_autograd_0,0.21,20.03
1791297892.945,python,0.0,37.39
1791297892.945,python,0.0,0.07
1791297892.945,python,0.0,0.06
1791297892.945,python,0.0,0.05
1791297892.945,python,0.0,0.05
1791297892.945,python,0.0,0.06
1791297892.945,python:disk$0,0.0,0.0
1791297892.945,python:sh0,0.0,0.0
1791297892.945,python:traceq0,0.0,0.0
1791297892.945,p:clctxworker0,0.0,0.0
1791297892.945,python,0.0,0.03
1791297892.945,python,0.0,7.65
1791297892.945,python,0.0,6.62
1791297892.945,python,0.0,5.8
1791297892.945,python,0.0,5.29
1791297892.945,python,0.0,5.51
1791297892.945,pt_autograd_0,0.2,20.23
1791297893.146,python,0.04,37.43
1791297893.146,python,0.0,0.07
1791297893.146,python,0.0,0.06
1791297893.146,python,0.0,0.05
1791297893.146,python,0.0,0.05
1791297893.146,python,0.0,0.06
1791297893.146,python:disk$0,0.0,0.0
1791297893.146,python:sh0,0.0,0.0
1791297893.146,python:traceq0,0.0,0.0
1791297893.146,p:clctxworker0,0.0,0.0
1791297893.146,python,0.0,0.03
1791297893.146,python,0.0,7.65
1791297893.146,python,0.0,6.62
1791297893.146,python,0.0,5.8
1791297893.146,python,0.0,5.29
1791297893.146,python,0.0,5.51
1791297893.146,pt_autograd_0,0.16,20.39
1791297893.347,python,0.2,37.63
1791297893.347,python,0.0,0.07
1791297893.347,python,0.0,0.06
1791297893.347,python,0.0,0.05
1791297893.347,python,0.0,0.05
1791297893.347,python,0.0,0.06
1791297893.347,python:disk$0,0.0,0.0
1791297893.347,python:sh0,0.0,0.0
1791297893.347,python:traceq0,0.0,0.0
1791297893.347,p:clctxworker0,0.0,0.0
1791297893.347,python,0.0,0.03
1791297893.347,python,0.0,7.65
1791297893.347,python,0.0,6.62
1791297893.347,python,0.0,5.8
1791297893.347,python,0.0,5.29
1791297893.347,python,0.0,5.51
1791297893.347,pt_autograd_0,0.0,20.39
1791297893.548,python,0.1,37.73
1791297893.548,python,0.0,0.07
1791297893.548,python,0.0,0.06
1791297893.548,python,0.0,0.05
1791297893.548,python,0.0,0.05
1791297893.548,python,0.0,0.06
1791297893.548,python:disk$0,0.0,0.0
1791297893.548,python:sh0,0.0,0.0
1791297893.548,python:traceq0,0.0,0.0
1791297893.548,p:clctxworker0,0.0,0.0
1791297893.548,python,0.0,0.03
1791297893.548,python,0.0,7.65
1791297893.548,python,0.0,6.62
1791297893.548,python,0.0,5.8
1791297893.548,python,0.0,5.29
1791297893.548,python,0.0,5.51
1791297893.548,pt_autograd_0,0.09,20.48
1791297893.749,python,0.0,37.73
1791297893.749,python,0.0,0.07
1791297893.749,python,0.0,0.06
1791297893.749,python,0.0,0.05
1791297893.749,python,0.0,0.05
1791297893.749,python,0.0,0.06
1791297893.749,python:disk$0,0.0,0.0
1791297893.749,python:sh0,0.0,0.0
1791297893.749,python:traceq0,0.0,0.0
1791297893.749,p:clctxworker0,0.0,0.0
1791297893.749,python,0.0,0.03
1791297893.749,python,0.0,7.65
1791297893.749,python,0.0,6.62
1791297893.749,python,0.0,5.8
1791297893.749,python,0.0,5.29
1791297893.749,python,0.0,5.51
1791297893.749,pt_autograd_0,0.21,20.69
1791297893.95,python,0.0,37.73
1791297893.95,python,0.0,0.07
1791297893.95,python,0.0,0.06
1791297893.95,python,0.0,0.05
1791297893.95,python,0.0,0.05
1791297893.95,python,0.0,0.06
1791297893.95,python:disk$0,0.0,0.0
1791297893.95,python:sh0,0.0,0.0
1791297893.95,python:traceq0,0.0,0.0
1791297893.95,p:clctxworker0,0.0,0.0
1791297893.95,python,0.0,0.03
1791297893.95,python,0.0,7.65
1791297893.95,python,0.0,6.62
1791297893.95,python,0.0,5.8
1791297893.95,python,0.0,5.29
1791297893.95,python,0.0,5.51
1791297893.95,pt_autograd_0,0.2,20.89
1791297894.152,python,0.0,37.73
1791297894.152,python,0.0,0.07
1791297894.152,python,0.0,0.06
1791297894.152,python,0.0,0.05
1791297894.152,python,0.0,0.05
1791297894.152,python,0.0,0.06
1791297894.152,python:disk$0,0.0,0.0
1791297894.152,python:sh0,0.0,0.0
1791297894.152,python:traceq0,0.0,0.0
1791297894.152,p:clctxworker0,0.0,0.0
1791297894.152,python,0.0,0.03
1791297894.152,python,0.0,7.65
1791297894.152,python,0.0,6.62
1791297894.152,python,0.0,5.8
1791297894.152,python,0.0,5.29
1791297894.152,python,0.0,5.51
1791297894.152,pt_autograd_0,0.19,21.08
1791297894.353,python,0.18,37.91
1791297894.353,python,0.0,0.07
1791297894.353,python,0.0,0.06
1791297894.353,python,0.0,0.05
1791297894.353,python,0.0,0.05
1791297894.353,python,0.0,0.06
1791297894.353,python:disk$0,0.0,0.0
1791297894.353,python:sh0,0.0,0.0
1791297894.353,python:traceq0,0.0,0.0
1791297894.353,p:clctxworker0,0.0,0.0
1791297894.353,python,0.0,0.03
1791297894.353,python,0.0,7.65
1791297894.353,python,0.0,6.62
1791297894.353,python,0.0,5.8
1791297894.353,python,0.0,5.29
1791297894.353,python,0.0,5.51
1791297894.353,pt_autograd_0,0.02,21.1
1791297894.554,python,0.16,38.07
1791297894.554,python,0.0,0.07
1791297894.554,python,0.0,0.06
1791297894.554,python,0.0,0.05
1791297894.554,python,0.0,0.05
1791297894.554,python,0.0,0.06
1791297894.554,python:disk$0,0.0,0.0
1791297894.554,python:sh0,0.0,0.0
1791297894.554,python:traceq0,0.0,0.0
1791297894.554,p:clctxworker0,0.0,0.0
1791297894.554,python,0.0,0.03
1791297894.554,python,0.0,7.65
1791297894.554,python,0.0,6.62
1791297894.554,python,0.0,5.8
1791297894.554,python,0.0,5.29
1791297894.554,python,0.0,5.51
1791297894.554,pt_autograd_0,0.04,21.14
1791297894.755,python,0.0,38.07
1791297894.755,python,0.0,0.07
1791297894.755,python,0.0,0.06
1791297894.755,python,0.0,0.05
1791297894.755,python,0.0,0.05
1791297894.755,python,0.0,0.06
1791297894.755,python:disk$0,0.0,0.0
1791297894.755,python:sh0,0.0,0.0
1791297894.755,python:traceq0,0.0,0.0
1791297894.755,p:clctxworker0,0.0,0.0
1791297894.755,python,0.0,0.03
1791297894.755,python,0.0,7.65
1791297894.755,python,0.0,6.62
1791297894.755,python,0.0,5.8
1791297894.755,python,0.0,5.29
1791297894.755,python,0.0,5.51
1791297894.755,pt_autograd_0,0.2,21.34
1791297894.956,python,0.0,38.07
1791297894.956,python,0.0,0.07
1791297894.956,python,0.0,0.06
1791297894.956,python,0.0,0.05
1791297894.956,python,0.0,0.05
1791297894.956,python,0.0,0.06
1791297894.956,python:disk$0,0.0,0.0
1791297894.956,python:sh0,0.0,0.0
1791297894.956,python:traceq0,0.0,0.0
1791297894.956,p:clctxworker0,0.0,0.0
1791297894.956,python,0.0,0.03
1791297894.956,python,0.0,7.65
1791297894.956,python,0.0,6.62
1791297894.956,python,0.0,5.8
1791297894.956,python,0.0,5.29
1791297894.956,python,0.0,5.51
1791297894.956,pt_autograd_0,0.19,21.53
1791297895.157,python,0.0,38.07
1791297895.157,python,0.0,0.07
1791297895.157,python,0.0,0.06
1791297895.157,python,0.0,0.05
1791297895.157,python,0.0,0.05
1791297895.157,python,0.0,0.06
1791297895.157,python:disk$0,0.0,0.0
1791297895.157,python:sh0,0.0,0.0
1791297895.157,python:traceq0,0.0,0.0
1791297895.157,p:clctxworker0,0.0,0.0
1791297895.157,python,0.0,0.03
1791297895.157,python,0.0,7.65
1791297895.157,python,0.0,6.62
1791297895.157,python,0.0,5.8
1791297895.157,python,0.0,5.29
1791297895.157,python,0.0,5.51
1791297895.157,pt_autograd_0,0.2,21.73
1791297895.359,python,0.14,38.21
1791297895.359,python,0.0,0.07
1791297895.359,python,0.0,0.06
1791297895.359,python,0.0,0.05
1791297895.359,python,0.0,0.05
1791297895.359,python,0.0,0.06
1791297895.359,python:disk$0,0.0,0.0
1791297895.359,python:sh0,0.0,0.0
1791297895.359,python:traceq0,0.0,0.0
1791297895.359,p:clctxworker0,0.0,0.0
1791297895.359,python,0.0,0.03
1791297895.359,python,0.02,7.67
1791297895.359,python,0.02,6.64
1791297895.359,python,0.01,5.81
1791297895.359,python,0.01,5.3
1791297895.359,python,0.01,5.52
1791297895.359,pt_autograd_0,0.05,21.78
1791297895.56,python,0.2,38.41
1791297895.56,python,0.0,0.07
1791297895.56,python,0.0,0.06
1791297895.56,python,0.0,0.05
1791297895.56,python,0.0,0.05
1791297895.56,python,0.0,0.06
1791297895.56,python:disk$0,0.0,0.0
1791297895.56,python:sh0,0.0,0.0
1791297895.56,python:traceq0,0.0,0.0
1791297895.56,p:clctxworker0,0.0,0.0
1791297895.56,python,0.0,0.03
1791297895.56,python,0.0,7.67
1791297895.56,python,0.0,6.64
1791297895.56,python,0.0,5.81
1791297895.56,python,0.0,5.3
1791297895.56,python,0.0,5.52
1791297895.56,pt_autograd_0,0.0,21.78
1791297895.761,python,0.2,38.61
1791297895.761,python,0.0,0.07
1791297895.761,python,0.0,0.06
1791297895.761,python,0.0,0.05
1791297895.761,python,0.0,0.05
1791297895.761,python,0.0,0.06
1791297895.761,python:disk$0,0.0,0.0
1791297895.761,python:sh0,0.0,0.0
1791297895.761,python:traceq0,0.0,0.0
1791297895.761,p:clctxworker0,0.0,0.0
1791297895.761,python,0.0,0.03
1791297895.761,python,0.0,7.67
1791297895.761,python,0.0,6.64
1791297895.761,python,0.0,5.81
1791297895.761,python,0.0,5.3
1791297895.761,python,0.0,5.52
1791297895.761,pt_autograd_0,0.0,21.78
1791297895.962,python,0.19,38.8
1791297895.962,python,0.0,0.07
1791297895.962,python,0.0,0.06
1791297895.962,python,0.0,0.05
1791297895.962,python,0.0,0.05
1791297895.962,python,0.0,0.06
1791297895.962,python:disk$0,0.0,0.0
1791297895.962,python:sh0,0.0,0.0
1791297895.962,python:traceq0,0.0,0.0
1791297895.962,p:clctxworker0,0.0,0.0
1791297895.962,python,0.0,0.03
1791297895.962,python,0.0,7.67
1791297895.962,python,0.0,6.64
1791297895.962,python,0.0,5.81
1791297895.962,python,0.0,5.3
1791297895.962,python,0.0,5.52
1791297895.962,pt_autograd_0,0.0,21.78
1791297896.163,python,0.2,39.0
1791297896.163,python,0.0,0.07
1791297896.163,python,0.0,0.06
1791297896.163,python,0.0,0.05
1791297896.163,python,0.0,0.05
1791297896.163,python,0.0,0.06
1791297896.163,python:disk$0,0.0,0.0
1791297896.163,python:sh0,0.0,0.0
1791297896.163,python:traceq0,0.0,0.0
1791297896.163,p:clctxworker0,0.0,0.0
1791297896.163,python,0.0,0.03
1791297896.163,python,0.0,7.67
1791297896.163,python,0.0,6.64
1791297896.163,python,0.0,5.81
1791297896.163,python,0.0,5.3
1791297896.163,python,0.0,5.52
1791297896.163,pt_autograd_0,0.0,21.78
1791297896.366,python,0.2,39.2
1791297896.366,python,0.0,0.07
1791297896.366,python,0.0,0.06
1791297896.366,python,0.0,0.05
1791297896.366,python,0.0,0.05
1791297896.366,python,0.0,0.06
1791297896.366,python:disk$0,0.0,0.0
1791297896.366,python:sh0,0.0,0.0
1791297896.366,python:traceq0,0.0,0.0
1791297896.366,p:clctxworker0,0.0,0.0
1791297896.366,python,0.0,0.03
1791297896.366,python,0.0,7.67
1791297896.366,python,0.0,6.64
1791297896.366,python,0.0,5.81
1791297896.366,python,0.0,5.3
1791297896.366,python,0.0,5.52
1791297896.366,pt_autograd_0,0.0,21.78
1791297896.567,python,0.2,39.4
1791297896.567,python,0.0,0.07
1791297896.567,python,0.0,0.06
1791297896.567,python,0.0,0.05
1791297896.567,python,0.0,0.05
1791297896.567,python,0.0,0.06
1791297896.567,python:disk$0,0.0,0.0
1791297896.567,python:sh0,0.0,0.0
1791297896.567,python:traceq0,0.0,0.0
1791297896.567,p:clctxworker0,0.0,0.0
1791297896.567,python,0.0,0.03
1791297896.567,python,0.0,7.67
1791297896.567,python,0.0,6.64
1791297896.567,python,0.0,5.81
1791297896.567,python,0.0,5.3
1791297896.567,python,0.0,5.52
1791297896.567,pt_autograd_0,0.0,21.78
1791297896.768,python,0.19,39.59
1791297896.768,python,0.0,0.07
1791297896.768,python,0.0,0.06
1791297896.768,python,0.0,0.05
1791297896.768,python,0.0,0.05
1791297896.768,python,0.0,0.06
1791297896.768,python:disk$0,0.0,0.0
1791297896.768,python:sh0,0.0,0.0
1791297896.768,python:traceq0,0.0,0.0
1791297896.768,p:clctxworker0,0.0,0.0
1791297896.768,python,0.0,0.03
1791297896.768,python,0.0,7.67
1791297896.768,python,0.0,6.64
1791297896.768,python,0.0,5.81
1791297896.768,python,0.0,5.3
1791297896.768,python,0.0,5.52
1791297896.768,pt_autograd_0,0.0,21.78
1791297896.969,python,0.2,39.79
1791297896.969,python,0.0,0.07
1791297896.969,python,0.0,0.06
1791297896.969,python,0.0,0.05
1791297896.969,python,0.0,0.05
1791297896.969,python,0.0,0.06
1791297896.969,python:disk$0,0.0,0.0
1791297896.969,python:sh0,0.0,0.0
1791297896.969,python:traceq0,0.0,0.0
1791297896.969,p:clctxworker0,0.0,0.0
1791297896.969,python,0.0,0.03
1791297896.969,python,0.0,7.67
1791297896.969,python,0.0,6.64
1791297896.969,python,0.0,5.81
1791297896.969,python,0.0,5.3
1791297896.969,python,0.0,5.52
1791297896.969,pt_autograd_0,0.0,21.78
1791297897.17,python,0.2,39.99
1791297897.17,python,0.0,0.07
1791297897.17,python,0.0,0.06
1791297897.17,python,0.0,0.05
1791297897.17,python,0.0,0.05
1791297897.17,python,0.0,0.06
1791297897.17,python:disk$0,0.0,0.0
1791297897.17,python:sh0,0.0,0.0
1791297897.17,python:traceq0,0.0,0.0
1791297897.17,p:clctxworker0,0.0,0.0
1791297897.17,python,0.0,0.03
1791297897.17,python,0.0,7.67
1791297897.17,python,0.0,6.64
1791297897.17,python,0.0,5.81
1791297897.17,python,0.0,5.3
1791297897.17,python,0.0,5.52
1791297897.17,pt_autograd_0,0.0,21.78
1791297897.372,python,0.14,40.13
1791297897.372,python,0.0,0.07
1791297897.372,python,0.0,0.06
1791297897.372,python,0.0,0.05
1791297897.372,python,0.0,0.05
1791297897.372,python,0.0,0.06
1791297897.372,python:disk$0,0.0,0.0
1791297897.372,python:sh0,0.0,0.0
1791297897.372,python:traceq0,0.0,0.0
1791297897.372,p:clctxworker0,0.0,0.0
1791297897.372,python,0.0,0.03
1791297897.372,python,0.0,7.67
1791297897.372,python,0.0,6.64
1791297897.372,python,0.0,5.81
1791297897.372,python,0.0,5.3
1791297897.372,python,0.0,5.52
1791297897.372,pt_autograd_0,0.06,21.84
1791297897.573,python,0.0,40.13
1791297897.573,python,0.0,0.07
1791297897.573,python,0.0,0.06
1791297897.573,python,0.0,0.05
1791297897.573,python,0.0,0.05
1791297897.573,python,0.0,0.06
1791297897.573,python:disk$0,0.0,0.0
1791297897.573,python:sh0,0.0,0.0
1791297897.573,python:traceq0,0.0,0.0
1791297897.573,p:clctxworker0,0.0,0.0
1791297897.573,python,0.0,0.03
1791297897.573,python,0.0,7.67
1791297897.573,python,0.0,6.64
1791297897.573,python,0.0,5.81
1791297897.573,python,0.0,5.3
1791297897.573,python,0.0,5.52
1791297897.573,pt_autograd_0,0.2,22.04
1791297897.774,python,0.0,40.13
1791297897.774,python,0.0,0.07
1791297897.774,python,0.0,0.06
1791297897.774,python,0.0,0.05
1791297897.774,python,0.0,0.05
1791297897.774,python,0.0,0.06
1791297897.774,python:disk$0,0.0,0.0
1791297897.774,python:sh0,0.0,0.0
1791297897.774,python:traceq0,0.0,0.0
1791297897.774,p:clctxworker0,0.0,0.0
1791297897.774,python,0.0,0.03
1791297897.774,python,0.0,7.67
1791297897.774,python,0.0,6.64
1791297897.774,python,0.0,5.81
1791297897.774,python,0.0,5.3
1791297897.774,python,0.0,5.52
1791297897.774,pt_autograd_0,0.2,22.24
1791297897.975,python,0.0,40.13
1791297897.975,python,0.0,0.07
1791297897.975,python,0.0,0.06
1791297897.975,python,0.0,0.05
1791297897.975,python,0.0,0.05
1791297897.975,python,0.0,0.06
1791297897.975,python:disk$0,0.0,0.0
1791297897.975,python:sh0,0.0,0.0
1791297897.975,python:traceq0,0.0,0.0
1791297897.975,p:clctxworker0,0.0,0.0
1791297897.975,python,0.0,0.03
1791297897.975,python,0.0,7.67
1791297897.975,python,0.0,6.64
1791297897.975,python,0.0,5.81
1791297897.975,python,0.0,5.3
1791297897.975,python,0.0,5.52
1791297897.975,pt_autograd_0,0.2,22.44
1791297898.176,python,0.0,40.13
1791297898.176,python,0.0,0.07
1791297898.176,python,0.0,0.06
1791297898.176,python,0.0,0.05
1791297898.176,python,0.0,0.05
1791297898.176,python,0.0,0.06
1791297898.176,python:disk$0,0.0,0.0
1791297898.176,python:sh0,0.0,0.0
1791297898.176,python:traceq0,0.0,0.0
1791297898.176,p:clctxworker0,0.0,0.0
1791297898.176,python,0.0,0.03
1791297898.176,python,0.0,7.67
1791297898.176,python,0.0,6.64
1791297898.176,python,0.0,5.81
1791297898.176,python,0.0,5.3
1791297898.176,python,0.0,5.52
1791297898.176,pt_autograd_0,0.2,22.64
1791297898.377,python,0.0,40.13
1791297898.377,python,0.0,0.07
1791297898.377,python,0.0,0.06
1791297898.377,python,0.0,0.05
1791297898.377,python,0.0,0.05
1791297898.377,python,0.0,0.06
1791297898.377,python:disk$0,0.0,0.0
1791297898.377,python:sh0,0.0,0.0
1791297898.377,python:traceq0,0.0,0.0
1791297898.377,p:clctxworker0,0.0,0.0
1791297898.377,python,0.0,0.03
1791297898.377,python,0.0,7.67
1791297898.377,python,0.0,6.64
1791297898.377,python,0.0,5.81
1791297898.377,python,0.0,5.3
1791297898.377,python,0.0,5.52
1791297898.377,pt_autograd_0,0.2,22.84
1791297898.579,python,0.0,40.13
1791297898.579,python,0.0,0.07
1791297898.579,python,0.0,0.06
1791297898.579,python,0.0,0.05
1791297898.579,python,0.0,0.05
1791297898.579,python,0.0,0.06
1791297898.579,python:disk$0,0.0,0.0
1791297898.579,python:sh0,0.0,0.0
1791297898.579,python:traceq0,0.0,0.0
1791297898.579,p:clctxworker0,0.0,0.0
1791297898.579,python,0.0,0.03
1791297898.579,python,0.0,7.67
1791297898.579,python,0.0,6.64
1791297898.579,python,0.0,5.81
1791297898.579,python,0.0,5.3
1791297898.579,python,0.0,5.52
1791297898.579,pt_autograd_0,0.2,23.04
1791297898.78,python,0.0,40.13
1791297898.78,python,0.0,0.07
1791297898.78,python,0.0,0.06
1791297898.78,python,0.0,0.05
1791297898.78,python,0.0,0.05
1791297898.78,python,0.0,0.06
1791297898.78,python:disk$0,0.0,0.0
1791297898.78,python:sh0,0.0,0.0
1791297898.78,python:traceq0,0.0,0.0
1791297898.78,p:clctxworker0,0.0,0.0
1791297898.78,python,0.0,0.03
1791297898.78,python,0.0,7.67
1791297898.78,python,0.0,6.64
1791297898.78,python,0.0,5.81
1791297898.78,python,0.0,5.3
1791297898.78,python,0.0,5.52
1791297898.78,pt_autograd_0,0.2,23.24
1791297898.981,python,0.0,40.13
1791297898.981,python,0.0,0.07
1791297898.981,python,0.0,0.06
1791297898.981,python,0.0,0.05
1791297898.981,python,0.0,0.05
1791297898.981,python,0.0,0.06
1791297898.981,python:disk$0,0.0,0.0
1791297898.981,python:sh0,0.0,0.0
1791297898.981,python:traceq0,0.0,0.0
1791297898.981,p:clctxworker0,0.0,0.0
1791297898.981,python,0.0,0.03
1791297898.981,python,0.0,7.67
1791297898.981,python,0.0,6.64
1791297898.981,python,0.0,5.81
1791297898.981,python,0.0,5.3
1791297898.981,python,0.0,5.52
1791297898.981,pt_autograd_0,0.2,23.44
1791297899.182,python,0.0,40.13
1791297899.182,python,0.0,0.07
1791297899.182,python,0.0,0.06
1791297899.182,python,0.0,0.05
1791297899.182,python,0.0,0.05
1791297899.182,python,0.0,0.06
1791297899.182,python:disk$0,0.0,0.0
1791297899.182,python:sh0,0.0,0.0
1791297899.182,python:traceq0,0.0,0.0
1791297899.182,p:clctxworker0,0.0,0.0
1791297899.182,python,0.0,0.03
1791297899.182,python,0.0,7.67
1791297899.182,python,0.0,6.64
1791297899.182,python,0.0,5.81
1791297899.182,python,0.0,5.3
1791297899.182,python,0.0,5.52
1791297899.182,pt_autograd_0,0.2,23.64
1791297899.383,python,0.0,40.13
1791297899.383,python,0.0,0.07
1791297899.383,python,0.0,0.06
1791297899.383,python,0.0,0.05
1791297899.383,python,0.0,0.05
1791297899.383,python,0.0,0.06
1791297899.383,python:disk$0,0.0,0.0
1791297899.383,python:sh0,0.0,0.0
1791297899.383,python:traceq0,0.0,0.0
1791297899.383,p:clctxworker0,0.0,0.0
1791297899.383,python,0.0,0.03
1791297899.383,python,0.0,7.67
1791297899.383,python,0.0,6.64
1791297899.383,python,0.0,5.81
1791297899.383,python,0.0,5.3
1791297899.383,python,0.0,5.52
1791297899.383,pt_autograd_0,0.2,23.84
1791297899.584,python,0.0,40.13
1791297899.584,python,0.0,0.07
1791297899.584,python,0.0,0.06
1791297899.584,python,0.0,0.05
1791297899.584,python,0.0,0.05
1791297899.584,python,0.0,0.06
1791297899.584,python:disk$0,0.0,0.0
1791297899.584,python:sh0,0.0,0.0
1791297899.584,python:traceq0,0.0,0.0
1791297899.584,p:clctxworker0,0.0,0.0
1791297899.584,python,0.0,0.03
1791297899.584,python,0.0,7.67
1791297899.584,python,0.0,6.64
1791297899.584,python,0.0,5.81
1791297899.584,python,0.0,5.3
1791297899.584,python,0.0,5.52
1791297899.584,pt_autograd_0,0.2,24.04
1791297899.785,python,0.0,40.13
1791297899.785,python,0.0,0.07
1791297899.785,python,0.0,0.06
1791297899.785,python,0.0,0.05
1791297899.785,python,0.0,0.05
1791297899.785,python,0.0,0.06
1791297899.785,python:disk$0,0.0,0.0
1791297899.785,python:sh0,0.0,0.0
1791297899.785,python:traceq0,0.0,0.0
1791297899.785,p:clctxworker0,0.0,0.0
1791297899.785,python,0.0,0.03
1791297899.785,python,0.0,7.67
1791297899.785,python,0.0,6.64
1791297899.785,python,0.0,5.81
1791297899.785,python,0.0,5.3
1791297899.785,python,0.0,5.52
1791297899.785,pt_autograd_0,0.21,24.25
1791297899.987,python,0.12,40.25
1791297899.987,python,0.0,0.07
1791297899.987,python,0.0,0.06
1791297899.987,python,0.0,0.05
1791297899.987,python,0.0,0.05
1791297899.987,python,0.0,0.06
1791297899.987,python:disk$0,0.0,0.0
1791297899.987,python:sh0,0.0,0.0
1791297899.987,python:traceq0,0.0,0.0
1791297899.987,p:clctxworker0,0.0,0.0
1791297899.987,python,0.0,0.03
1791297899.987,python,0.0,7.67
1791297899.987,python,0.0,6.64
1791297899.987,python,0.0,5.81
1791297899.987,python,0.0,5.3
1791297899.987,python,0.0,5.52
1791297899.987,pt_autograd_0,0.08,24.33
1791297900.188,python,0.2,40.45
1791297900.188,python,0.0,0.07
1791297900.188,python,0.0,0.06
1791297900.188,python,0.0,0.05
1791297900.188,python,0.0,0.05
1791297900.188,python,0.0,0.06
1791297900.188,python:disk$0,0.0,0.0
1791297900.188,python:sh0,0.0,0.0
1791297900.188,python:traceq0,0.0,0.0
1791297900.188,p:clctxworker0,0.0,0.0
1791297900.188,python,0.0,0.03
1791297900.188,python,0.0,7.67
1791297900.188,python,0.0,6.64
1791297900.188,python,0.0,5.81
1791297900.188,python,0.0,5.3
1791297900.188,python,0.0,5.52
1791297900.188,pt_autograd_0,0.0,24.33
1791297900.389,python,0.02,40.47
1791297900.389,python,0.0,0.07
1791297900.389,python,0.0,0.06
1791297900.389,python,0.0,0.05
1791297900.389,python,0.0,0.05
1791297900.389,python,0.0,0.06
1791297900.389,python:disk$0,0.0,0.0
1791297900.389,python:sh0,0.0,0.0
1791297900.389,python:traceq0,0.0,0.0
1791297900.389,p:clctxworker0,0.0,0.0
1791297900.389,python,0.0,0.03
1791297900.389,python,0.0,7.67
1791297900.389,python,0.0,6.64
1791297900.389,python,0.0,5.81
1791297900.389,python,0.0,5.3
1791297900.389,python,0.0,5.52
1791297900.389,pt_autograd_0,0.17,24.5
1791297900.59,python,0.0,40.47
1791297900.59,python,0.0,0.07
1791297900.59,python,0.0,0.06
1791297900.59,python,0.0,0.05
1791297900.59,python,0.0,0.05
1791297900.59,python,0.0,0.06
1791297900.59,python:disk$0,0.0,0.0
1791297900.59,python:sh0,0.0,0.0
1791297900.59,python:traceq0,0.0,0.0
1791297900.59,p:clctxworker0,0.0,0.0
1791297900.59,python,0.0,0.03
1791297900.59,python,0.0,7.67
1791297900.59,python,0.0,6.64
1791297900.59,python,0.0,5.81
1791297900.59,python,0.0,5.3
1791297900.59,python,0.0,5.52
1791297900.59,pt_autograd_0,0.2,24.7
1791297900.791,python,0.0,40.47
1791297900.791,python,0.0,0.07
1791297900.791,python,0.0,0.06
1791297900.791,python,0.0,0.05
1791297900.791,python,0.0,0.05
1791297900.791,python,0.0,0.06
1791297900.791,python:disk$0,0.0,0.0
1791297900.791,python:sh0,0.0,0.0
1791297900.791,python:traceq0,0.0,0.0
1791297900.791,p:clctxworker0,0.0,0.0
1791297900.791,python,0.0,0.03
1791297900.791,python,0.0,7.67
1791297900.791,python,0.0,6.64
1791297900.791,python,0.0,5.81
1791297900.791,python,0.0,5.3
1791297900.791,python,0.0,5.52
1791297900.791,pt_autograd_0,0.2,24.9
1791297900.992,python,0.1,40.57
1791297900.992,python,0.0,0.07
1791297900.992,python,0.0,0.06
1791297900.992,python,0.0,0.05
1791297900.992,python,0.0,0.05
1791297900.992,python,0.0,0.06
1791297900.992,python:disk$0,0.0,0.0
1791297900.992,python:sh0,0.0,0.0
1791297900.992,python:traceq0,0.0,0.0
1791297900.992,p:clctxworker0,0.0,0.0
1791297900.992,python,0.0,0.03
1791297900.992,python,0.0,7.67
1791297900.992,python,0.0,6.64
1791297900.992,python,0.0,5.81
1791297900.992,python,0.0,5.3
1791297900.992,python,0.0,5.52
1791297900.992,pt_autograd_0,0.09,24.99
1791297901.193,python,0.2,40.77
1791297901.193,python,0.0,0.07
1791297901.193,python,0.0,0.06
1791297901.193,python,0.0,0.05
1791297901.193,python,0.0,0.05
1791297901.193,python,0.0,0.06
1791297901.193,python:disk$0,0.0,0.0
1791297901.193,python:sh0,0.0,0.0
1791297901.193,python:traceq0,0.0,0.0
1791297901.193,p:clctxworker0,0.0,0.0
1791297901.193,python,0.0,0.03
1791297901.193,python,0.0,7.67
1791297901.193,python,0.0,6.64
1791297901.193,python,0.0,5.81
1791297901.193,python,0.0,5.3
1791297901.193,python,0.0,5.52
1791297901.193,pt_autograd_0,0.0,24.99
1791297901.395,python,0.03,40.8
1791297901.395,python,0.0,0.07
1791297901.395,python,0.0,0.06
1791297901.395,python,0.0,0.05
1791297901.395,python,0.0,0.05
1791297901.395,python,0.0,0.06
1791297901.395,python:disk$0,0.0,0.0
1791297901.395,python:sh0,0.0,0.0
1791297901.395,python:traceq0,0.0,0.0
1791297901.395,p:clctxworker0,0.0,0.0
1791297901.395,python,0.0,0.03
1791297901.395,python,0.0,7.67
1791297901.395,python,0.0,6.64
1791297901.395,python,0.0,5.81
1791297901.395,python,0.0,5.3
1791297901.395,python,0.0,5.52
1791297901.395,pt_autograd_0,0.17,25.16
1791297901.596,python,0.0,40.8
1791297901.596,python,0.0,0.07
1791297901.596,python,0.0,0.06
1791297901.596,python,0.0,0.05
1791297901.596,python,0.0,0.05
1791297901.596,python,0.0,0.06
1791297901.596,python:disk$0,0.0,0.0
1791297901.596,python:sh0,0.0,0.0
1791297901.596,python:traceq0,0.0,0.0
1791297901.596,p:clctxworker0,0.0,0.0
1791297901.596,python,0.0,0.03
1791297901.596,python,0.0,7.67
1791297901.596,python,0.0,6.64
1791297901.596,python,0.0,5.81
1791297901.596,python,0.0,5.3
1791297901.596,python,0.0,5.52
1791297901.596,pt_autograd_0,0.2,25.36
1791297901.797,python,0.0,40.8
1791297901.797,python,0.0,0.07
1791297901.797,python,0.0,0.06
1791297901.797,python,0.0,0.05
1791297901.797,python,0.0,0.05
1791297901.797,python,0.0,0.06
1791297901.797,python:disk$0,0.0,0.0
1791297901.797,python:sh0,0.0,0.0
1791297901.797,python:traceq0,0.0,0.0
1791297901.797,p:clctxworker0,0.0,0.0
1791297901.797,python,0.0,0.03
1791297901.797,python,0.0,7.67
1791297901.797,python,0.0,6.64
1791297901.797,python,0.0,5.81
1791297901.797,python,0.0,5.3
1791297901.797,python,0.0,5.52
1791297901.797,pt_autograd_0,0.2,25.56
1791297901.998,python,0.09,40.89
1791297901.998,python,0.0,0.07
1791297901.998,python,0.0,0.06
1791297901.998,python,0.0,0.05
1791297901.998,python,0.0,0.05
1791297901.998,python,0.0,0.06
1791297901.998,python:disk$0,0.0,0.0
1791297901.998,python:sh0,0.0,0.0
1791297901.998,python:traceq0,0.0,0.0
1791297901.998,p:clctxworker0,0.0,0.0
1791297901.998,python,0.0,0.03
1791297901.998,python,0.0,7.67
1791297901.998,python,0.0,6.64
1791297901.998,python,0.0,5.81
1791297901.998,python,0.0,5.3
1791297901.998,python,0.0,5.52
1791297901.998,pt_autograd_0,0.11,25.67
1791297902.199,python,0.2,41.09
1791297902.199,python,0.0,0.07
1791297902.199,python,0.0,0.06
1791297902.199,python,0.0,0.05
1791297902.199,python,0.0,0.05
1791297902.199,python,0.0,0.06
1791297902.199,python:disk$0,0.0,0.0
1791297902.199,python:sh0,0.0,0.0
1791297902.199,python:traceq0,0.0,0.0
1791297902.199,p:clctxworker0,0.0,0.0
1791297902.199,python,0.0,0.03
1791297902.199,python,0.0,7.67
1791297902.199,python,0.0,6.64
1791297902.199,python,0.0,5.81
1791297902.199,python,0.0,5.3
1791297902.199,python,0.0,5.52
1791297902.199,pt_autograd_0,0.0,25.67
1791297902.4,python,0.06,41.15
1791297902.4,python,0.0,0.07
1791297902.4,python,0.0,0.06
1791297902.4,python,0.0,0.05
1791297902.4,python,0.0,0.05
1791297902.4,python,0.0,0.06
1791297902.4,python:disk$0,0.0,0.0
1791297902.4,python:sh0,0.0,0.0
1791297902.4,python:traceq0,0.0,0.0
1791297902.4,p:clctxworker0,0.0,0.0
1791297902.4,python,0.0,0.03
1791297902.4,python,0.0,7.67
1791297902.4,python,0.0,6.64
1791297902.4,python,0.0,5.81
1791297902.4,python,0.0,5.3
1791297902.4,python,0.0,5.52
1791297902.4,pt_autograd_0,0.13,25.8
1791297902.602,python,0.0,41.15
1791297902.602,python,0.0,0.07
1791297902.602,python,0.0,0.06
1791297902.602,python,0.0,0.05
1791297902.602,python,0.0,0.05
1791297902.602,python,0.0,0.06
1791297902.602,python:disk$0,0.0,0.0
1791297902.602,python:sh0,0.0,0.0
1791297902.602,python:traceq0,0.0,0.0
1791297902.602,p:clctxworker0,0.0,0.0
1791297902.602,python,0.0,0.03
1791297902.602,python,0.0,7.67
1791297902.602,python,0.0,6.64
1791297902.602,python,0.0,5.81
1791297902.602,python,0.0,5.3
1791297902.602,python,0.0,5.52
1791297902.602,pt_autograd_0,0.2,26.0
1791297902.803,python,0.0,41.15
1791297902.803,python,0.0,0.07
1791297902.803,python,0.0,0.06
1791297902.803,python,0.0,0.05
1791297902.803,python,0.0,0.05
1791297902.803,python,0.0,0.06
1791297902.803,python:disk$0,0.0,0.0
1791297902.803,python:sh0,0.0,0.0
1791297902.803,python:traceq0,0.0,0.0
1791297902.803,p:clctxworker0,0.0,0.0
1791297902.803,python,0.0,0.03
1791297902.803,python,0.0,7.67
1791297902.803,python,0.0,6.64
1791297902.803,python,0.0,5.81
1791297902.803,python,0.0,5.3
1791297902.803,python,0.0,5.52
1791297902.803,pt_autograd_0,0.2,26.2
1791297903.004,python,0.01,41.16
1791297903.004,python,0.0,0.07
1791297903.004,python,0.0,0.06
1791297903.004,python,0.0,0.05
1791297903.004,python,0.0,0.05
1791297903.004,python,0.0,0.06
1791297903.004,python:disk$0,0.0,0.0
1791297903.004,python:sh0,0.0,0.0
1791297903.004,python:traceq0,0.0,0.0
1791297903.004,p:clctxworker0,0.0,0.0
1791297903.004,python,0.0,0.03
1791297903.004,python,0.0,7.67
1791297903.004,python,0.0,6.64
1791297903.004,python,0.0,5.81
1791297903.004,python,0.0,5.3
1791297903.004,python,0.0,5.52
1791297903.004,pt_autograd_0,0.2,26.4
1791297903.206,python,0.19,41.35
1791297903.206,python,0.0,0.07
1791297903.206,python,0.0,0.06
1791297903.206,python,0.0,0.05
1791297903.206,python,0.0,0.05
1791297903.206,python,0.0,0.06
1791297903.206,python:disk$0,0.0,0.0
1791297903.206,python:sh0,0.0,0.0
1791297903.206,python:traceq0,0.0,0.0
1791297903.206,p:clctxworker0,0.0,0.0
1791297903.206,python,0.01,0.04
1791297903.206,python,0.0,7.67
1791297903.206,python,0.0,6.64
1791297903.206,python,0.0,5.81
1791297903.206,python,0.0,5.3
1791297903.206,python,0.0,5.52
1791297903.206,pt_autograd_0,0.0,26.4
1791297903.407,python,0.16,41.51
1791297903.407,python,0.0,0.07
1791297903.407,python,0.0,0.06
1791297903.407,python,0.0,0.05
1791297903.407,python,0.0,0.05
1791297903.407,python,0.0,0.06
1791297903.407,python:disk$0,0.0,0.0
1791297903.407,python:sh0,0.0,0.0
1791297903.407,python:traceq0,0.0,0.0
1791297903.407,p:clctxworker0,0.0,0.0
1791297903.407,python,0.0,0.04
1791297903.407,python,0.0,7.67
1791297903.407,python,0.0,6.64
1791297903.407,python,0.0,5.81
1791297903.407,python,0.0,5.3
1791297903.407,python,0.0,5.52
1791297903.407,pt_autograd_0,0.03,26.43
1791297903.608,python,0.0,41.51
1791297903.608,python,0.0,0.07
1791297903.608,python,0.0,0.06
1791297903.608,python,0.0,0.05
1791297903.608,python,0.0,0.05
1791297903.608,python,0.0,0.06
1791297903.608,python:disk$0,0.0,0.0
1791297903.608,python:sh0,0.0,0.0
1791297903.608,python:traceq0,0.0,0.0
1791297903.608,p:clctxworker0,0.0,0.0
1791297903.608,python,0.0,0.04
1791297903.608,python,0.0,7.67
1791297903.608,python,0.0,6.64
1791297903.608,python,0.0,5.81
1791297903.608,python,0.0,5.3
1791297903.608,python,0.0,5.52
1791297903.608,pt_autograd_0,0.2,26.63
1791297903.809,python,0.0,41.51
1791297903.809,python,0.0,0.07
1791297903.809,python,0.0,0.06
1791297903.809,python,0.0,0.05
1791297903.809,python,0.0,0.05
1791297903.809,python,0.0,0.06
1791297903.809,python:disk$0,0.0,0.0
1791297903.809,python:sh0,0.0,0.0
1791297903.809,python:traceq0,0.0,0.0
1791297903.809,p:clctxworker0,0.0,0.0
1791297903.809,python,0.0,0.04
1791297903.809,python,0.0,7.67
1791297903.809,python,0.0,6.64
1791297903.809,python,0.0,5.81
1791297903.809,python,0.0,5.3
1791297903.809,python,0.0,5.52
1791297903.809,pt_autograd_0,0.2,26.83
1791297904.01,python,0.0,41.51
1791297904.01,python,0.0,0.07
1791297904.01,python,0.0,0.06
1791297904.01,python,0.0,0.05
1791297904.01,python,0.0,0.05
1791297904.01,python,0.0,0.06
1791297904.01,python:disk$0,0.0,0.0
1791297904.01,python:sh0,0.0,0.0
1791297904.01,python:traceq0,0.0,0.0
1791297904.01,p:clctxworker0,0.0,0.0
1791297904.01,python,0.0,0.04
1791297904.01,python,0.0,7.67
1791297904.01,python,0.0,6.64
1791297904.01,python,0.0,5.81
1791297904.01,python,0.0,5.3
1791297904.01,python,0.0,5.52
1791297904.01,pt_autograd_0,0.2,27.03
1791297904.212,python,0.13,41.64
1791297904.212,python,0.0,0.07
1791297904.212,python,0.0,0.06
1791297904.212,python,0.0,0.05
1791297904.212,python,0.0,0.05
1791297904.212,python,0.0,0.06
1791297904.212,python:disk$0,0.0,0.0
1791297904.212,python:sh0,0.0,0.0
1791297904.212,python:traceq0,0.0,0.0
1791297904.212,p:clctxworker0,0.0,0.0
1791297904.212,python,0.01,0.05
1791297904.212,python,0.01,7.68
1791297904.212,python,0.01,6.65
1791297904.212,python,0.01,5.82
1791297904.212,python,0.02,5.32
1791297904.212,python,0.02,5.54
1791297904.212,pt_autograd_0,0.08,27.11
1791297904.413,python,0.19,41.83
1791297904.413,python,0.0,0.07
1791297904.413,python,0.0,0.06
1791297904.413,python,0.0,0.05
1791297904.413,python,0.0,0.05
1791297904.413,python,0.0,0.06
1791297904.413,python:disk$0,0.0,0.0
1791297904.413,python:sh0,0.0,0.0
1791297904.413,python:traceq0,0.0,0.0
1791297904.413,p:clctxworker0,0.0,0.0
1791297904.413,python,0.0,0.05
1791297904.413,python,0.0,7.68
1791297904.413,python,0.0,6.65
1791297904.413,python,0.0,5.82
1791297904.413,python,0.0,5.32
1791297904.413,python,0.0,5.54
1791297904.413,pt_autograd_0,0.0,27.11
1791297904.615,python,0.2,42.03
1791297904.615,python,0.0,0.07
1791297904.615,python,0.0,0.06
1791297904.615,python,0.0,0.05
1791297904.615,python,0.0,0.05
1791297904.615,python,0.0,0.06
1791297904.615,python:disk$0,0.0,0.0
1791297904.615,python:sh0,0.0,0.0
1791297904.615,python:traceq0,0.0,0.0
1791297904.615,p:clctxworker0,0.0,0.0
1791297904.615,python,0.0,0.05
1791297904.615,python,0.0,7.68
1791297904.615,python,0.0,6.65
1791297904.615,python,0.0,5.82
1791297904.615,python,0.0,5.32
1791297904.615,python,0.0,5.54
1791297904.615,pt_autograd_0,0.0,27.11
1791297904.816,python,0.19,42.22
1791297904.816,python,0.0,0.07
1791297904.816,python,0.0,0.06
1791297904.816,python,0.0,0.05
1791297904.816,python,0.0,0.05
1791297904.816,python,0.0,0.06
1791297904.816,python:disk$0,0.0,0.0
1791297904.816,python:sh0,0.0,0.0
1791297904.816,python:traceq0,0.0,0.0
1791297904.816,p:clctxworker0,0.0,0.0
1791297904.816,python,0.0,0.05
1791297904.816,python,0.0,7.68
1791297904.816,python,0.0,6.65
1791297904.816,python,0.0,5.82
1791297904.816,python,0.0,5.32
1791297904.816,python,0.0,5.54
1791297904.816,pt_autograd_0,0.0,27.11
1791297905.017,python,0.19,42.41
1791297905.017,python,0.0,0.07
1791297905.017,python,0.0,0.06
1791297905.017,python,0.0,0.05
1791297905.017,python,0.0,0.05
1791297905.017,python,0.0,0.06
1791297905.017,python:disk$0,0.0,0.0
1791297905.017,python:sh0,0.0,0.0
1791297905.017,python:traceq0,0.0,0.0
1791297905.017,p:clctxworker0,0.0,0.0
1791297905.017,python,0.0,0.05
1791297905.017,python,0.0,7.68
1791297905.017,python,0.0,6.65
1791297905.017,python,0.0,5.82
1791297905.017,python,0.0,5.32
1791297905.017,python,0.0,5.54
1791297905.017,pt_autograd_0,0.0,27.11
1791297905.218,python,0.2,42.61
1791297905.218,python,0.0,0.07
1791297905.218,python,0.0,0.06
1791297905.218,python,0.0,0.05
1791297905.218,python,0.0,0.05
1791297905.218,python,0.0,0.06
1791297905.218,python:disk$0,0.0,0.0
1791297905.218,python:sh0,0.0,0.0
1791297905.218,python:traceq0,0.0,0.0
1791297905.218,p:clctxworker0,0.0,0.0
1791297905.218,python,0.0,0.05
1791297905.218,python,0.0,7.68
1791297905.218,python,0.0,6.65
1791297905.218,python,0.0,5.82
1791297905.218,python,0.0,5.32
1791297905.218,python,0.0,5.54
1791297905.218,pt_autograd_0,0.0,27.11
1791297905.419,python,0.2,42.81
1791297905.419,python,0.0,0.07
1791297905.419,python,0.0,0.06
1791297905.419,python,0.0,0.05
1791297905.419,python,0.0,0.05
1791297905.419,python,0.0,0.06
1791297905.419,python:disk$0,0.0,0.0
1791297905.419,python:sh0,0.0,0.0
1791297905.419,python:traceq0,0.0,0.0
1791297905.419,p:clctxworker0,0.0,0.0
1791297905.419,python,0.0,0.05
1791297905.419,python,0.0,7.68
1791297905.419,python,0.0,6.65
1791297905.419,python,0.0,5.82
1791297905.419,python,0.0,5.32
1791297905.419,python,0.0,5.54
1791297905.419,pt_autograd_0,0.0,27.11
1791297905.62,python,0.19,43.0
1791297905.62,python,0.0,0.07
1791297905.62,python,0.0,0.06
1791297905.62,python,0.0,0.05
1791297905.62,python,0.0,0.05
1791297905.62,python,0.0,0.06
1791297905.62,python:disk$0,0.0,0.0
1791297905.62,python:sh0,0.0,0.0
1791297905.62,python:traceq0,0.0,0.0
1791297905.62,p:clctxworker0,0.0,0.0
1791297905.62,python,0.0,0.05
1791297905.62,python,0.0,7.68
1791297905.62,python,0.0,6.65
1791297905.62,python,0.0,5.82
1791297905.62,python,0.0,5.32
1791297905.62,python,0.0,5.54
1791297905.62,pt_autograd_0,0.0,27.11
1791297905.822,python,0.13,43.13
1791297905.822,python,0.0,0.07
1791297905.822,python,0.0,0.06
1791297905.822,python,0.0,0.05
1791297905.822,python,0.0,0.05
1791297905.822,python,0.0,0.06
1791297905.822,python:disk$0,0.0,0.0
1791297905.822,python:sh0,0.0,0.0
1791297905.822,python:traceq0,0.0,0.0
1791297905.822,p:clctxworker0,0.0,0.0
1791297905.822,python,0.0,0.05
1791297905.822,python,0.0,7.68
1791297905.822,python,0.0,6.65
1791297905.822,python,0.0,5.82
1791297905.822,python,0.0,5.32
1791297905.822,python,0.0,5.54
1791297905.822,pt_autograd_0,0.07,27.18
1791297906.023,python,0.0,43.13
1791297906.023,python,0.0,0.07
1791297906.023,python,0.0,0.06
1791297906.023,python,0.0,0.05
1791297906.023,python,0.0,0.05
1791297906.023,python,0.0,0.06
1791297906.023,python:disk$0,0.0,0.0
1791297906.023,python:sh0,0.0,0.0
1791297906.023,python:traceq0,0.0,0.0
1791297906.023,p:clctxworker0,0.0,0.0
1791297906.023,python,0.0,0.05
1791297906.023,python,0.0,7.68
1791297906.023,python,0.0,6.65
1791297906.023,python,0.0,5.82
1791297906.023,python,0.0,5.32
1791297906.023,python,0.0,5.54
1791297906.023,pt_autograd_0,0.2,27.38
1791297906.224,python,0.0,43.13
1791297906.224,python,0.0,0.07
1791297906.224,python,0.0,0.06
1791297906.224,python,0.0,0.05
1791297906.224,python,0.0,0.05
1791297906.224,python,0.0,0.06
1791297906.224,python:disk$0,0.0,0.0
1791297906.224,python:sh0,0.0,0.0
1791297906.224,python:traceq0,0.0,0.0
1791297906.224,p:clctxworker0,0.0,0.0
1791297906.224,python,0.0,0.05
1791297906.224,python,0.0,7.68
1791297906.224,python,0.0,6.65
1791297906.224,python,0.0,5.82
1791297906.224,python,0.0,5.32
1791297906.224,python,0.0,5.54
1791297906.224,pt_autograd_0,0.2,27.58
1791297906.425,python,0.0,43.13
1791297906.425,python,0.0,0.07
1791297906.425,python,0.0,0.06
1791297906.425,python,0.0,0.05
1791297906.425,python,0.0,0.05
1791297906.425,python,0.0,0.06
1791297906.425,python:disk$0,0.0,0.0
1791297906.425,python:sh0,0.0,0.0
1791297906.425,python:traceq0,0.0,0.0
1791297906.425,p:clctxworker0,0.0,0.0
1791297906.425,python,0.0,0.05
1791297906.425,python,0.0,7.68
1791297906.425,python,0.0,6.65
1791297906.425,python,0.0,5.82
1791297906.425,python,0.0,5.32
1791297906.425,python,0.0,5.54
1791297906.425,pt_autograd_0,0.2,27.78
1791297906.626,python,0.0,43.13
1791297906.626,python,0.0,0.07
1791297906.626,python,0.0,0.06
1791297906.626,python,0.0,0.05
1791297906.626,python,0.0,0.05
1791297906.626,python,0.0,0.06
1791297906.626,python:disk$0,0.0,0.0
1791297906.626,python:sh0,0.0,0.0
1791297906.626,python:traceq0,0.0,0.0
1791297906.626,p:clctxworker0,0.0,0.0
1791297906.626,python,0.0,0.05
1791297906.626,python,0.0,7.68
1791297906.626,python,0.0,6.65
1791297906.626,python,0.0,5.82
1791297906.626,python,0.0,5.32
1791297906.626,python,0.0,5.54
1791297906.626,pt_autograd_0,0.19,27.97
1791297906.827,python,0.0,43.13
1791297906.827,python,0.0,0.07
1791297906.827,python,0.0,0.06
1791297906.827,python,0.0,0.05
1791297906.827,python,0.0,0.05
1791297906.827,python,0.0,0.06
1791297906.827,python:disk$0,0.0,0.0
1791297906.827,python:sh0,0.0,0.0
1791297906.827,python:traceq0,0.0,0.0
1791297906.827,p:clctxworker0,0.0,0.0
1791297906.827,python,0.0,0.05
1791297906.827,python,0.0,7.68
1791297906.827,python,0.0,6.65
1791297906.827,python,0.0,5.82
1791297906.827,python,0.0,5.32
1791297906.827,python,0.0,5.54
1791297906.827,pt_autograd_0,0.21,28.18
1791297907.028,python,0.0,43.13
1791297907.028,python,0.0,0.07
1791297907.028,python,0.0,0.06
1791297907.028,python,0.0,0.05
1791297907.028,python,0.0,0.05
1791297907.028,python,0.0,0.06
1791297907.028,python:disk$0,0.0,0.0
1791297907.028,python:sh0,0.0,0.0
1791297907.028,python:traceq0,0.0,0.0
1791297907.028,p:clctxworker0,0.0,0.0
1791297907.028,python,0.0,0.05
1791297907.028,python,0.0,7.68
1791297907.028,python,0.0,6.65
1791297907.028,python,0.0,5.82
1791297907.028,python,0.0,5.32
1791297907.028,python,0.0,5.54
1791297907.028,pt_autograd_0,0.2,28.38
1791297907.23,python,0.0,43.13
1791297907.23,python,0.0,0.07
1791297907.23,python,0.0,0.06
1791297907.23,python,0.0,0.05
1791297907.23,python,0.0,0.05
1791297907.23,python,0.0,0.06
1791297907.23,python:disk$0,0.0,0.0
1791297907.23,python:sh0,0.0,0.0
1791297907.23,python:traceq0,0.0,0.0
1791297907.23,p:clctxworker0,0.0,0.0
1791297907.23,python,0.0,0.05
1791297907.23,python,0.0,7.68
1791297907.23,python,0.0,6.65
1791297907.23,python,0.0,5.82
1791297907.23,python,0.0,5.32
1791297907.23,python,0.0,5.54
1791297907.23,pt_autograd_0,0.21,28.59
1791297907.431,python,0.0,43.13
1791297907.431,python,0.0,0.07
1791297907.431,python,0.0,0.06
1791297907.431,python,0.0,0.05
1791297907.431,python,0.0,0.05
1791297907.431,python,0.0,0.06
1791297907.431,python:disk$0,0.0,0.0
1791297907.431,python:sh0,0.0,0.0
1791297907.431,python:traceq0,0.0,0.0
1791297907.431,p:clctxworker0,0.0,0.0
1791297907.431,python,0.0,0.05
1791297907.431,python,0.0,7.68
1791297907.431,python,0.0,6.65
1791297907.431,python,0.0,5.82
1791297907.431,python,0.0,5.32
1791297907.431,python,0.0,5.54
1791297907.431,pt_autograd_0,0.19,28.78
1791297907.632,python,0.0,43.13
1791297907.632,python,0.0,0.07
1791297907.632,python,0.0,0.06
1791297907.632,python,0.0,0.05
1791297907.632,python,0.0,0.05
1791297907.632,python,0.0,0.06
1791297907.632,python:disk$0,0.0,0.0
1791297907.632,python:sh0,0.0,0.0
1791297907.632,python:traceq0,0.0,0.0
1791297907.632,p:clctxworker0,0.0,0.0
1791297907.632,python,0.0,0.05
1791297907.632,python,0.0,7.68
1791297907.632,python,0.0,6.65
1791297907.632,python,0.0,5.82
1791297907.632,python,0.0,5.32
1791297907.632,python,0.0,5.54
1791297907.632,pt_autograd_0,0.2,28.98
1791297907.833,python,0.0,43.13
1791297907.833,python,0.0,0.07
1791297907.833,python,0.0,0.06
1791297907.833,python,0.0,0.05
1791297907.833,python,0.0,0.05
1791297907.833,python,0.0,0.06
1791297907.833,python:disk$0,0.0,0.0
1791297907.833,python:sh0,0.0,0.0
1791297907.833,python:traceq0,0.0,0.0
1791297907.833,p:clctxworker0,0.0,0.0
1791297907.833,python,0.0,0.05
1791297907.833,python,0.0,7.68
1791297907.833,python,0.0,6.65
1791297907.833,python,0.0,5.82
1791297907.833,python,0.0,5.32
1791297907.833,python,0.0,5.54
1791297907.833,pt_autograd_0,0.2,29.18
1791297908.034,python,0.0,43.13
1791297908.034,python,0.0,0.07
1791297908.034,python,0.0,0.06
1791297908.034,python,0.0,0.05
1791297908.034,python,0.0,0.05
1791297908.034,python,0.0,0.06
1791297908.034,python:disk$0,0.0,0.0
1791297908.034,python:sh0,0.0,0.0
1791297908.034,python:traceq0,0.0,0.0
1791297908.034,p:clctxworker0,0.0,0.0
1791297908.034,python,0.0,0.05
1791297908.034,python,0.0,7.68
1791297908.034,python,0.0,6.65
1791297908.034,python,0.0,5.82
1791297908.034,python,0.0,5.32
1791297908.034,python,0.0,5.54
1791297908.034,pt_autograd_0,0.2,29.38
1791297908.235,python,0.01,43.14
1791297908.235,python,0.0,0.07
1791297908.235,python,0.0,0.06
1791297908.235,python,0.0,0.05
1791297908.235,python,0.0,0.05
1791297908.235,python,0.0,0.06
1791297908.235,python:disk$0,0.0,0.0
1791297908.235,python:sh0,0.0,0.0
1791297908.235,python:traceq0,0.0,0.0
1791297908.235,p:clctxworker0,0.0,0.0
1791297908.235,python,0.0,0.05
1791297908.235,python,0.0,7.68
1791297908.235,python,0.0,6.65
1791297908.235,python,0.0,5.82
1791297908.235,python,0.0,5.32
1791297908.235,python,0.0,5.54
1791297908.235,pt_autograd_0,0.19,29.57
1791297908.437,python,0.21,43.35
1791297908.437,python,0.0,0.07
1791297908.437,python,0.0,0.06
1791297908.437,python,0.0,0.05
1791297908.437,python,0.0,0.05
1791297908.437,python,0.0,0.06
1791297908.437,python:disk$0,0.0,0.0
1791297908.437,python:sh0,0.0,0.0
1791297908.437,python:traceq0,0.0,0.0
1791297908.437,p:clctxworker0,0.0,0.0
1791297908.437,python,0.0,0.05
1791297908.437,python,0.0,7.68
1791297908.437,python,0.0,6.65
1791297908.437,python,0.0,5.82
1791297908.437,python,0.0,5.32
1791297908.437,python,0.0,5.54
1791297908.437,pt_autograd_0,0.0,29.57
1791297908.638,python,0.2,43.55
1791297908.638,python,0.0,0.07
1791297908.638,python,0.0,0.06
1791297908.638,python,0.0,0.05
1791297908.638,python,0.0,0.05
1791297908.638,python,0.0,0.06
1791297908.638,python:disk$0,0.0,0.0
1791297908.638,python:sh0,0.0,0.0
1791297908.638,python:traceq0,0.0,0.0
1791297908.638,p:clctxworker0,0.0,0.0
1791297908.638,python,0.0,0.05
1791297908.638,python,0.0,7.68
1791297908.638,python,0.0,6.65
1791297908.638,python,0.0,5.82
1791297908.638,python,0.0,5.32
1791297908.638,python,0.0,5.54
1791297908.638,pt_autograd_0,0.0,29.57
1791297908.839,python,0.19,43.74
1791297908.839,python,0.0,0.07
1791297908.839,python,0.0,0.06
1791297908.839,python,0.0,0.05
1791297908.839,python,0.0,0.05
1791297908.839,python,0.0,0.06
1791297908.839,python:disk$0,0.0,0.0
1791297908.839,python:sh0,0.0,0.0
1791297908.839,python:traceq0,0.0,0.0
1791297908.839,p:clctxworker0,0.0,0.0
1791297908.839,python,0.0,0.05
1791297908.839,python,0.0,7.68
1791297908.839,python,0.0,6.65
1791297908.839,python,0.0,5.82
1791297908.839,python,0.0,5.32
1791297908.839,python,0.0,5.54
1791297908.839,pt_autograd_0,0.0,29.57
1791297909.04,python,0.21,43.95
1791297909.04,python,0.0,0.07
1791297909.04,python,0.0,0.06
1791297909.04,python,0.0,0.05
1791297909.04,python,0.0,0.05
1791297909.04,python,0.0,0.06
1791297909.04,python:disk$0,0.0,0.0
1791297909.04,python:sh0,0.0,0.0
1791297909.04,python:traceq0,0.0,0.0
1791297909.04,p:clctxworker0,0.0,0.0
1791297909.04,python,0.0,0.05
1791297909.04,python,0.0,7.68
1791297909.04,python,0.0,6.65
1791297909.04,python,0.0,5.82
1791297909.04,python,0.0,5.32
1791297909.04,python,0.0,5.54
1791297909.04,pt_autograd_0,0.0,29.57
1791297909.241,python,0.2,44.15
1791297909.241,python,0.0,0.07
1791297909.241,python,0.0,0.06
1791297909.241,python,0.0,0.05
1791297909.241,python,0.0,0.05
1791297909.241,python,0.0,0.06
1791297909.241,python:disk$0,0.0,0.0
1791297909.241,python:sh0,0.0,0.0
1791297909.241,python:traceq0,0.0,0.0
1791297909.241,p:clctxworker0,0.0,0.0
1791297909.241,python,0.0,0.05
1791297909.241,python,0.0,7.68
1791297909.241,python,0.0,6.65
1791297909.241,python,0.0,5.82
1791297909.241,python,0.0,5.32
1791297909.241,python,0.0,5.54
1791297909.241,pt_autograd_0,0.0,29.57
1791297909.442,python,0.2,44.35
1791297909.442,python,0.0,0.07
1791297909.442,python,0.0,0.06
1791297909.442,python,0.0,0.05
1791297909.442,python,0.0,0.05
1791297909.442,python,0.0,0.06
1791297909.442,python:disk$0,0.0,0.0
1791297909.442,python:sh0,0.0,0.0
1791297909.442,python:traceq0,0.0,0.0
1791297909.442,p:clctxworker0,0.0,0.0
1791297909.442,python,0.0,0.05
1791297909.442,python,0.0,7.68
1791297909.442,python,0.0,6.65
1791297909.442,python,0.0,5.82
1791297909.442,python,0.0,5.32
1791297909.442,python,0.0,5.54
1791297909.442,pt_autograd_0,0.0,29.57
1791297909.644,python,0.2,44.55
1791297909.644,python,0.0,0.07
1791297909.644,python,0.0,0.06
1791297909.644,python,0.0,0.05
1791297909.644,python,0.0,0.05
1791297909.644,python,0.0,0.06
1791297909.644,python:disk$0,0.0,0.0
1791297909.644,python:sh0,0.0,0.0
1791297909.644,python:traceq0,0.0,0.0
1791297909.644,p:clctxworker0,0.0,0.0
1791297909.644,python,0.0,0.05
1791297909.644,python,0.0,7.68
1791297909.644,python,0.0,6.65
1791297909.644,python,0.0,5.82
1791297909.644,python,0.0,5.32
1791297909.644,python,0.0,5.54
1791297909.644,pt_autograd_0,0.0,29.57
1791297909.845,python,0.14,44.69
1791297909.845,python,0.0,0.07
1791297909.845,python,0.0,0.06
1791297909.845,python,0.0,0.05
1791297909.845,python,0.0,0.05
1791297909.845,python,0.0,0.06
1791297909.845,python:disk$0,0.0,0.0
1791297909.845,python:sh0,0.0,0.0
1791297909.845,python:traceq0,0.0,0.0
1791297909.845,p:clctxworker0,0.0,0.0
1791297909.845,python,0.0,0.05
1791297909.845,python,0.0,7.68
1791297909.845,python,0.0,6.65
1791297909.845,python,0.0,5.82
1791297909.845,python,0.0,5.32
1791297909.845,python,0.0,5.54
1791297909.845,pt_autograd_0,0.06,29.63
1791297910.046,python,0.0,44.69
1791297910.046,python,0.0,0.07
1791297910.046,python,0.0,0.06
1791297910.046,python,0.0,0.05
1791297910.046,python,0.0,0.05
1791297910.046,python,0.0,0.06
1791297910.046,python:disk$0,0.0,0.0
1791297910.046,python:sh0,0.0,0.0
1791297910.046,python:traceq0,0.0,0.0
1791297910.046,p:clctxworker0,0.0,0.0
1791297910.046,python,0.0,0.05
1791297910.046,python,0.0,7.68
1791297910.046,python,0.0,6.65
1791297910.046,python,0.0,5.82
1791297910.046,python,0.0,5.32
1791297910.046,python,0.0,5.54
1791297910.046,pt_autograd_0,0.19,29.82
1791297910.247,python,0.0,44.69
1791297910.247,python,0.0,0.07
1791297910.247,python,0.0,0.06
1791297910.247,python,0.0,0.05
1791297910.247,python,0.0,0.05
1791297910.247,python,0.0,0.06
1791297910.247,python:disk$0,0.0,0.0
1791297910.247,python:sh0,0.0,0.0
1791297910.247,python:traceq0,0.0,0.0
1791297910.247,p:clctxworker0,0.0,0.0
1791297910.247,python,0.0,0.05
1791297910.247,python,0.0,7.68
1791297910.247,python,0.0,6.65
1791297910.247,python,0.0,5.82
1791297910.247,python,0.0,5.32
1791297910.247,python,0.0,5.54
1791297910.247,pt_autograd_0,0.21,30.03
1791297910.448,python,0.0,44.69
1791297910.448,python,0.0,0.07
1791297910.448,python,0.0,0.06
1791297910.448,python,0.0,0.05
1791297910.448,python,0.0,0.05
1791297910.448,python,0.0,0.06
1791297910.448,python:disk$0,0.0,0.0
1791297910.448,python:sh0,0.0,0.0
1791297910.448,python:traceq0,0.0,0.0
1791297910.448,p:clctxworker0,0.0,0.0
1791297910.448,python,0.0,0.05
1791297910.448,python,0.0,7.68
1791297910.448,python,0.0,6.65
1791297910.448,python,0.0,5.82
1791297910.448,python,0.0,5.32
1791297910.448,python,0.0,5.54
1791297910.448,pt_autograd_0,0.19,30.22
1791297910.65,python,0.0,44.69
1791297910.65,python,0.0,0.07
1791297910.65,python,0.0,0.06
1791297910.65,python,0.0,0.05
1791297910.65,python,0.0,0.05
1791297910.65,python,0.0,0.06
1791297910.65,python:disk$0,0.0,0.0
1791297910.65,python:sh0,0.0,0.0
1791297910.65,python:traceq0,0.0,0.0
1791297910.65,p:clctxworker0,0.0,0.0
1791297910.65,python,0.0,0.05
1791297910.65,python,0.0,7.68
1791297910.65,python,0.0,6.65
1791297910.65,python,0.0,5.82
1791297910.65,python,0.0,5.32
1791297910.65,python,0.0,5.54
1791297910.65,pt_autograd_0,0.2,30.42
1791297910.851,python,0.0,44.69
1791297910.851,python,0.0,0.07
1791297910.851,python,0.0,0.06
1791297910.851,python,0.0,0.05
1791297910.851,python,0.0,0.05
1791297910.851,python,0.0,0.06
1791297910.851,python:disk$0,0.0,0.0
1791297910.851,python:sh0,0.0,0.0
1791297910.851,python:traceq0,0.0,0.0
1791297910.851,p:clctxworker0,0.0,0.0
1791297910.851,python,0.0,0.05
1791297910.851,python,0.0,7.68
1791297910.851,python,0.0,6.65
1791297910.851,python,0.0,5.82
1791297910.851,python,0.0,5.32
1791297910.851,python,0.0,5.54
1791297910.851,pt_autograd_0,0.19,30.61
1791297911.052,python,0.0,44.69
1791297911.052,python,0.0,0.07
1791297911.052,python,0.0,0.06
1791297911.052,python,0.0,0.05
1791297911.052,python,0.0,0.05
1791297911.052,python,0.0,0.06
1791297911.052,python:disk$0,0.0,0.0
1791297911.052,python:sh0,0.0,0.0
1791297911.052,python:traceq0,0.0,0.0
1791297911.052,p:clctxworker0,0.0,0.0
1791297911.052,python,0.0,0.05
1791297911.052,python,0.0,7.68
1791297911.052,python,0.0,6.65
1791297911.052,python,0.0,5.82
1791297911.052,python,0.0,5.32
1791297911.052,python,0.0,5.54
1791297911.052,pt_autograd_0,0.21,30.82
1791297911.253,python,0.0,44.69
1791297911.253,python,0.0,0.07
1791297911.253,python,0.0,0.06
1791297911.253,python,0.0,0.05
1791297911.253,python,0.0,0.05
1791297911.253,python,0.0,0.06
1791297911.253,python:disk$0,0.0,0.0
1791297911.253,python:sh0,0.0,0.0
1791297911.253,python:traceq0,0.0,0.0
1791297911.253,p:clctxworker0,0.0,0.0
1791297911.253,python,0.0,0.05
1791297911.253,python,0.0,7.68
1791297911.253,python,0.0,6.65
1791297911.253,python,0.0,5.82
1791297911.253,python,0.0,5.32
1791297911.253,python,0.0,5.54
1791297911.253,pt_autograd_0,0.19,31.01
1791297911.454,python,0.0,44.69
1791297911.454,python,0.0,0.07
1791297911.454,python,0.0,0.06
1791297911.454,python,0.0,0.05
1791297911.454,python,0.0,0.05
1791297911.454,python,0.0,0.06
1791297911.454,python:disk$0,0.0,0.0
1791297911.454,python:sh0,0.0,0.0
1791297911.454,python:traceq0,0.0,0.0
1791297911.454,p:clctxworker0,0.0,0.0
1791297911.454,python,0.0,0.05
1791297911.454,python,0.0,7.68
1791297911.454,python,0.0,6.65
1791297911.454,python,0.0,5.82
1791297911.454,python,0.0,5.32
1791297911.454,python,0.0,5.54
1791297911.454,pt_autograd_0,0.21,31.22
1791297911.655,python,0.0,44.69
1791297911.655,python,0.0,0.07
1791297911.655,python,0.0,0.06
1791297911.655,python,0.0,0.05
1791297911.655,python,0.0,0.05
1791297911.655,python,0.0,0.06
1791297911.655,python:disk$0,0.0,0.0
1791297911.655,python:sh0,0.0,0.0
1791297911.655,python:traceq0,0.0,0.0
1791297911.655,p:clctxworker0,0.0,0.0
1791297911.655,python,0.0,0.05
1791297911.655,python,0.0,7.68
1791297911.655,python,0.0,6.65
1791297911.655,python,0.0,5.82
1791297911.655,python,0.0,5.32
1791297911.655,python,0.0,5.54
1791297911.655,pt_autograd_0,0.2,31.42
1791297911.856,python,0.0,44.69
1791297911.856,python,0.0,0.07
1791297911.856,python,0.0,0.06
1791297911.856,python,0.0,0.05
1791297911.856,python,0.0,0.05
1791297911.856,python,0.0,0.06
1791297911.856,python:disk$0,0.0,0.0
1791297911.856,python:sh0,0.0,0.0
1791297911.856,python:traceq0,0.0,0.0
1791297911.856,p:clctxworker0,0.0,0.0
1791297911.856,python,0.0,0.05
1791297911.856,python,0.0,7.68
1791297911.856,python,0.0,6.65
1791297911.856,python,0.0,5.82
1791297911.856,python,0.0,5.32
1791297911.856,python,0.0,5.54
1791297911.856,pt_autograd_0,0.19,31.61
1791297912.058,python,0.0,44.69
1791297912.058,python,0.0,0.07
1791297912.058,python,0.0,0.06
1791297912.058,python,0.0,0.05
1791297912.058,python,0.0,0.05
1791297912.058,python,0.0,0.06
1791297912.058,python:disk$0,0.0,0.0
1791297912.058,python:sh0,0.0,0.0
1791297912.058,python:traceq0,0.0,0.0
1791297912.058,p:clctxworker0,0.0,0.0
1791297912.058,python,0.0,0.05
1791297912.058,python,0.0,7.68
1791297912.058,python,0.0,6.65
1791297912.058,python,0.0,5.82
1791297912.058,python,0.0,5.32
1791297912.058,python,0.0,5.54
1791297912.058,pt_autograd_0,0.21,31.82
1791297912.259,python,0.0,44.69
1791297912.259,python,0.0,0.07
1791297912.259,python,0.0,0.06
1791297912.259,python,0.0,0.05
1791297912.259,python,0.0,0.05
1791297912.259,python,0.0,0.06
1791297912.259,python:disk$0,0.0,0.0
1791297912.259,python:sh0,0.0,0.0
1791297912.259,python:traceq0,0.0,0.0
1791297912.259,p:clctxworker0,0.0,0.0
1791297912.259,python,0.0,0.05
1791297912.259,python,0.0,7.68
1791297912.259,python,0.0,6.65
1791297912.259,python,0.0,5.82
1791297912.259,python,0.0,5.32
1791297912.259,python,0.0,5.54
1791297912.259,pt_autograd_0,0.2,32.02
1791297912.46,python,0.13,44.82
1791297912.46,python,0.0,0.07
1791297912.46,python,0.0,0.06
1791297912.46,python,0.0,0.05
1791297912.46,python,0.0,0.05
1791297912.46,python,0.0,0.06
1791297912.46,python:disk$0,0.0,0.0
1791297912.46,python:sh0,0.0,0.0
1791297912.46,python:traceq0,0.0,0.0
1791297912.46,p:clctxworker0,0.0,0.0
1791297912.46,python,0.0,0.05
1791297912.46,python,0.0,7.68
1791297912.46,python,0.0,6.65
1791297912.46,python,0.0,5.82
1791297912.46,python,0.0,5.32
1791297912.46,python,0.0,5.54
1791297912.46,pt_autograd_0,0.07,32.09
1791297912.661,python,0.2,45.02
1791297912.661,python,0.0,0.07
1791297912.661,python,0.0,0.06
1791297912.661,python,0.0,0.05
1791297912.661,python,0.0,0.05
1791297912.661,python,0.0,0.06
1791297912.661,python:disk$0,0.0,0.0
1791297912.661,python:sh0,0.0,0.0
1791297912.661,python:traceq0,0.0,0.0
1791297912.661,p:clctxworker0,0.0,0.0
1791297912.661,python,0.0,0.05
1791297912.661,python,0.0,7.68
1791297912.661,python,0.0,6.65
1791297912.661,python,0.0,5.82
1791297912.661,python,0.0,5.32
1791297912.661,python,0.0,5.54
1791297912.661,pt_autograd_0,0.0,32.09
1791297912.863,python,0.0,45.02
1791297912.863,python,0.0,0.07
1791297912.863,python,0.0,0.06
1791297912.863,python,0.0,0.05
1791297912.863,python,0.0,0.05
1791297912.863,python,0.0,0.06
1791297912.863,python:disk$0,0.0,0.0
1791297912.863,python:sh0,0.0,0.0
1791297912.863,python:traceq0,0.0,0.0
1791297912.863,p:clctxworker0,0.0,0.0
1791297912.863,python,0.0,0.05
1791297912.863,python,0.0,7.68
1791297912.863,python,0.0,6.65
1791297912.863,python,0.0,5.82
1791297912.863,python,0.0,5.32
1791297912.863,python,0.0,5.54
1791297912.863,pt_autograd_0,0.2,32.29
1791297913.064,python,0.0,45.02
1791297913.064,python,0.0,0.07
1791297913.064,python,0.0,0.06
1791297913.064,python,0.0,0.05
1791297913.064,python,0.0,0.05
1791297913.064,python,0.0,0.06
1791297913.064,python:disk$0,0.0,0.0
1791297913.064,python:sh0,0.0,0.0
1791297913.064,python:traceq0,0.0,0.0
1791297913.064,p:clctxworker0,0.0,0.0
1791297913.064,python,0.0,0.05
1791297913.064,python,0.0,7.68
1791297913.064,python,0.0,6.65
1791297913.064,python,0.0,5.82
1791297913.064,python,0.0,5.32
1791297913.064,python,0.0,5.54
1791297913.064,pt_autograd_0,0.19,32.48
1791297913.265,python,0.0,45.02
1791297913.265,python,0.0,0.07
1791297913.265,python,0.0,0.06
1791297913.265,python,0.0,0.05
1791297913.265,python,0.0,0.05
1791297913.265,python,0.0,0.06
1791297913.265,python:disk$0,0.0,0.0
1791297913.265,python:sh0,0.0,0.0
1791297913.265,python:traceq0,0.0,0.0
1791297913.265,p:clctxworker0,0.0,0.0
1791297913.265,python,0.0,0.05
1791297913.265,python,0.0,7.68
1791297913.265,python,0.0,6.65
1791297913.265,python,0.0,5.82
1791297913.265,python,0.0,5.32
1791297913.265,python,0.0,5.54
1791297913.265,pt_autograd_0,0.2,32.68
1791297913.466,python,0.07,45.09
1791297913.466,python,0.0,0.07
1791297913.466,python,0.0,0.06
1791297913.466,python,0.0,0.05
1791297913.466,python,0.0,0.05
1791297913.466,python,0.0,0.06
1791297913.466,python:disk$0,0.0,0.0
1791297913.466,python:sh0,0.0,0.0
1791297913.466,python:traceq0,0.0,0.0
1791297913.466,p:clctxworker0,0.0,0.0
1791297913.466,python,0.0,0.05
1791297913.466,python,0.0,7.68
1791297913.466,python,0.0,6.65
1791297913.466,python,0.0,5.82
1791297913.466,python,0.0,5.32
1791297913.466,python,0.0,5.54
1791297913.466,pt_autograd_0,0.12,32.8
1791297913.667,python,0.21,45.3
1791297913.667,python,0.0,0.07
1791297913.667,python,0.0,0.06
1791297913.667,python,0.0,0.05
1791297913.667,python,0.0,0.05
1791297913.667,python,0.0,0.06
1791297913.667,python:disk$0,0.0,0.0
1791297913.667,python:sh0,0.0,0.0
1791297913.667,python:traceq0,0.0,0.0
1791297913.667,p:clctxworker0,0.0,0.0
1791297913.667,python,0.0,0.05
1791297913.667,python,0.0,7.68
1791297913.667,python,0.0,6.65
1791297913.667,python,0.0,5.82
1791297913.667,python,0.0,5.32
1791297913.667,python,0.0,5.54
1791297913.667,pt_autograd_0,0.0,32.8
1791297913.868,python,0.05,45.35
1791297913.868,python,0.0,0.07
1791297913.868,python,0.0,0.06
1791297913.868,python,0.0,0.05
1791297913.868,python,0.0,0.05
1791297913.868,python,0.0,0.06
1791297913.868,python:disk$0,0.0,0.0
1791297913.868,python:sh0,0.0,0.0
1791297913.868,python:traceq0,0.0,0.0
1791297913.868,p:clctxworker0,0.0,0.0
1791297913.868,python,0.0,0.05
1791297913.868,python,0.0,7.68
1791297913.868,python,0.0,6.65
1791297913.868,python,0.0,5.82
1791297913.868,python,0.0,5.32
1791297913.868,python,0.0,5.54
1791297913.868,pt_autograd_0,0.15,32.95
1791297914.069,python,0.0,45.35
1791297914.069,python,0.0,0.07
1791297914.069,python,0.0,0.06
1791297914.069,python,0.0,0.05
1791297914.069,python,0.0,0.05
1791297914.069,python,0.0,0.06
1791297914.069,python:disk$0,0.0,0.0
1791297914.069,python:sh0,0.0,0.0
1791297914.069,python:traceq0,0.0,0.0
1791297914.069,p:clctxworker0,0.0,0.0
1791297914.069,python,0.0,0.05
1791297914.069,python,0.0,7.68
1791297914.069,python,0.0,6.65
1791297914.069,python,0.0,5.82
1791297914.069,python,0.0,5.32
1791297914.069,python,0.0,5.54
1791297914.069,pt_autograd_0,0.2,33.15
1791297914.271,python,0.0,45.35
1791297914.271,python,0.0,0.07
1791297914.271,python,0.0,0.06
1791297914.271,python,0.0,0.05
1791297914.271,python,0.0,0.05
1791297914.271,python,0.0,0.06
1791297914.271,python:disk$0,0.0,0.0
1791297914.271,python:sh0,0.0,0.0
1791297914.271,python:traceq0,0.0,0.0
1791297914.271,p:clctxworker0,0.0,0.0
1791297914.271,python,0.0,0.05
1791297914.271,python,0.0,7.68
1791297914.271,python,0.0,6.65
1791297914.271,python,0.0,5.82
1791297914.271,python,0.0,5.32
1791297914.271,python,0.0,5.54
1791297914.271,pt_autograd_0,0.19,33.34
1791297914.472,python,0.04,45.39
1791297914.472,python,0.0,0.07
1791297914.472,python,0.0,0.06
1791297914.472,python,0.0,0.05
1791297914.472,python,0.0,0.05
1791297914.472,python,0.0,0.06
1791297914.472,python:disk$0,0.0,0.0
1791297914.472,python:sh0,0.0,0.0
1791297914.472,python:traceq0,0.0,0.0
1791297914.472,p:clctxworker0,0.0,0.0
1791297914.472,python,0.0,0.05
1791297914.472,python,0.0,7.68
1791297914.472,python,0.0,6.65
1791297914.472,python,0.0,5.82
1791297914.472,python,0.0,5.32
1791297914.472,python,0.0,5.54
1791297914.472,pt_autograd_0,0.16,33.5
1791297914.673,python,0.2,45.59
1791297914.673,python,0.0,0.07
1791297914.673,python,0.0,0.06
1791297914.673,python,0.0,0.05
1791297914.673,python,0.0,0.05
1791297914.673,python,0.0,0.06
1791297914.673,python:disk$0,0.0,0.0
1791297914.673,python:sh0,0.0,0.0
1791297914.673,python:traceq0,0.0,0.0
1791297914.673,p:clctxworker0,0.0,0.0
1791297914.673,python,0.0,0.05
1791297914.673,python,0.0,7.68
1791297914.673,python,0.0,6.65
1791297914.673,python,0.0,5.82
1791297914.673,python,0.0,5.32
1791297914.673,python,0.0,5.54
1791297914.673,pt_autograd_0,0.0,33.5
1791297914.874,python,0.11,45.7
1791297914.874,python,0.0,0.07
1791297914.874,python,0.0,0.06
1791297914.874,python,0.0,0.05
1791297914.874,python,0.0,0.05
1791297914.874,python,0.0,0.06
1791297914.874,python:disk$0,0.0,0.0
1791297914.874,python:sh0,0.0,0.0
1791297914.874,python:traceq0,0.0,0.0
1791297914.874,p:clctxworker0,0.0,0.0
1791297914.874,python,0.0,0.05
1791297914.874,python,0.0,7.68
1791297914.874,python,0.0,6.65
1791297914.874,python,0.0,5.82
1791297914.874,python,0.0,5.32
1791297914.874,python,0.0,5.54
1791297914.874,pt_autograd_0,0.09,33.59
1791297915.075,python,0.0,45.7
1791297915.075,python,0.0,0.07
1791297915.075,python,0.0,0.06
1791297915.075,python,0.0,0.05
1791297915.075,python,0.0,0.05
1791297915.075,python,0.0,0.06
1791297915.075,python:disk$0,0.0,0.0
1791297915.075,python:sh0,0.0,0.0
1791297915.075,python:traceq0,0.0,0.0
1791297915.075,p:clctxworker0,0.0,0.0
1791297915.075,python,0.0,0.05
1791297915.075,python,0.0,7.68
1791297915.075,python,0.0,6.65
1791297915.075,python,0.0,5.82
1791297915.075,python,0.0,5.32
1791297915.075,python,0.0,5.54
1791297915.075,pt_autograd_0,0.21,33.8
1791297915.276,python,0.0,45.7
1791297915.276,python,0.0,0.07
1791297915.276,python,0.0,0.06
1791297915.276,python,0.0,0.05
1791297915.276,python,0.0,0.05
1791297915.276,python,0.0,0.06
1791297915.276,python:disk$0,0.0,0.0
1791297915.276,python:sh0,0.0,0.0
1791297915.276,python:traceq0,0.0,0.0
1791297915.276,p:clctxworker0,0.0,0.0
1791297915.276,python,0.0,0.05
1791297915.276,python,0.0,7.68
1791297915.276,python,0.0,6.65
1791297915.276,python,0.0,5.82
1791297915.276,python,0.0,5.32
1791297915.276,python,0.0,5.54
1791297915.276,pt_autograd_0,0.19,33.99
1791297915.477,python,0.0,45.7
1791297915.477,python,0.0,0.07
1791297915.477,python,0.0,0.06
1791297915.477,python,0.0,0.05
1791297915.477,python,0.0,0.05
1791297915.477,python,0.0,0.06
1791297915.477,python:disk$0,0.0,0.0
1791297915.477,python:sh0,0.0,0.0
1791297915.477,python:traceq0,0.0,0.0
1791297915.477,p:clctxworker0,0.0,0.0
1791297915.477,python,0.0,0.05
1791297915.477,python,0.0,7.68
1791297915.477,python,0.0,6.65
1791297915.477,python,0.0,5.82
1791297915.477,python,0.0,5.32
1791297915.477,python,0.0,5.54
1791297915.477,pt_autograd_0,0.2,34.19
1791297915.679,python,0.17,45.87
1791297915.679,python,0.0,0.07
1791297915.679,python,0.0,0.06
1791297915.679,python,0.0,0.05
1791297915.679,python,0.0,0.05
1791297915.679,python,0.0,0.06
1791297915.679,python:disk$0,0.0,0.0
1791297915.679,python:sh0,0.0,0.0
1791297915.679,python:traceq0,0.0,0.0
1791297915.679,p:clctxworker0,0.0,0.0
1791297915.679,python,0.0,0.05
1791297915.679,python,0.0,7.68
1791297915.679,python,0.0,6.65
1791297915.679,python,0.0,5.82
1791297915.679,python,0.0,5.32
1791297915.679,python,0.0,5.54
1791297915.679,pt_autograd_0,0.03,34.22
1791297915.88,python,0.16,46.03
1791297915.88,python,0.0,0.07
1791297915.88,python,0.0,0.06
1791297915.88,python,0.0,0.05
1791297915.88,python,0.0,0.05
1791297915.88,python,0.0,0.06
1791297915.88,python:disk$0,0.0,0.0
1791297915.88,python:sh0,0.0,0.0
1791297915.88,python:traceq0,0.0,0.0
1791297915.88,p:clctxworker0,0.0,0.0
1791297915.88,python,0.0,0.05
1791297915.88,python,0.0,7.68
1791297915.88,python,0.0,6.65
1791297915.88,python,0.0,5.82
1791297915.88,python,0.0,5.32
1791297915.88,python,0.0,5.54
1791297915.88,pt_autograd_0,0.04,34.26
1791297916.081,python,0.0,46.03
1791297916.081,python,0.0,0.07
1791297916.081,python,0.0,0.06
1791297916.081,python,0.0,0.05
1791297916.081,python,0.0,0.05
1791297916.081,python,0.0,0.06
1791297916.081,python:disk$0,0.0,0.0
1791297916.081,python:sh0,0.0,0.0
1791297916.081,python:traceq0,0.0,0.0
1791297916.081,p:clctxworker0,0.0,0.0
1791297916.081,python,0.0,0.05
1791297916.081,python,0.0,7.68
1791297916.081,python,0.0,6.65
1791297916.081,python,0.0,5.82
1791297916.081,python,0.0,5.32
1791297916.081,python,0.0,5.54
1791297916.081,pt_autograd_0,0.2,34.46
1791297916.283,python,0.0,46.03
1791297916.283,python,0.0,0.07
1791297916.283,python,0.0,0.06
1791297916.283,python,0.0,0.05
1791297916.283,python,0.0,0.05
1791297916.283,python,0.0,0.06
1791297916.283,python:disk$0,0.0,0.0
1791297916.283,python:sh0,0.0,0.0
1791297916.283,python:traceq0,0.0,0.0
1791297916.283,p:clctxworker0,0.0,0.0
1791297916.283,python,0.0,0.05
1791297916.283,python,0.0,7.68
1791297916.283,python,0.0,6.65
1791297916.283,python,0.0,5.82
1791297916.283,python,0.0,5.32
1791297916.283,python,0.0,5.54
1791297916.283,pt_autograd_0,0.21,34.67
1791297916.484,python,0.0,46.03
1791297916.484,python,0.0,0.07
1791297916.484,python,0.0,0.06
1791297916.484,python,0.0,0.05
1791297916.484,python,0.0,0.05
1791297916.484,python,0.0,0.06
1791297916.484,python:disk$0,0.0,0.0
1791297916.484,python:sh0,0.0,0.0
1791297916.484,python:traceq0,0.0,0.0
1791297916.484,p:clctxworker0,0.0,0.0
1791297916.484,python,0.0,0.05
1791297916.484,python,0.0,7.68
1791297916.484,python,0.0,6.65
1791297916.484,python,0.0,5.82
1791297916.484,python,0.0,5.32
1791297916.484,python,0.0,5.54
1791297916.484,pt_autograd_0,0.19,34.86
1791297916.685,python,0.15,46.18
1791297916.685,python,0.0,0.07
1791297916.685,python,0.0,0.06
1791297916.685,python,0.0,0.05
1791297916.685,python,0.0,0.05
1791297916.685,python,0.0,0.06
1791297916.685,python:disk$0,0.0,0.0
1791297916.685,python:sh0,0.0,0.0
1791297916.685,python:traceq0,0.0,0.0
1791297916.685,p:clctxworker0,0.0,0.0
1791297916.685,python,0.0,0.05
1791297916.685,python,0.0,7.68
1791297916.685,python,0.0,6.65
1791297916.685,python,0.0,5.82
1791297916.685,python,0.0,5.32
1791297916.685,python,0.0,5.54
1791297916.685,pt_autograd_0,0.05,34.91
1791297916.886,python,0.19,46.37
1791297916.886,python,0.0,0.07
1791297916.886,python,0.0,0.06
1791297916.886,python,0.0,0.05
1791297916.886,python,0.0,0.05
1791297916.886,python,0.0,0.06
1791297916.886,python:disk$0,0.0,0.0
1791297916.886,python:sh0,0.0,0.0
1791297916.886,python:traceq0,0.0,0.0
1791297916.886,p:clctxworker0,0.0,0.0
1791297916.886,python,0.0,0.05
1791297916.886,python,0.0,7.68
1791297916.886,python,0.0,6.65
1791297916.886,python,0.0,5.82
1791297916.886,python,0.0,5.32
1791297916.886,python,0.0,5.54
1791297916.886,pt_autograd_0,0.0,34.91
1791297917.088,python,0.2,46.57
1791297917.088,python,0.0,0.07
1791297917.088,python,0.0,0.06
1791297917.088,python,0.0,0.05
1791297917.088,python,0.0,0.05
1791297917.088,python,0.0,0.06
1791297917.088,python:disk$0,0.0,0.0
1791297917.088,python:sh0,0.0,0.0
1791297917.088,python:traceq0,0.0,0.0
1791297917.088,p:clctxworker0,0.0,0.0
1791297917.088,python,0.0,0.05
1791297917.088,python,0.0,7.68
1791297917.088,python,0.0,6.65
1791297917.088,python,0.0,5.82
1791297917.088,python,0.0,5.32
1791297917.088,python,0.0,5.54
1791297917.088,pt_autograd_0,0.0,34.91
1791297917.289,python,0.19,46.76
1791297917.289,python,0.0,0.07
1791297917.289,python,0.0,0.06
1791297917.289,python,0.0,0.05
1791297917.289,python,0.0,0.05
1791297917.289,python,0.0,0.06
1791297917.289,python:disk$0,0.0,0.0
1791297917.289,python:sh0,0.0,0.0
1791297917.289,python:traceq0,0.0,0.0
1791297917.289,p:clctxworker0,0.0,0.0
1791297917.289,python,0.0,0.05
1791297917.289,python,0.0,7.68
1791297917.289,python,0.0,6.65
1791297917.289,python,0.0,5.82
1791297917.289,python,0.0,5.32
1791297917.289,python,0.0,5.54
1791297917.289,pt_autograd_0,0.0,34.91
1791297917.49,python,0.2,46.96
1791297917.49,python,0.0,0.07
1791297917.49,python,0.0,0.06
1791297917.49,python,0.0,0.05
1791297917.49,python,0.0,0.05
1791297917.49,python,0.0,0.06
1791297917.49,python:disk$0,0.0,0.0
1791297917.49,python:sh0,0.0,0.0
1791297917.49,python:traceq0,0.0,0.0
1791297917.49,p:clctxworker0,0.0,0.0
1791297917.49,python,0.01,0.06
1791297917.49,python,0.0,7.68
1791297917.49,python,0.0,6.65
1791297917.49,python,0.0,5.82
1791297917.49,python,0.0,5.32
1791297917.49,python,0.0,5.54
1791297917.49,pt_autograd_0,0.0,34.91
1791297917.691,python,0.18,47.14
1791297917.691,python,0.0,0.07
1791297917.691,python,0.0,0.06
1791297917.691,python,0.0,0.05
1791297917.691,python,0.0,0.05
1791297917.691,python,0.0,0.06
1791297917.691,python:disk$0,0.0,0.0
1791297917.691,python:sh0,0.0,0.0
1791297917.691,python:traceq0,0.0,0.0
1791297917.691,p:clctxworker0,0.0,0.0
1791297917.691,python,0.0,0.06
1791297917.691,python,0.0,7.68
1791297917.691,python,0.0,6.65
1791297917.691,python,0.0,5.82
1791297917.691,python,0.0,5.32
1791297917.691,python,0.0,5.54
1791297917.691,pt_autograd_0,0.0,34.91
1791297917.892,python,0.2,47.34
1791297917.892,python,0.0,0.07
1791297917.892,python,0.0,0.06
1791297917.892,python,0.0,0.05
1791297917.892,python,0.0,0.05
1791297917.892,python,0.0,0.06
1791297917.892,python:disk$0,0.0,0.0
1791297917.892,python:sh0,0.0,0.0
1791297917.892,python:traceq0,0.0,0.0
1791297917.892,p:clctxworker0,0.0,0.0
1791297917.892,python,0.0,0.06
1791297917.892,python,0.0,7.68
1791297917.892,python,0.0,6.65
1791297917.892,python,0.0,5.82
1791297917.892,python,0.0,5.32
1791297917.892,python,0.0,5.54
1791297917.892,pt_autograd_0,0.0,34.91
1791297918.093,python,0.19,47.53
1791297918.093,python,0.0,0.07
1791297918.093,python,0.0,0.06
1791297918.093,python,0.0,0.05
1791297918.093,python,0.0,0.05
1791297918.093,python,0.0,0.06
1791297918.093,python:disk$0,0.0,0.0
1791297918.093,python:sh0,0.0,0.0
1791297918.093,python:traceq0,0.0,0.0
1791297918.093,p:clctxworker0,0.0,0.0
1791297918.093,python,0.0,0.06
1791297918.093,python,0.0,7.68
1791297918.093,python,0.0,6.65
1791297918.093,python,0.0,5.82
1791297918.093,python,0.0,5.32
1791297918.093,python,0.0,5.54
1791297918.093,pt_autograd_0,0.0,34.91
1791297918.295,python,0.18,47.71
1791297918.295,python,0.0,0.07
1791297918.295,python,0.0,0.06
1791297918.295,python,0.0,0.05
1791297918.295,python,0.0,0.05
1791297918.295,python,0.0,0.06
1791297918.295,python:disk$0,0.0,0.0
1791297918.295,python:sh0,0.0,0.0
1791297918.295,python:traceq0,0.0,0.0
1791297918.295,p:clctxworker0,0.0,0.0
1791297918.295,python,0.0,0.06
1791297918.295,python,0.0,7.68
1791297918.295,python,0.0,6.65
1791297918.295,python,0.0,5.82
1791297918.295,python,0.0,5.32
1791297918.295,python,0.0,5.54
1791297918.295,pt_autograd_0,0.02,34.93
1791297918.496,python,0.0,47.71
1791297918.496,python,0.0,0.07
1791297918.496,python,0.0,0.06
1791297918.496,python,0.0,0.05
1791297918.496,python,0.0,0.05
1791297918.496,python,0.0,0.06
1791297918.496,python:disk$0,0.0,0.0
1791297918.496,python:sh0,0.0,0.0
1791297918.496,python:traceq0,0.0,0.0
1791297918.496,p:clctxworker0,0.0,0.0
1791297918.496,python,0.0,0.06
1791297918.496,python,0.0,7.68
1791297918.496,python,0.0,6.65
1791297918.496,python,0.0,5.82
1791297918.496,python,0.0,5.32
1791297918.496,python,0.0,5.54
1791297918.496,pt_autograd_0,0.21,35.14
1791297918.697,python,0.0,47.71
1791297918.697,python,0.0,0.07
1791297918.697,python,0.0,0.06
1791297918.697,python,0.0,0.05
1791297918.697,python,0.0,0.05
1791297918.697,python,0.0,0.06
1791297918.697,python:disk$0,0.0,0.0
1791297918.697,python:sh0,0.0,0.0
1791297918.697,python:traceq0,0.0,0.0
1791297918.697,p:clctxworker0,0.0,0.0
1791297918.697,python,0.0,0.06
1791297918.697,python,0.0,7.68
1791297918.697,python,0.0,6.65
1791297918.697,python,0.0,5.82
1791297918.697,python,0.0,5.32
1791297918.697,python,0.0,5.54
1791297918.697,pt_autograd_0,0.2,35.34
1791297918.898,python,0.0,47.71
1791297918.898,python,0.0,0.07
1791297918.898,python,0.0,0.06
1791297918.898,python,0.0,0.05
1791297918.898,python,0.0,0.05
1791297918.898,python,0.0,0.06
1791297918.898,python:disk$0,0.0,0.0
1791297918.898,python:sh0,0.0,0.0
1791297918.898,python:traceq0,0.0,0.0
1791297918.898,p:clctxworker0,0.0,0.0
1791297918.898,python,0.0,0.06
1791297918.898,python,0.0,7.68
1791297918.898,python,0.0,6.65
1791297918.898,python,0.0,5.82
1791297918.898,python,0.0,5.32
1791297918.898,python,0.0,5.54
1791297918.898,pt_autograd_0,0.2,35.54
1791297919.099,python,0.0,47.71
1791297919.099,python,0.0,0.07
1791297919.099,python,0.0,0.06
1791297919.099,python,0.0,0.05
1791297919.099,python,0.0,0.05
1791297919.099,python,0.0,0.06
1791297919.099,python:disk$0,0.0,0.0
1791297919.099,python:sh0,0.0,0.0
1791297919.099,python:traceq0,0.0,0.0
1791297919.099,p:clctxworker0,0.0,0.0
1791297919.099,python,0.0,0.06
1791297919.099,python,0.0,7.68
1791297919.099,python,0.0,6.65
1791297919.099,python,0.0,5.82
1791297919.099,python,0.0,5.32
1791297919.099,python,0.0,5.54
1791297919.099,pt_autograd_0,0.2,35.74
1791297919.3,python,0.0,47.71
1791297919.3,python,0.0,0.07
1791297919.3,python,0.0,0.06
1791297919.3,python,0.0,0.05
1791297919.3,python,0.0,0.05
1791297919.3,python,0.0,0.06
1791297919.3,python:disk$0,0.0,0.0
1791297919.3,python:sh0,0.0,0.0
1791297919.3,python:traceq0,0.0,0.0
1791297919.3,p:clctxworker0,0.0,0.0
1791297919.3,python,0.0,0.06
1791297919.3,python,0.0,7.68
1791297919.3,python,0.0,6.65
1791297919.3,python,0.0,5.82
1791297919.3,python,0.0,5.32
1791297919.3,python,0.0,5.54
1791297919.3,pt_autograd_0,0.2,35.94
1791297919.502,python,0.0,47.71
1791297919.502,python,0.0,0.07
1791297919.502,python,0.0,0.06
1791297919.502,python,0.0,0.05
1791297919.502,python,0.0,0.05
1791297919.502,python,0.0,0.06
1791297919.502,python:disk$0,0.0,0.0
1791297919.502,python:sh0,0.0,0.0
1791297919.502,python:traceq0,0.0,0.0
1791297919.502,p:clctxworker0,0.0,0.0
1791297919.502,python,0.0,0.06
1791297919.502,python,0.0,7.68
1791297919.502,python,0.0,6.65
1791297919.502,python,0.0,5.82
1791297919.502,python,0.0,5.32
1791297919.502,python,0.0,5.54
1791297919.502,pt_autograd_0,0.2,36.14
1791297919.703,python,0.0,47.71
1791297919.703,python,0.0,0.07
1791297919.703,python,0.0,0.06
1791297919.703,python,0.0,0.05
1791297919.703,python,0.0,0.05
1791297919.703,python,0.0,0.06
1791297919.703,python:disk$0,0.0,0.0
1791297919.703,python:sh0,0.0,0.0
1791297919.703,python:traceq0,0.0,0.0
1791297919.703,p:clctxworker0,0.0,0.0
1791297919.703,python,0.0,0.06
1791297919.703,python,0.0,7.68
1791297919.703,python,0.0,6.65
1791297919.703,python,0.0,5.82
1791297919.703,python,0.0,5.32
1791297919.703,python,0.0,5.54
1791297919.703,pt_autograd_0,0.2,36.34
1791297919.904,python,0.0,47.71
1791297919.904,python,0.0,0.07
1791297919.904,python,0.0,0.06
1791297919.904,python,0.0,0.05
1791297919.904,python,0.0,0.05
1791297919.904,python,0.0,0.06
1791297919.904,python:disk$0,0.0,0.0
1791297919.904,python:sh0,0.0,0.0
1791297919.904,python:traceq0,0.0,0.0
1791297919.904,p:clctxworker0,0.0,0.0
1791297919.904,python,0.0,0.06
1791297919.904,python,0.0,7.68
1791297919.904,python,0.0,6.65
1791297919.904,python,0.0,5.82
1791297919.904,python,0.0,5.32
1791297919.904,python,0.0,5.54
1791297919.904,pt_autograd_0,0.2,36.54
1791297920.105,python,0.0,47.71
1791297920.105,python,0.0,0.07
1791297920.105,python,0.0,0.06
1791297920.105,python,0.0,0.05
1791297920.105,python,0.0,0.05
1791297920.105,python,0.0,0.06
1791297920.105,python:disk$0,0.0,0.0
1791297920.105,python:sh0,0.0,0.0
1791297920.105,python:traceq0,0.0,0.0
1791297920.105,p:clctxworker0,0.0,0.0
1791297920.105,python,0.0,0.06
1791297920.105,python,0.0,7.68
1791297920.105,python,0.0,6.65
1791297920.105,python,0.0,5.82
1791297920.105,python,0.0,5.32
1791297920.105,python,0.0,5.54
1791297920.105,pt_autograd_0,0.2,36.74
1791297920.306,python,0.0,47.71
1791297920.306,python,0.0,0.07
1791297920.306,python,0.0,0.06
1791297920.306,python,0.0,0.05
1791297920.306,python,0.0,0.05
1791297920.306,python,0.0,0.06
1791297920.306,python:disk$0,0.0,0.0
1791297920.306,python:sh0,0.0,0.0
1791297920.306,python:traceq0,0.0,0.0
1791297920.306,p:clctxworker0,0.0,0.0
1791297920.306,python,0.0,0.06
1791297920.306,python,0.0,7.68
1791297920.306,python,0.0,6.65
1791297920.306,python,0.0,5.82
1791297920.306,python,0.0,5.32
1791297920.306,python,0.0,5.54
1791297920.306,pt_autograd_0,0.2,36.94
1791297920.507,python,0.0,47.71
1791297920.507,python,0.0,0.07
1791297920.507,python,0.0,0.06
1791297920.507,python,0.0,0.05
1791297920.507,python,0.0,0.05
1791297920.507,python,0.0,0.06
1791297920.507,python:disk$0,0.0,0.0
1791297920.507,python:sh0,0.0,0.0
1791297920.507,python:traceq0,0.0,0.0
1791297920.507,p:clctxworker0,0.0,0.0
1791297920.507,python,0.0,0.06
1791297920.507,python,0.0,7.68
1791297920.507,python,0.0,6.65
1791297920.507,python,0.0,5.82
1791297920.507,python,0.0,5.32
1791297920.507,python,0.0,5.54
1791297920.507,pt_autograd_0,0.2,37.14
1791297920.708,python,0.0,47.71
1791297920.708,python,0.0,0.07
1791297920.708,python,0.0,0.06
1791297920.708,python,0.0,0.05
1791297920.708,python,0.0,0.05
1791297920.708,python,0.0,0.06
1791297920.708,python:disk$0,0.0,0.0
1791297920.708,python:sh0,0.0,0.0
1791297920.708,python:traceq0,0.0,0.0
1791297920.708,p:clctxworker0,0.0,0.0
1791297920.708,python,0.0,0.06
1791297920.708,python,0.0,7.68
1791297920.708,python,0.0,6.65
1791297920.708,python,0.0,5.82
1791297920.708,python,0.0,5.32
1791297920.708,python,0.0,5.54
1791297920.708,pt_autograd_0,0.2,37.34
1791297920.91,python,0.0,47.71
1791297920.91,python,0.0,0.07
1791297920.91,python,0.0,0.06
1791297920.91,python,0.0,0.05
1791297920.91,python,0.0,0.05
1791297920.91,python,0.0,0.06
1791297920.91,python:disk$0,0.0,0.0
1791297920.91,python:sh0,0.0,0.0
1791297920.91,python:traceq0,0.0,0.0
1791297920.91,p:clctxworker0,0.0,0.0
1791297920.91,python,0.0,0.06
1791297920.91,python,0.0,7.68
1791297920.91,python,0.0,6.65
1791297920.91,python,0.0,5.82
1791297920.91,python,0.0,5.32
1791297920.91,python,0.0,5.54
1791297920.91,pt_autograd_0,0.21,37.55
1791297921.111,python,0.0,47.71
1791297921.111,python,0.0,0.07
1791297921.111,python,0.0,0.06
1791297921.111,python,0.0,0.05
1791297921.111,python,0.0,0.05
1791297921.111,python,0.0,0.06
1791297921.111,python:disk$0,0.0,0.0
1791297921.111,python:sh0,0.0,0.0
1791297921.111,python:traceq0,0.0,0.0
1791297921.111,p:clctxworker0,0.0,0.0
1791297921.111,python,0.0,0.06
1791297921.111,python,0.0,7.68
1791297921.111,python,0.0,6.65
1791297921.111,python,0.0,5.82
1791297921.111,python,0.0,5.32
1791297921.111,python,0.0,5.54
1791297921.111,pt_autograd_0,0.2,37.75
1791297921.312,python,0.11,47.82
1791297921.312,python,0.0,0.07
1791297921.312,python,0.0,0.06
1791297921.312,python,0.0,0.05
1791297921.312,python,0.0,0.05
1791297921.312,python,0.0,0.06
1791297921.312,python:disk$0,0.0,0.0
1791297921.312,python:sh0,0.0,0.0
1791297921.312,python:traceq0,0.0,0.0
1791297921.312,p:clctxworker0,0.0,0.0
1791297921.312,python,0.0,0.06
1791297921.312,python,0.0,7.68
1791297921.312,python,0.0,6.65
1791297921.312,python,0.0,5.82
1791297921.312,python,0.0,5.32
1791297921.312,python,0.0,5.54
1791297921.312,pt_autograd_0,0.08,37.83
1791297921.513,python,0.2,48.02
1791297921.513,python,0.0,0.07
1791297921.513,python,0.0,0.06
1791297921.513,python,0.0,0.05
1791297921.513,python,0.0,0.05
1791297921.513,python,0.0,0.06
1791297921.513,python:disk$0,0.0,0.0
1791297921.513,python:sh0,0.0,0.0
1791297921.513,python:traceq0,0.0,0.0
1791297921.513,p:clctxworker0,0.0,0.0
1791297921.513,python,0.0,0.06
1791297921.513,python,0.0,7.68
1791297921.513,python,0.0,6.65
1791297921.513,python,0.0,5.82
1791297921.513,python,0.0,5.32
1791297921.513,python,0.0,5.54
1791297921.513,pt_autograd_0,0.0,37.83
1791297921.714,python,0.02,48.04
1791297921.714,python,0.0,0.07
1791297921.714,python,0.0,0.06
1791297921.714,python,0.0,0.05
1791297921.714,python,0.0,0.05
1791297921.714,python,0.0,0.06
1791297921.714,python:disk$0,0.0,0.0
1791297921.714,python:sh0,0.0,0.0
1791297921.714,python:traceq0,0.0,0.0
1791297921.714,p:clctxworker0,0.0,0.0
1791297921.714,python,0.0,0.06
1791297921.714,python,0.0,7.68
1791297921.714,python,0.0,6.65
1791297921.714,python,0.0,5.82
1791297921.714,python,0.0,5.32
1791297921.714,python,0.0,5.54
1791297921.714,pt_autograd_0,0.17,38.0
1791297921.915,python,0.0,48.04
1791297921.915,python,0.0,0.07
1791297921.915,python,0.0,0.06
1791297921.915,python,0.0,0.05
1791297921.915,python,0.0,0.05
1791297921.915,python,0.0,0.06
1791297921.915,python:disk$0,0.0,0.0
1791297921.915,python:sh0,0.0,0.0
1791297921.915,python:traceq0,0.0,0.0
1791297921.915,p:clctxworker0,0.0,0.0
1791297921.915,python,0.0,0.06
1791297921.915,python,0.0,7.68
1791297921.915,python,0.0,6.65
1791297921.915,python,0.0,5.82
1791297921.915,python,0.0,5.32
1791297921.915,python,0.0,5.54
1791297921.915,pt_autograd_0,0.21,38.21
1791297922.116,python,0.0,48.04
1791297922.116,python,0.0,0.07
1791297922.116,python,0.0,0.06
1791297922.116,python,0.0,0.05
1791297922.116,python,0.0,0.05
1791297922.116,python,0.0,0.06
1791297922.116,python:disk$0,0.0,0.0
1791297922.116,python:sh0,0.0,0.0
1791297922.116,python:traceq0,0.0,0.0
1791297922.116,p:clctxworker0,0.0,0.0
1791297922.116,python,0.0,0.06
1791297922.116,python,0.0,7.68
1791297922.116,python,0.0,6.65
1791297922.116,python,0.0,5.82
1791297922.116,python,0.0,5.32
1791297922.116,python,0.0,5.54
1791297922.116,pt_autograd_0,0.2,38.41
1791297922.318,python,0.07,48.11
1791297922.318,python,0.0,0.07
1791297922.318,python,0.0,0.06
1791297922.318,python,0.0,0.05
1791297922.318,python,0.0,0.05
1791297922.318,python,0.0,0.06
1791297922.318,python:disk$0,0.0,0.0
1791297922.318,python:sh0,0.0,0.0
1791297922.318,python:traceq0,0.0,0.0
1791297922.318,p:clctxworker0,0.0,0.0
1791297922.318,python,0.0,0.06
1791297922.318,python,0.0,7.68
1791297922.318,python,0.0,6.65
1791297922.318,python,0.0,5.82
1791297922.318,python,0.0,5.32
1791297922.318,python,0.0,5.54
1791297922.318,pt_autograd_0,0.13,38.54
1791297922.519,python,0.19,48.3
1791297922.519,python,0.0,0.07
1791297922.519,python,0.0,0.06
1791297922.519,python,0.0,0.05
1791297922.519,python,0.0,0.05
1791297922.519,python,0.0,0.06
1791297922.519,python:disk$0,0.0,0.0
1791297922.519,python:sh0,0.0,0.0
1791297922.519,python:traceq0,0.0,0.0
1791297922.519,p:clctxworker0,0.0,0.0
1791297922.519,python,0.0,0.06
1791297922.519,python,0.0,7.68
1791297922.519,python,0.0,6.65
1791297922.519,python,0.0,5.82
1791297922.519,python,0.0,5.32
1791297922.519,python,0.0,5.54
1791297922.519,pt_autograd_0,0.0,38.54
1791297922.72,python,0.2,48.5
1791297922.72,python,0.0,0.07
1791297922.72,python,0.0,0.06
1791297922.72,python,0.0,0.05
1791297922.72,python,0.0,0.05
1791297922.72,python,0.0,0.06
1791297922.72,python:disk$0,0.0,0.0
1791297922.72,python:sh0,0.0,0.0
1791297922.72,python:traceq0,0.0,0.0
1791297922.72,p:clctxworker0,0.0,0.0
1791297922.72,python,0.0,0.06
1791297922.72,python,0.0,7.68
1791297922.72,python,0.0,6.65
1791297922.72,python,0.0,5.82
1791297922.72,python,0.0,5.32
1791297922.72,python,0.0,5.54
1791297922.72,pt_autograd_0,0.0,38.54
1791297922.921,python,0.2,48.7
1791297922.921,python,0.0,0.07
1791297922.921,python,0.0,0.06
1791297922.921,python,0.0,0.05
1791297922.921,python,0.0,0.05
1791297922.921,python,0.0,0.06
1791297922.921,python:disk$0,0.0,0.0
1791297922.921,python:sh0,0.0,0.0
1791297922.921,python:traceq0,0.0,0.0
1791297922.921,p:clctxworker0,0.0,0.0
1791297922.921,python,0.0,0.06
1791297922.921,python,0.0,7.68
1791297922.921,python,0.0,6.65
1791297922.921,python,0.0,5.82
1791297922.921,python,0.0,5.32
1791297922.921,python,0.0,5.54
1791297922.921,pt_autograd_0,0.0,38.54
1791297923.122,python,0.2,48.9
1791297923.122,python,0.0,0.07
1791297923.122,python,0.0,0.06
1791297923.122,python,0.0,0.05
1791297923.122,python,0.0,0.05
1791297923.122,python,0.0,0.06
1791297923.122,python:disk$0,0.0,0.0
1791297923.122,python:sh0,0.0,0.0
1791297923.122,python:traceq0,0.0,0.0
1791297923.122,p:clctxworker0,0.0,0.0
1791297923.122,python,0.0,0.06
1791297923.122,python,0.0,7.68
1791297923.122,python,0.0,6.65
1791297923.122,python,0.0,5.82
1791297923.122,python,0.0,5.32
1791297923.122,python,0.0,5.54
1791297923.122,pt_autograd_0,0.0,38.54
1791297923.324,python,0.19,49.09
1791297923.324,python,0.0,0.07
1791297923.324,python,0.0,0.06
1791297923.324,python,0.0,0.05
1791297923.324,python,0.0,0.05
1791297923.324,python,0.0,0.06
1791297923.324,python:disk$0,0.0,0.0
1791297923.324,python:sh0,0.0,0.0
1791297923.324,python:traceq0,0.0,0.0
1791297923.324,p:clctxworker0,0.0,0.0
1791297923.324,python,0.0,0.06
1791297923.324,python,0.0,7.68
1791297923.324,python,0.0,6.65
1791297923.324,python,0.0,5.82
1791297923.324,python,0.0,5.32
1791297923.324,python,0.0,5.54
1791297923.324,pt_autograd_0,0.0,38.54
1791297923.525,python,0.2,49.29
1791297923.525,python,0.0,0.07
1791297923.525,python,0.0,0.06
1791297923.525,python,0.0,0.05
1791297923.525,python,0.0,0.05
1791297923.525,python,0.0,0.06
1791297923.525,python:disk$0,0.0,0.0
1791297923.525,python:sh0,0.0,0.0
1791297923.525,python:traceq0,0.0,0.0
1791297923.525,p:clctxworker0,0.0,0.0
1791297923.525,python,0.0,0.06
1791297923.525,python,0.0,7.68
1791297923.525,python,0.0,6.65
1791297923.525,python,0.0,5.82
1791297923.525,python,0.0,5.32
1791297923.525,python,0.0,5.54
1791297923.525,pt_autograd_0,0.0,38.54
1791297923.726,python,0.2,49.49
1791297923.726,python,0.0,0.07
1791297923.726,python,0.0,0.06
1791297923.726,python,0.0,0.05
1791297923.726,python,0.0,0.05
1791297923.726,python,0.0,0.06
1791297923.726,python:disk$0,0.0,0.0
1791297923.726,python:sh0,0.0,0.0
1791297923.726,python:traceq0,0.0,0.0
1791297923.726,p:clctxworker0,0.0,0.0
1791297923.726,python,0.0,0.06
1791297923.726,python,0.0,7.68
1791297923.726,python,0.0,6.65
1791297923.726,python,0.0,5.82
1791297923.726,python,0.0,5.32
1791297923.726,python,0.0,5.54
1791297923.726,pt_autograd_0,0.0,38.54
1791297923.927,python,0.2,49.69
1791297923.927,python,0.0,0.07
1791297923.927,python,0.0,0.06
1791297923.927,python,0.0,0.05
1791297923.927,python,0.0,0.05
1791297923.927,python,0.0,0.06
1791297923.927,python:disk$0,0.0,0.0
1791297923.927,python:sh0,0.0,0.0
1791297923.927,python:traceq0,0.0,0.0
1791297923.927,p:clctxworker0,0.0,0.0
1791297923.927,python,0.0,0.06
1791297923.927,python,0.0,7.68
1791297923.927,python,0.0,6.65
1791297923.927,python,0.0,5.82
1791297923.927,python,0.0,5.32
1791297923.927,python,0.0,5.54
1791297923.927,pt_autograd_0,0.0,38.54
1791297924.128,python,0.19,49.88
1791297924.128,python,0.0,0.07
1791297924.128,python,0.0,0.06
1791297924.128,python,0.0,0.05
1791297924.128,python,0.0,0.05
1791297924.128,python,0.0,0.06
1791297924.128,python:disk$0,0.0,0.0
1791297924.128,python:sh0,0.0,0.0
1791297924.128,python:traceq0,0.0,0.0
1791297924.128,p:clctxworker0,0.0,0.0
1791297924.128,python,0.0,0.06
1791297924.128,python,0.0,7.68
1791297924.128,python,0.0,6.65
1791297924.128,python,0.0,5.82
1791297924.128,python,0.0,5.32
1791297924.128,python,0.0,5.54
1791297924.128,pt_autograd_0,0.0,38.54
1791297924.329,python,0.2,50.08
1791297924.329,python,0.0,0.07
1791297924.329,python,0.0,0.06
1791297924.329,python,0.0,0.05
1791297924.329,python,0.0,0.05
1791297924.329,python,0.0,0.06
1791297924.329,python:disk$0,0.0,0.0
1791297924.329,python:sh0,0.0,0.0
1791297924.329,python:traceq0,0.0,0.0
1791297924.329,p:clctxworker0,0.0,0.0
1791297924.329,python,0.0,0.06
1791297924.329,python,0.0,7.68
1791297924.329,python,0.0,6.65
1791297924.329,python,0.0,5.82
1791297924.329,python,0.0,5.32
1791297924.329,python,0.0,5.54
1791297924.329,pt_autograd_0,0.0,38.54
1791297924.531,python,0.2,50.28
1791297924.531,python,0.0,0.07
1791297924.531,python,0.0,0.06
1791297924.531,python,0.0,0.05
1791297924.531,python,0.0,0.05
1791297924.531,python,0.0,0.06
1791297924.531,python:disk$0,0.0,0.0
1791297924.531,python:sh0,0.0,0.0
1791297924.531,python:traceq0,0.0,0.0
1791297924.531,p:clctxworker0,0.0,0.0
1791297924.531,python,0.0,0.06
1791297924.531,python,0.0,7.68
1791297924.531,python,0.0,6.65
1791297924.531,python,0.0,5.82
1791297924.531,python,0.0,5.32
1791297924.531,python,0.0,5.54
1791297924.531,pt_autograd_0,0.0,38.54
1791297924.732,python,0.05,50.33
1791297924.732,python,0.0,0.07
1791297924.732,python,0.0,0.06
1791297924.732,python,0.0,0.05
1791297924.732,python,0.0,0.05
1791297924.732,python,0.0,0.06
1791297924.732,python:disk$0,0.0,0.0
1791297924.732,python:sh0,0.0,0.0
1791297924.732,python:traceq0,0.0,0.0
1791297924.732,p:clctxworker0,0.0,0.0
1791297924.732,python,0.0,0.06
1791297924.732,python,0.0,7.68
1791297924.732,python,0.0,6.65
1791297924.732,python,0.0,5.82
1791297924.732,python,0.0,5.32
1791297924.732,python,0.0,5.54
1791297924.732,pt_autograd_0,0.15,38.69
1791297924.933,python,0.0,50.33
1791297924.933,python,0.0,0.07
1791297924.933,python,0.0,0.06
1791297924.933,python,0.0,0.05
1791297924.933,python,0.0,0.05
1791297924.933,python,0.0,0.06
1791297924.933,python:disk$0,0.0,0.0
1791297924.933,python:sh0,0.0,0.0
1791297924.933,python:traceq0,0.0,0.0
1791297924.933,p:clctxworker0,0.0,0.0
1791297924.933,python,0.0,0.06
1791297924.933,python,0.0,7.68
1791297924.933,python,0.0,6.65
1791297924.933,python,0.0,5.82
1791297924.933,python,0.0,5.32
1791297924.933,python,0.0,5.54
1791297924.933,pt_autograd_0,0.19,38.88
1791297925.134,python,0.0,50.33
1791297925.134,python,0.0,0.07
1791297925.134,python,0.0,0.06
1791297925.134,python,0.0,0.05
1791297925.134,python,0.0,0.05
1791297925.134,python,0.0,0.06
1791297925.134,python:disk$0,0.0,0.0
1791297925.134,python:sh0,0.0,0.0
1791297925.134,python:traceq0,0.0,0.0
1791297925.134,p:clctxworker0,0.0,0.0
1791297925.134,python,0.0,0.06
1791297925.134,python,0.0,7.68
1791297925.134,python,0.0,6.65
1791297925.134,python,0.0,5.82
1791297925.134,python,0.0,5.32
1791297925.134,python,0.0,5.54
1791297925.134,pt_autograd_0,0.2,39.08
1791297925.335,python,0.0,50.33
1791297925.335,python,0.0,0.07
1791297925.335,python,0.0,0.06
1791297925.335,python,0.0,0.05
1791297925.335,python,0.0,0.05
1791297925.335,python,0.0,0.06
1791297925.335,python:disk$0,0.0,0.0
1791297925.335,python:sh0,0.0,0.0
1791297925.335,python:traceq0,0.0,0.0
1791297925.335,p:clctxworker0,0.0,0.0
1791297925.335,python,0.0,0.06
1791297925.335,python,0.0,7.68
1791297925.335,python,0.0,6.65
1791297925.335,python,0.0,5.82
1791297925.335,python,0.0,5.32
1791297925.335,python,0.0,5.54
1791297925.335,pt_autograd_0,0.2,39.28
1791297925.536,python,0.0,50.33
1791297925.536,python,0.0,0.07
1791297925.536,python,0.0,0.06
1791297925.536,python,0.0,0.05
1791297925.536,python,0.0,0.05
1791297925.536,python,0.0,0.06
1791297925.536,python:disk$0,0.0,0.0
1791297925.536,python:sh0,0.0,0.0
1791297925.536,python:traceq0,0.0,0.0
1791297925.536,p:clctxworker0,0.0,0.0
1791297925.536,python,0.0,0.06
1791297925.536,python,0.0,7.68
1791297925.536,python,0.0,6.65
1791297925.536,python,0.0,5.82
1791297925.536,python,0.0,5.32
1791297925.536,python,0.0,5.54
1791297925.536,pt_autograd_0,0.2,39.48
1791297925.737,python,0.0,50.33
1791297925.737,python,0.0,0.07
1791297925.737,python,0.0,0.06
1791297925.737,python,0.0,0.05
1791297925.737,python,0.0,0.05
1791297925.737,python,0.0,0.06
1791297925.737,python:disk$0,0.0,0.0
1791297925.737,python:sh0,0.0,0.0
1791297925.737,python:traceq0,0.0,0.0
1791297925.737,p:clctxworker0,0.0,0.0
1791297925.737,python,0.0,0.06
1791297925.737,python,0.0,7.68
1791297925.737,python,0.0,6.65
1791297925.737,python,0.0,5.82
1791297925.737,python,0.0,5.32
1791297925.737,python,0.0,5.54
1791297925.737,pt_autograd_0,0.2,39.68
1791297925.939,python,0.0,50.33
1791297925.939,python,0.0,0.07
1791297925.939,python,0.0,0.06
1791297925.939,python,0.0,0.05
1791297925.939,python,0.0,0.05
1791297925.939,python,0.0,0.06
1791297925.939,python:disk$0,0.0,0.0
1791297925.939,python:sh0,0.0,0.0
1791297925.939,python:traceq0,0.0,0.0
1791297925.939,p:clctxworker0,0.0,0.0
1791297925.939,python,0.0,0.06
1791297925.939,python,0.0,7.68
1791297925.939,python,0.0,6.65
1791297925.939,python,0.0,5.82
1791297925.939,python,0.0,5.32
1791297925.939,python,0.0,5.54
1791297925.939,pt_autograd_0,0.2,39.88
1791297926.14,python,0.0,50.33
1791297926.14,python,0.0,0.07
1791297926.14,python,0.0,0.06
1791297926.14,python,0.0,0.05
1791297926.14,python,0.0,0.05
1791297926.14,python,0.0,0.06
1791297926.14,python:disk$0,0.0,0.0
1791297926.14,python:sh0,0.0,0.0
1791297926.14,python:traceq0,0.0,0.0
1791297926.14,p:clctxworker0,0.0,0.0
1791297926.14,python,0.0,0.06
1791297926.14,python,0.0,7.68
1791297926.14,python,0.0,6.65
1791297926.14,python,0.0,5.82
1791297926.14,python,0.0,5.32
1791297926.14,python,0.0,5.54
1791297926.14,pt_autograd_0,0.2,40.08
1791297926.341,python,0.0,50.33
1791297926.341,python,0.0,0.07
1791297926.341,python,0.0,0.06
1791297926.341,python,0.0,0.05
1791297926.341,python,0.0,0.05
1791297926.341,python,0.0,0.06
1791297926.341,python:disk$0,0.0,0.0
1791297926.341,python:sh0,0.0,0.0
1791297926.341,python:traceq0,0.0,0.0
1791297926.341,p:clctxworker0,0.0,0.0
1791297926.341,python,0.0,0.06
1791297926.341,python,0.0,7.68
1791297926.341,python,0.0,6.65
1791297926.341,python,0.0,5.82
1791297926.341,python,0.0,5.32
1791297926.341,python,0.0,5.54
1791297926.341,pt_autograd_0,0.21,40.29
1791297926.542,python,0.0,50.33
1791297926.542,python,0.0,0.07
1791297926.542,python,0.0,0.06
1791297926.542,python,0.0,0.05
1791297926.542,python,0.0,0.05
1791297926.542,python,0.0,0.06
1791297926.542,python:disk$0,0.0,0.0
1791297926.542,python:sh0,0.0,0.0
1791297926.542,python:traceq0,0.0,0.0
1791297926.542,p:clctxworker0,0.0,0.0
1791297926.542,python,0.0,0.06
1791297926.542,python,0.0,7.68
1791297926.542,python,0.0,6.65
1791297926.542,python,0.0,5.82
1791297926.542,python,0.0,5.32
1791297926.542,python,0.0,5.54
1791297926.542,pt_autograd_0,0.2,40.49
1791297926.743,python,0.0,50.33
1791297926.743,python,0.0,0.07
1791297926.743,python,0.0,0.06
1791297926.743,python,0.0,0.05
1791297926.743,python,0.0,0.05
1791297926.743,python,0.0,0.06
1791297926.743,python:disk$0,0.0,0.0
1791297926.743,python:sh0,0.0,0.0
1791297926.743,python:traceq0,0.0,0.0
1791297926.743,p:clctxworker0,0.0,0.0
1791297926.743,python,0.0,0.06
1791297926.743,python,0.0,7.68
1791297926.743,python,0.0,6.65
1791297926.743,python,0.0,5.82
1791297926.743,python,0.0,5.32
1791297926.743,python,0.0,5.54
1791297926.743,pt_autograd_0,0.2,40.69
1791297926.944,python,0.0,50.33
1791297926.944,python,0.0,0.07
1791297926.944,python,0.0,0.06
1791297926.944,python,0.0,0.05
1791297926.944,python,0.0,0.05
1791297926.944,python,0.0,0.06
1791297926.944,python:disk$0,0.0,0.0
1791297926.944,python:sh0,0.0,0.0
1791297926.944,python:traceq0,0.0,0.0
1791297926.944,p:clctxworker0,0.0,0.0
1791297926.944,python,0.0,0.06
1791297926.944,python,0.0,7.68
1791297926.944,python,0.0,6.65
1791297926.944,python,0.0,5.82
1791297926.944,python,0.0,5.32
1791297926.944,python,0.0,5.54
1791297926.944,pt_autograd_0,0.2,40.89
1791297927.145,python,0.0,50.33
1791297927.145,python,0.0,0.07
1791297927.145,python,0.0,0.06
1791297927.145,python,0.0,0.05
1791297927.145,python,0.0,0.05
1791297927.145,python,0.0,0.06
1791297927.145,python:disk$0,0.0,0.0
1791297927.145,python:sh0,0.0,0.0
1791297927.145,python:traceq0,0.0,0.0
1791297927.145,p:clctxworker0,0.0,0.0
1791297927.145,python,0.0,0.06
1791297927.145,python,0.0,7.68
1791297927.145,python,0.0,6.65
1791297927.145,python,0.0,5.82
1791297927.145,python,0.0,5.32
1791297927.145,python,0.0,5.54
1791297927.145,pt_autograd_0,0.2,41.09
1791297927.346,python,0.0,50.33
1791297927.346,python,0.0,0.07
1791297927.346,python,0.0,0.06
1791297927.346,python,0.0,0.05
1791297927.346,python,0.0,0.05
1791297927.346,python,0.0,0.06
1791297927.346,python:disk$0,0.0,0.0
1791297927.346,python:sh0,0.0,0.0
1791297927.346,python:traceq0,0.0,0.0
1791297927.346,p:clctxworker0,0.0,0.0
1791297927.346,python,0.0,0.06
1791297927.346,python,0.0,7.68
1791297927.346,python,0.0,6.65
1791297927.346,python,0.0,5.82
1791297927.346,python,0.0,5.32
1791297927.346,python,0.0,5.54
1791297927.346,pt_autograd_0,0.2,41.29
1791297927.548,python,0.0,50.33
1791297927.548,python,0.0,0.07
1791297927.548,python,0.0,0.06
1791297927.548,python,0.0,0.05
1791297927.548,python,0.0,0.05
1791297927.548,python,0.0,0.06
1791297927.548,python:disk$0,0.0,0.0
1791297927.548,python:sh0,0.0,0.0
1791297927.548,python:traceq0,0.0,0.0
1791297927.548,p:clctxworker0,0.0,0.0
1791297927.548,python,0.0,0.06
1791297927.548,python,0.0,7.68
1791297927.548,python,0.0,6.65
1791297927.548,python,0.0,5.82
1791297927.548,python,0.0,5.32
1791297927.548,python,0.0,5.54
1791297927.548,pt_autograd_0,0.2,41.49
1791297927.749,python,0.09,50.42
1791297927.749,python,0.0,0.07
1791297927.749,python,0.0,0.06
1791297927.749,python,0.0,0.05
1791297927.749,python,0.0,0.05
1791297927.749,python,0.0,0.06
1791297927.749,python:disk$0,0.0,0.0
1791297927.749,python:sh0,0.0,0.0
1791297927.749,python:traceq0,0.0,0.0
1791297927.749,p:clctxworker0,0.0,0.0
1791297927.749,python,0.0,0.06
1791297927.749,python,0.02,7.7
1791297927.749,python,0.02,6.67
1791297927.749,python,0.02,5.84
1791297927.749,python,0.01,5.33
1791297927.749,python,0.01,5.55
1791297927.749,pt_autograd_0,0.11,41.6
1791297927.95,python,0.2,50.62
1791297927.95,python,0.0,0.07
1791297927.95,python,0.0,0.06
1791297927.95,python,0.0,0.05
1791297927.95,python,0.0,0.05
1791297927.95,python,0.0,0.06
1791297927.95,python:disk$0,0.0,0.0
1791297927.95,python:sh0,0.0,0.0
1791297927.95,python:traceq0,0.0,0.0
1791297927.95,p:clctxworker0,0.0,0.0
1791297927.95,python,0.0,0.06
1791297927.95,python,0.0,7.7
1791297927.95,python,0.0,6.67
1791297927.95,python,0.0,5.84
1791297927.95,python,0.0,5.33
1791297927.95,python,0.0,5.55
1791297927.95,pt_autograd_0,0.0,41.6
1791297928.151,python,0.2,50.82
1791297928.151,python,0.0,0.07
1791297928.151,python,0.0,0.06
1791297928.151,python,0.0,0.05
1791297928.151,python,0.0,0.05
1791297928.151,python,0.0,0.06
1791297928.151,python:disk$0,0.0,0.0
1791297928.151,python:sh0,0.0,0.0
1791297928.151,python:traceq0,0.0,0.0
1791297928.151,p:clctxworker0,0.0,0.0
1791297928.151,python,0.0,0.06
1791297928.151,python,0.0,7.7
1791297928.151,python,0.0,6.67
1791297928.151,python,0.0,5.84
1791297928.151,python,0.0,5.33
1791297928.151,python,0.0,5.55
1791297928.151,pt_autograd_0,0.0,41.6
1791297928.352,python,0.21,51.03
1791297928.352,python,0.0,0.07
1791297928.352,python,0.0,0.06
1791297928.352,python,0.0,0.05
1791297928.352,python,0.0,0.05
1791297928.352,python,0.0,0.06
1791297928.352,python:disk$0,0.0,0.0
1791297928.352,python:sh0,0.0,0.0
1791297928.352,python:traceq0,0.0,0.0
1791297928.352,p:clctxworker0,0.0,0.0
1791297928.352,python,0.0,0.06
1791297928.352,python,0.0,7.7
1791297928.352,python,0.0,6.67
1791297928.352,python,0.0,5.84
1791297928.352,python,0.0,5.33
1791297928.352,python,0.0,5.55
1791297928.352,pt_autograd_0,0.0,41.6
1791297928.553,python,0.19,51.22
1791297928.553,python,0.0,0.07
1791297928.553,python,0.0,0.06
1791297928.553,python,0.0,0.05
1791297928.553,python,0.0,0.05
1791297928.553,python,0.0,0.06
1791297928.553,python:disk$0,0.0,0.0
1791297928.553,python:sh0,0.0,0.0
1791297928.553,python:traceq0,0.0,0.0
1791297928.553,p:clctxworker0,0.0,0.0
1791297928.553,python,0.0,0.06
1791297928.553,python,0.0,7.7
1791297928.553,python,0.0,6.67
1791297928.553,python,0.0,5.84
1791297928.553,python,0.0,5.33
1791297928.553,python,0.0,5.55
1791297928.553,pt_autograd_0,0.0,41.6
1791297928.754,python,0.2,51.42
1791297928.754,python,0.0,0.07
1791297928.754,python,0.0,0.06
1791297928.754,python,0.0,0.05
1791297928.754,python,0.0,0.05
1791297928.754,python,0.0,0.06
1791297928.754,python:disk$0,0.0,0.0
1791297928.754,python:sh0,0.0,0.0
1791297928.754,python:traceq0,0.0,0.0
1791297928.754,p:clctxworker0,0.0,0.0
1791297928.754,python,0.0,0.06
1791297928.754,python,0.0,7.7
1791297928.754,python,0.0,6.67
1791297928.754,python,0.0,5.84
1791297928.754,python,0.0,5.33
1791297928.754,python,0.0,5.55
1791297928.754,pt_autograd_0,0.0,41.6
1791297928.955,python,0.2,51.62
1791297928.955,python,0.0,0.07
1791297928.955,python,0.0,0.06
1791297928.955,python,0.0,0.05
1791297928.955,python,0.0,0.05
1791297928.955,python,0.0,0.06
1791297928.955,python:disk$0,0.0,0.0
1791297928.955,python:sh0,0.0,0.0
1791297928.955,python:traceq0,0.0,0.0
1791297928.955,p:clctxworker0,0.0,0.0
1791297928.955,python,0.0,0.06
1791297928.955,python,0.0,7.7
1791297928.955,python,0.0,6.67
1791297928.955,python,0.0,5.84
1791297928.955,python,0.0,5.33
1791297928.955,python,0.0,5.55
1791297928.955,pt_autograd_0,0.0,41.6
1791297929.156,python,0.02,51.64
1791297929.156,python,0.0,0.07
1791297929.156,python,0.0,0.06
1791297929.156,python,0.0,0.05
1791297929.156,python,0.0,0.05
1791297929.156,python,0.0,0.06
1791297929.156,python:disk$0,0.0,0.0
1791297929.156,python:sh0,0.0,0.0
1791297929.156,python:traceq0,0.0,0.0
1791297929.156,p:clctxworker0,0.0,0.0
1791297929.156,python,0.0,0.06
1791297929.156,python,0.0,7.7
1791297929.156,python,0.0,6.67
1791297929.156,python,0.0,5.84
1791297929.156,python,0.0,5.33
1791297929.156,python,0.0,5.55
1791297929.156,pt_autograd_0,0.18,41.78
1791297929.358,python,0.0,51.64
1791297929.358,python,0.0,0.07
1791297929.358,python,0.0,0.06
1791297929.358,python,0.0,0.05
1791297929.358,python,0.0,0.05
1791297929.358,python,0.0,0.06
1791297929.358,python:disk$0,0.0,0.0
1791297929.358,python:sh0,0.0,0.0
1791297929.358,python:traceq0,0.0,0.0
1791297929.358,p:clctxworker0,0.0,0.0
1791297929.358,python,0.0,0.06
1791297929.358,python,0.0,7.7
1791297929.358,python,0.0,6.67
1791297929.358,python,0.0,5.84
1791297929.358,python,0.0,5.33
1791297929.358,python,0.0,5.55
1791297929.358,pt_autograd_0,0.2,41.98
1791297929.559,python,0.0,51.64
1791297929.559,python,0.0,0.07
1791297929.559,python,0.0,0.06
1791297929.559,python,0.0,0.05
1791297929.559,python,0.0,0.05
1791297929.559,python,0.0,0.06
1791297929.559,python:disk$0,0.0,0.0
1791297929.559,python:sh0,0.0,0.0
1791297929.559,python:traceq0,0.0,0.0
1791297929.559,p:clctxworker0,0.0,0.0
1791297929.559,python,0.0,0.06
1791297929.559,python,0.0,7.7
1791297929.559,python,0.0,6.67
1791297929.559,python,0.0,5.84
1791297929.559,python,0.0,5.33
1791297929.559,python,0.0,5.55
1791297929.559,pt_autograd_0,0.19,42.17
1791297929.76,python,0.0,51.64
1791297929.76,python,0.0,0.07
1791297929.76,python,0.0,0.06
1791297929.76,python,0.0,0.05
1791297929.76,python,0.0,0.05
1791297929.76,python,0.0,0.06
1791297929.76,python:disk$0,0.0,0.0
1791297929.76,python:sh0,0.0,0.0
1791297929.76,python:traceq0,0.0,0.0
1791297929.76,p:clctxworker0,0.0,0.0
1791297929.76,python,0.0,0.06
1791297929.76,python,0.0,7.7
1791297929.76,python,0.0,6.67
1791297929.76,python,0.0,5.84
1791297929.76,python,0.0,5.33
1791297929.76,python,0.0,5.55
1791297929.76,pt_autograd_0,0.2,42.37
1791297929.961,python,0.0,51.64
1791297929.961,python,0.0,0.07
1791297929.961,python,0.0,0.06
1791297929.961,python,0.0,0.05
1791297929.961,python,0.0,0.05
1791297929.961,python,0.0,0.06
1791297929.961,python:disk$0,0.0,0.0
1791297929.961,python:sh0,0.0,0.0
1791297929.961,python:traceq0,0.0,0.0
1791297929.961,p:clctxworker0,0.0,0.0
1791297929.961,python,0.0,0.06
1791297929.961,python,0.0,7.7
1791297929.961,python,0.0,6.67
1791297929.961,python,0.0,5.84
1791297929.961,python,0.0,5.33
1791297929.961,python,0.0,5.55
1791297929.961,pt_autograd_0,0.2,42.57
1791297930.162,python,0.0,51.64
1791297930.162,python,0.0,0.07
1791297930.162,python,0.0,0.06
1791297930.162,python,0.0,0.05
1791297930.162,python,0.0,0.05
1791297930.162,python,0.0,0.06
1791297930.162,python:disk$0,0.0,0.0
1791297930.162,python:sh0,0.0,0.0
1791297930.162,python:traceq0,0.0,0.0
1791297930.162,p:clctxworker0,0.0,0.0
1791297930.162,python,0.0,0.06
1791297930.162,python,0.0,7.7
1791297930.162,python,0.0,6.67
1791297930.162,python,0.0,5.84
1791297930.162,python,0.0,5.33
1791297930.162,python,0.0,5.55
1791297930.162,pt_autograd_0,0.19,42.76
1791297930.364,python,0.0,51.64
1791297930.364,python,0.0,0.07
1791297930.364,python,0.0,0.06
1791297930.364,python,0.0,0.05
1791297930.364,python,0.0,0.05
1791297930.364,python,0.0,0.06
1791297930.364,python:disk$0,0.0,0.0
1791297930.364,python:sh0,0.0,0.0
1791297930.364,python:traceq0,0.0,0.0
1791297930.364,p:clctxworker0,0.0,0.0
1791297930.364,python,0.0,0.06
1791297930.364,python,0.0,7.7
1791297930.364,python,0.0,6.67
1791297930.364,python,0.0,5.84
1791297930.364,python,0.0,5.33
1791297930.364,python,0.0,5.55
1791297930.364,pt_autograd_0,0.2,42.96
1791297930.565,python,0.0,51.64
1791297930.565,python,0.0,0.07
1791297930.565,python,0.0,0.06
1791297930.565,python,0.0,0.05
1791297930.565,python,0.0,0.05
1791297930.565,python,0.0,0.06
1791297930.565,python:disk$0,0.0,0.0
1791297930.565,python:sh0,0.0,0.0
1791297930.565,python:traceq0,0.0,0.0
1791297930.565,p:clctxworker0,0.0,0.0
1791297930.565,python,0.0,0.06
1791297930.565,python,0.0,7.7
1791297930.565,python,0.0,6.67
1791297930.565,python,0.0,5.84
1791297930.565,python,0.0,5.33
1791297930.565,python,0.0,5.55
1791297930.565,pt_autograd_0,0.2,43.16
1791297930.766,python,0.0,51.64
1791297930.766,python,0.0,0.07
1791297930.766,python,0.0,0.06
1791297930.766,python,0.0,0.05
1791297930.766,python,0.0,0.05
1791297930.766,python,0.0,0.06
1791297930.766,python:disk$0,0.0,0.0
1791297930.766,python:sh0,0.0,0.0
1791297930.766,python:traceq0,0.0,0.0
1791297930.766,p:clctxworker0,0.0,0.0
1791297930.766,python,0.0,0.06
1791297930.766,python,0.0,7.7
1791297930.766,python,0.0,6.67
1791297930.766,python,0.0,5.84
1791297930.766,python,0.0,5.33
1791297930.766,python,0.0,5.55
1791297930.766,pt_autograd_0,0.2,43.36
1791297930.967,python,0.0,51.64
1791297930.967,python,0.0,0.07
1791297930.967,python,0.0,0.06
1791297930.967,python,0.0,0.05
1791297930.967,python,0.0,0.05
1791297930.967,python,0.0,0.06
1791297930.967,python:disk$0,0.0,0.0
1791297930.967,python:sh0,0.0,0.0
1791297930.967,python:traceq0,0.0,0.0
1791297930.967,p:clctxworker0,0.0,0.0
1791297930.967,python,0.0,0.06
1791297930.967,python,0.0,7.7
1791297930.967,python,0.0,6.67
1791297930.967,python,0.0,5.84
1791297930.967,python,0.0,5.33
1791297930.967,python,0.0,5.55
1791297930.967,pt_autograd_0,0.2,43.56
1791297931.168,python,0.0,51.64
1791297931.168,python,0.0,0.07
1791297931.168,python,0.0,0.06
1791297931.168,python,0.0,0.05
1791297931.168,python,0.0,0.05
1791297931.168,python,0.0,0.06
1791297931.168,python:disk$0,0.0,0.0
1791297931.168,python:sh0,0.0,0.0
1791297931.168,python:traceq0,0.0,0.0
1791297931.168,p:clctxworker0,0.0,0.0
1791297931.168,python,0.0,0.06
1791297931.168,python,0.0,7.7
1791297931.168,python,0.0,6.67
1791297931.168,python,0.0,5.84
1791297931.168,python,0.0,5.33
1791297931.168,python,0.0,5.55
1791297931.168,pt_autograd_0,0.2,43.76
1791297931.369,python,0.1,51.74
1791297931.369,python,0.0,0.07
1791297931.369,python,0.0,0.06
1791297931.369,python,0.0,0.05
1791297931.369,python,0.0,0.05
1791297931.369,python,0.0,0.06
1791297931.369,python:disk$0,0.0,0.0
1791297931.369,python:sh0,0.0,0.0
1791297931.369,python:traceq0,0.0,0.0
1791297931.369,p:clctxworker0,0.0,0.0
1791297931.369,python,0.0,0.06
1791297931.369,python,0.01,7.71
1791297931.369,python,0.01,6.68
1791297931.369,python,0.01,5.85
1791297931.369,python,0.01,5.34
1791297931.369,python,0.02,5.57
1791297931.369,pt_autograd_0,0.1,43.86
1791297931.57,python,0.2,51.94
1791297931.57,python,0.0,0.07
1791297931.57,python,0.0,0.06
1791297931.57,python,0.0,0.05
1791297931.57,python,0.0,0.05
1791297931.57,python,0.0,0.06
1791297931.57,python:disk$0,0.0,0.0
1791297931.57,python:sh0,0.0,0.0
1791297931.57,python:traceq0,0.0,0.0
1791297931.57,p:clctxworker0,0.0,0.0
1791297931.57,python,0.0,0.06
1791297931.57,python,0.0,7.71
1791297931.57,python,0.0,6.68
1791297931.57,python,0.0,5.85
1791297931.57,python,0.0,5.34
1791297931.57,python,0.0,5.57
1791297931.57,pt_autograd_0,0.0,43.86
1791297931.772,python,0.19,52.13
1791297931.772,python,0.0,0.07
1791297931.772,python,0.0,0.06
1791297931.772,python,0.0,0.05
1791297931.772,python,0.0,0.05
1791297931.772,python,0.0,0.06
1791297931.772,python:disk$0,0.0,0.0
1791297931.772,python:sh0,0.0,0.0
1791297931.772,python:traceq0,0.0,0.0
1791297931.772,p:clctxworker0,0.0,0.0
1791297931.772,python,0.0,0.06
1791297931.772,python,0.0,7.71
1791297931.772,python,0.0,6.68
1791297931.772,python,0.0,5.85
1791297931.772,python,0.0,5.34
1791297931.772,python,0.0,5.57
1791297931.772,pt_autograd_0,0.0,43.86
1791297931.973,python,0.2,52.33
1791297931.973,python,0.0,0.07
1791297931.973,python,0.0,0.06
1791297931.973,python,0.0,0.05
1791297931.973,python,0.0,0.05
1791297931.973,python,0.0,0.06
1791297931.973,python:disk$0,0.0,0.0
1791297931.973,python:sh0,0.0,0.0
1791297931.973,python:traceq0,0.0,0.0
1791297931.973,p:clctxworker0,0.0,0.0
1791297931.973,python,0.01,0.07
1791297931.973,python,0.0,7.71
1791297931.973,python,0.0,6.68
1791297931.973,python,0.0,5.85
1791297931.973,python,0.0,5.34
1791297931.973,python,0.0,5.57
1791297931.973,pt_autograd_0,0.0,43.86
1791297932.174,python,0.2,52.53
1791297932.174,python,0.0,0.07
1791297932.174,python,0.0,0.06
1791297932.174,python,0.0,0.05
1791297932.174,python,0.0,0.05
1791297932.174,python,0.0,0.06
1791297932.174,python:disk$0,0.0,0.0
1791297932.174,python:sh0,0.0,0.0
1791297932.174,python:traceq0,0.0,0.0
1791297932.174,p:clctxworker0,0.0,0.0
1791297932.174,python,0.0,0.07
1791297932.174,python,0.0,7.71
1791297932.174,python,0.0,6.68
1791297932.174,python,0.0,5.85
1791297932.174,python,0.0,5.34
1791297932.174,python,0.0,5.57
1791297932.174,pt_autograd_0,0.0,43.86
1791297932.375,python,0.2,52.73
1791297932.375,python,0.0,0.07
1791297932.375,python,0.0,0.06
1791297932.375,python,0.0,0.05
1791297932.375,python,0.0,0.05
1791297932.375,python,0.0,0.06
1791297932.375,python:disk$0,0.0,0.0
1791297932.375,python:sh0,0.0,0.0
1791297932.375,python:traceq0,0.0,0.0
1791297932.375,p:clctxworker0,0.0,0.0
1791297932.375,python,0.0,0.07
1791297932.375,python,0.0,7.71
1791297932.375,python,0.0,6.68
1791297932.375,python,0.0,5.85
1791297932.375,python,0.0,5.34
1791297932.375,python,0.0,5.57
1791297932.375,pt_autograd_0,0.0,43.86
1791297932.576,python,0.2,52.93
1791297932.576,python,0.0,0.07
1791297932.576,python,0.0,0.06
1791297932.576,python,0.0,0.05
1791297932.576,python,0.0,0.05
1791297932.576,python,0.0,0.06
1791297932.576,python:disk$0,0.0,0.0
1791297932.576,python:sh0,0.0,0.0
1791297932.576,python:traceq0,0.0,0.0
1791297932.576,p:clctxworker0,0.0,0.0
1791297932.576,python,0.0,0.07
1791297932.576,python,0.0,7.71
1791297932.576,python,0.0,6.68
1791297932.576,python,0.0,5.85
1791297932.576,python,0.0,5.34
1791297932.576,python,0.0,5.57
1791297932.576,pt_autograd_0,0.0,43.86
1791297932.777,python,0.2,53.13
1791297932.777,python,0.0,0.07
1791297932.777,python,0.0,0.06
1791297932.777,python,0.0,0.05
1791297932.777,python,0.0,0.05
1791297932.777,python,0.0,0.06
1791297932.777,python:disk$0,0.0,0.0
1791297932.777,python:sh0,0.0,0.0
1791297932.777,python:traceq0,0.0,0.0
1791297932.777,p:clctxworker0,0.0,0.0
1791297932.777,python,0.0,0.07
1791297932.777,python,0.0,7.71
1791297932.777,python,0.0,6.68
1791297932.777,python,0.0,5.85
1791297932.777,python,0.0,5.34
1791297932.777,python,0.0,5.57
1791297932.777,pt_autograd_0,0.0,43.86
1791297932.979,python,0.18,53.31
1791297932.979,python,0.0,0.07
1791297932.979,python,0.0,0.06
1791297932.979,python,0.0,0.05
1791297932.979,python,0.0,0.05
1791297932.979,python,0.0,0.06
1791297932.979,python:disk$0,0.0,0.0
1791297932.979,python:sh0,0.0,0.0
1791297932.979,python:traceq0,0.0,0.0
1791297932.979,p:clctxworker0,0.0,0.0
1791297932.979,python,0.0,0.07
1791297932.979,python,0.0,7.71
1791297932.979,python,0.0,6.68
1791297932.979,python,0.0,5.85
1791297932.979,python,0.0,5.34
1791297932.979,python,0.0,5.57
1791297932.979,pt_autograd_0,0.03,43.89
1791297933.18,python,0.0,53.31
1791297933.18,python,0.0,0.07
1791297933.18,python,0.0,0.06
1791297933.18,python,0.0,0.05
1791297933.18,python,0.0,0.05
1791297933.18,python,0.0,0.06
1791297933.18,python:disk$0,0.0,0.0
1791297933.18,python:sh0,0.0,0.0
1791297933.18,python:traceq0,0.0,0.0
1791297933.18,p:clctxworker0,0.0,0.0
1791297933.18,python,0.0,0.07
1791297933.18,python,0.0,7.71
1791297933.18,python,0.0,6.68
1791297933.18,python,0.0,5.85
1791297933.18,python,0.0,5.34
1791297933.18,python,0.0,5.57
1791297933.18,pt_autograd_0,0.2,44.09
1791297933.381,python,0.0,53.31
1791297933.381,python,0.0,0.07
1791297933.381,python,0.0,0.06
1791297933.381,python,0.0,0.05
1791297933.381,python,0.0,0.05
1791297933.381,python,0.0,0.06
1791297933.381,python:disk$0,0.0,0.0
1791297933.381,python:sh0,0.0,0.0
1791297933.381,python:traceq0,0.0,0.0
1791297933.381,p:clctxworker0,0.0,0.0
1791297933.381,python,0.0,0.07
1791297933.381,python,0.0,7.71
1791297933.381,python,0.0,6.68
1791297933.381,python,0.0,5.85
1791297933.381,python,0.0,5.34
1791297933.381,python,0.0,5.57
1791297933.381,pt_autograd_0,0.2,44.29
1791297933.582,python,0.0,53.31
1791297933.582,python,0.0,0.07
1791297933.582,python,0.0,0.06
1791297933.582,python,0.0,0.05
1791297933.582,python,0.0,0.05
1791297933.582,python,0.0,0.06
1791297933.582,python:disk$0,0.0,0.0
1791297933.582,python:sh0,0.0,0.0
1791297933.582,python:traceq0,0.0,0.0
1791297933.582,p:clctxworker0,0.0,0.0
1791297933.582,python,0.0,0.07
1791297933.582,python,0.0,7.71
1791297933.582,python,0.0,6.68
1791297933.582,python,0.0,5.85
1791297933.582,python,0.0,5.34
1791297933.582,python,0.0,5.57
1791297933.582,pt_autograd_0,0.2,44.49
1791297933.784,python,0.0,53.31
1791297933.784,python,0.0,0.07
1791297933.784,python,0.0,0.06
1791297933.784,python,0.0,0.05
1791297933.784,python,0.0,0.05
1791297933.784,python,0.0,0.06
1791297933.784,python:disk$0,0.0,0.0
1791297933.784,python:sh0,0.0,0.0
1791297933.784,python:traceq0,0.0,0.0
1791297933.784,p:clctxworker0,0.0,0.0
1791297933.784,python,0.0,0.07
1791297933.784,python,0.0,7.71
1791297933.784,python,0.0,6.68
1791297933.784,python,0.0,5.85
1791297933.784,python,0.0,5.34
1791297933.784,python,0.0,5.57
1791297933.784,pt_autograd_0,0.2,44.69
1791297933.985,python,0.0,53.31
1791297933.985,python,0.0,0.07
1791297933.985,python,0.0,0.06
1791297933.985,python,0.0,0.05
1791297933.985,python,0.0,0.05
1791297933.985,python,0.0,0.06
1791297933.985,python:disk$0,0.0,0.0
1791297933.985,python:sh0,0.0,0.0
1791297933.985,python:traceq0,0.0,0.0
1791297933.985,p:clctxworker0,0.0,0.0
1791297933.985,python,0.0,0.07
1791297933.985,python,0.0,7.71
1791297933.985,python,0.0,6.68
1791297933.985,python,0.0,5.85
1791297933.985,python,0.0,5.34
1791297933.985,python,0.0,5.57
1791297933.985,pt_autograd_0,0.2,44.89
1791297934.186,python,0.0,53.31
1791297934.186,python,0.0,0.07
1791297934.186,python,0.0,0.06
1791297934.186,python,0.0,0.05
1791297934.186,python,0.0,0.05
1791297934.186,python,0.0,0.06
1791297934.186,python:disk$0,0.0,0.0
1791297934.186,python:sh0,0.0,0.0
1791297934.186,python:traceq0,0.0,0.0
1791297934.186,p:clctxworker0,0.0,0.0
1791297934.186,python,0.0,0.07
1791297934.186,python,0.0,7.71
1791297934.186,python,0.0,6.68
1791297934.186,python,0.0,5.85
1791297934.186,python,0.0,5.34
1791297934.186,python,0.0,5.57
1791297934.186,pt_autograd_0,0.21,45.1
1791297934.387,python,0.0,53.31
1791297934.387,python,0.0,0.07
1791297934.387,python,0.0,0.06
1791297934.387,python,0.0,0.05
1791297934.387,python,0.0,0.05
1791297934.387,python,0.0,0.06
1791297934.387,python:disk$0,0.0,0.0
1791297934.387,python:sh0,0.0,0.0
1791297934.387,python:traceq0,0.0,0.0
1791297934.387,p:clctxworker0,0.0,0.0
1791297934.387,python,0.0,0.07
1791297934.387,python,0.0,7.71
1791297934.387,python,0.0,6.68
1791297934.387,python,0.0,5.85
1791297934.387,python,0.0,5.34
1791297934.387,python,0.0,5.57
1791297934.387,pt_autograd_0,0.19,45.29
1791297934.589,python,0.0,53.31
1791297934.589,python,0.0,0.07
1791297934.589,python,0.0,0.06
1791297934.589,python,0.0,0.05
1791297934.589,python,0.0,0.05
1791297934.589,python,0.0,0.06
1791297934.589,python:disk$0,0.0,0.0
1791297934.589,python:sh0,0.0,0.0
1791297934.589,python:traceq0,0.0,0.0
1791297934.589,p:clctxworker0,0.0,0.0
1791297934.589,python,0.0,0.07
1791297934.589,python,0.0,7.71
1791297934.589,python,0.0,6.68
1791297934.589,python,0.0,5.85
1791297934.589,python,0.0,5.34
1791297934.589,python,0.0,5.57
1791297934.589,pt_autograd_0,0.19,45.48
1791297934.79,python,0.0,53.31
1791297934.79,python,0.0,0.07
1791297934.79,python,0.0,0.06
1791297934.79,python,0.0,0.05
1791297934.79,python,0.0,0.05
1791297934.79,python,0.0,0.06
1791297934.79,python:disk$0,0.0,0.0
1791297934.79,python:sh0,0.0,0.0
1791297934.79,python:traceq0,0.0,0.0
1791297934.79,p:clctxworker0,0.0,0.0
1791297934.79,python,0.0,0.07
1791297934.79,python,0.0,7.71
1791297934.79,python,0.0,6.68
1791297934.79,python,0.0,5.85
1791297934.79,python,0.0,5.34
1791297934.79,python,0.0,5.57
1791297934.79,pt_autograd_0,0.21,45.69
1791297934.991,python,0.0,53.31
1791297934.991,python,0.0,0.07
1791297934.991,python,0.0,0.06
1791297934.991,python,0.0,0.05
1791297934.991,python,0.0,0.05
1791297934.991,python,0.0,0.06
1791297934.991,python:disk$0,0.0,0.0
1791297934.991,python:sh0,0.0,0.0
1791297934.991,python:traceq0,0.0,0.0
1791297934.991,p:clctxworker0,0.0,0.0
1791297934.991,python,0.0,0.07
1791297934.991,python,0.0,7.71
1791297934.991,python,0.0,6.68
1791297934.991,python,0.0,5.85
1791297934.991,python,0.0,5.34
1791297934.991,python,0.0,5.57
1791297934.991,pt_autograd_0,0.2,45.89
1791297935.193,python,0.0,53.31
1791297935.193,python,0.0,0.07
1791297935.193,python,0.0,0.06
1791297935.193,python,0.0,0.05
1791297935.193,python,0.0,0.05
1791297935.193,python,0.0,0.06
1791297935.193,python:disk$0,0.0,0.0
1791297935.193,python:sh0,0.0,0.0
1791297935.193,python:traceq0,0.0,0.0
1791297935.193,p:clctxworker0,0.0,0.0
1791297935.193,python,0.0,0.07
1791297935.193,python,0.0,7.71
1791297935.193,python,0.0,6.68
1791297935.193,python,0.0,5.85
1791297935.193,python,0.0,5.34
1791297935.193,python,0.0,5.57
1791297935.193,pt_autograd_0,0.19,46.08
1791297935.394,python,0.0,53.31
1791297935.394,python,0.0,0.07
1791297935.394,python,0.0,0.06
1791297935.394,python,0.0,0.05
1791297935.394,python,0.0,0.05
1791297935.394,python,0.0,0.06
1791297935.394,python:disk$0,0.0,0.0
1791297935.394,python:sh0,0.0,0.0
1791297935.394,python:traceq0,0.0,0.0
1791297935.394,p:clctxworker0,0.0,0.0
1791297935.394,python,0.0,0.07
1791297935.394,python,0.0,7.71
1791297935.394,python,0.0,6.68
1791297935.394,python,0.0,5.85
1791297935.394,python,0.0,5.34
1791297935.394,python,0.0,5.57
1791297935.394,pt_autograd_0,0.2,46.28
1791297935.595,python,0.06,53.37
1791297935.595,python,0.0,0.07
1791297935.595,python,0.0,0.06
1791297935.595,python,0.0,0.05
1791297935.595,python,0.0,0.05
1791297935.595,python,0.0,0.06
1791297935.595,python:disk$0,0.0,0.0
1791297935.595,python:sh0,0.0,0.0
1791297935.595,python:traceq0,0.0,0.0
1791297935.595,p:clctxworker0,0.0,0.0
1791297935.595,python,0.0,0.07
1791297935.595,python,0.0,7.71
1791297935.595,python,0.0,6.68
1791297935.595,python,0.0,5.85
1791297935.595,python,0.0,5.34
1791297935.595,python,0.0,5.57
1791297935.595,pt_autograd_0,0.13,46.41
1791297935.796,python,0.2,53.57
1791297935.796,python,0.0,0.07
1791297935.796,python,0.0,0.06
1791297935.796,python,0.0,0.05
1791297935.796,python,0.0,0.05
1791297935.796,python,0.0,0.06
1791297935.796,python:disk$0,0.0,0.0
1791297935.796,python:sh0,0.0,0.0
1791297935.796,python:traceq0,0.0,0.0
1791297935.796,p:clctxworker0,0.0,0.0
1791297935.796,python,0.0,0.07
1791297935.796,python,0.0,7.71
1791297935.796,python,0.0,6.68
1791297935.796,python,0.0,5.85
1791297935.796,python,0.0,5.34
1791297935.796,python,0.0,5.57
1791297935.796,pt_autograd_0,0.0,46.41
1791297935.997,python,0.2,53.77
1791297935.997,python,0.0,0.07
1791297935.997,python,0.0,0.06
1791297935.997,python,0.0,0.05
1791297935.997,python,0.0,0.05
1791297935.997,python,0.0,0.06
1791297935.997,python:disk$0,0.0,0.0
1791297935.997,python:sh0,0.0,0.0
1791297935.997,python:traceq0,0.0,0.0
1791297935.997,p:clctxworker0,0.0,0.0
1791297935.997,python,0.0,0.07
1791297935.997,python,0.0,7.71
1791297935.997,python,0.0,6.68
1791297935.997,python,0.0,5.85
1791297935.997,python,0.0,5.34
1791297935.997,python,0.0,5.57
1791297935.997,pt_autograd_0,0.0,46.41
1791297936.198,python,0.2,53.97
1791297936.198,python,0.0,0.07
1791297936.198,python,0.0,0.06
1791297936.198,python,0.0,0.05
1791297936.198,python,0.0,0.05
1791297936.198,python,0.0,0.06
1791297936.198,python:disk$0,0.0,0.0
1791297936.198,python:sh0,0.0,0.0
1791297936.198,python:traceq0,0.0,0.0
1791297936.198,p:clctxworker0,0.0,0.0
1791297936.198,python,0.0,0.07
1791297936.198,python,0.0,7.71
1791297936.198,python,0.0,6.68
1791297936.198,python,0.0,5.85
1791297936.198,python,0.0,5.34
1791297936.198,python,0.0,5.57
1791297936.198,pt_autograd_0,0.0,46.41
1791297936.4,python,0.2,54.17
1791297936.4,python,0.0,0.07
1791297936.4,python,0.0,0.06
1791297936.4,python,0.0,0.05
1791297936.4,python,0.0,0.05
1791297936.4,python,0.0,0.06
1791297936.4,python:disk$0,0.0,0.0
1791297936.4,python:sh0,0.0,0.0
1791297936.4,python:traceq0,0.0,0.0
1791297936.4,p:clctxworker0,0.0,0.0
1791297936.4,python,0.0,0.07
1791297936.4,python,0.0,7.71
1791297936.4,python,0.0,6.68
1791297936.4,python,0.0,5.85
1791297936.4,python,0.0,5.34
1791297936.4,python,0.0,5.57
1791297936.4,pt_autograd_0,0.0,46.41
1791297936.601,python,0.2,54.37
1791297936.601,python,0.0,0.07
1791297936.601,python,0.0,0.06
1791297936.601,python,0.0,0.05
1791297936.601,python,0.0,0.05
1791297936.601,python,0.0,0.06
1791297936.601,python:disk$0,0.0,0.0
1791297936.601,python:sh0,0.0,0.0
1791297936.601,python:traceq0,0.0,0.0
1791297936.601,p:clctxworker0,0.0,0.0
1791297936.601,python,0.0,0.07
1791297936.601,python,0.0,7.71
1791297936.601,python,0.0,6.68
1791297936.601,python,0.0,5.85
1791297936.601,python,0.0,5.34
1791297936.601,python,0.0,5.57
1791297936.601,pt_autograd_0,0.0,46.41
1791297936.802,python,0.2,54.57
1791297936.802,python,0.0,0.07
1791297936.802,python,0.0,0.06
1791297936.802,python,0.0,0.05
1791297936.802,python,0.0,0.05
1791297936.802,python,0.0,0.06
1791297936.802,python:disk$0,0.0,0.0
1791297936.802,python:sh0,0.0,0.0
1791297936.802,python:traceq0,0.0,0.0
1791297936.802,p:clctxworker0,0.0,0.0
1791297936.802,python,0.0,0.07
1791297936.802,python,0.0,7.71
1791297936.802,python,0.0,6.68
1791297936.802,python,0.0,5.85
1791297936.802,python,0.0,5.34
1791297936.802,python,0.0,5.57
1791297936.802,pt_autograd_0,0.0,46.41
1791297937.003,python,0.06,54.63
1791297937.003,python,0.0,0.07
1791297937.003,python,0.0,0.06
1791297937.003,python,0.0,0.05
1791297937.003,python,0.0,0.05
1791297937.003,python,0.0,0.06
1791297937.003,python:disk$0,0.0,0.0
1791297937.003,python:sh0,0.0,0.0
1791297937.003,python:traceq0,0.0,0.0
1791297937.003,p:clctxworker0,0.0,0.0
1791297937.003,python,0.0,0.07
1791297937.003,python,0.0,7.71
1791297937.003,python,0.0,6.68
1791297937.003,python,0.0,5.85
1791297937.003,python,0.0,5.34
1791297937.003,python,0.0,5.57
1791297937.003,pt_autograd_0,0.14,46.55
1791297937.204,python,0.0,54.63
1791297937.204,python,0.0,0.07
1791297937.204,python,0.0,0.06
1791297937.204,python,0.0,0.05
1791297937.204,python,0.0,0.05
1791297937.204,python,0.0,0.06
1791297937.204,python:disk$0,0.0,0.0
1791297937.204,python:sh0,0.0,0.0
1791297937.204,python:traceq0,0.0,0.0
1791297937.204,p:clctxworker0,0.0,0.0
1791297937.204,python,0.0,0.07
1791297937.204,python,0.0,7.71
1791297937.204,python,0.0,6.68
1791297937.204,python,0.0,5.85
1791297937.204,python,0.0,5.34
1791297937.204,python,0.0,5.57
1791297937.204,pt_autograd_0,0.2,46.75
1791297937.405,python,0.0,54.63
1791297937.405,python,0.0,0.07
1791297937.405,python,0.0,0.06
1791297937.405,python,0.0,0.05
1791297937.405,python,0.0,0.05
1791297937.405,python,0.0,0.06
1791297937.405,python:disk$0,0.0,0.0
1791297937.405,python:sh0,0.0,0.0
1791297937.405,python:traceq0,0.0,0.0
1791297937.405,p:clctxworker0,0.0,0.0
1791297937.405,python,0.0,0.07
1791297937.405,python,0.0,7.71
1791297937.405,python,0.0,6.68
1791297937.405,python,0.0,5.85
1791297937.405,python,0.0,5.34
1791297937.405,python,0.0,5.57
1791297937.405,pt_autograd_0,0.2,46.95
1791297937.607,python,0.0,54.63
1791297937.607,python,0.0,0.07
1791297937.607,python,0.0,0.06
1791297937.607,python,0.0,0.05
1791297937.607,python,0.0,0.05
1791297937.607,python,0.0,0.06
1791297937.607,python:disk$0,0.0,0.0
1791297937.607,python:sh0,0.0,0.0
1791297937.607,python:traceq0,0.0,0.0
1791297937.607,p:clctxworker0,0.0,0.0
1791297937.607,python,0.0,0.07
1791297937.607,python,0.0,7.71
1791297937.607,python,0.0,6.68
1791297937.607,python,0.0,5.85
1791297937.607,python,0.0,5.34
1791297937.607,python,0.0,5.57
1791297937.607,pt_autograd_0,0.2,47.15
1791297937.808,python,0.0,54.63
1791297937.808,python,0.0,0.07
1791297937.808,python,0.0,0.06
1791297937.808,python,0.0,0.05
1791297937.808,python,0.0,0.05
1791297937.808,python,0.0,0.06
1791297937.808,python:disk$0,0.0,0.0
1791297937.808,python:sh0,0.0,0.0
1791297937.808,python:traceq0,0.0,0.0
1791297937.808,p:clctxworker0,0.0,0.0
1791297937.808,python,0.0,0.07
1791297937.808,python,0.0,7.71
1791297937.808,python,0.0,6.68
1791297937.808,python,0.0,5.85
1791297937.808,python,0.0,5.34
1791297937.808,python,0.0,5.57
1791297937.808,pt_autograd_0,0.2,47.35
1791297938.009,python,0.0,54.63
1791297938.009,python,0.0,0.07
1791297938.009,python,0.0,0.06
1791297938.009,python,0.0,0.05
1791297938.009,python,0.0,0.05
1791297938.009,python,0.0,0.06
1791297938.009,python:disk$0,0.0,0.0
1791297938.009,python:sh0,0.0,0.0
1791297938.009,python:traceq0,0.0,0.0
1791297938.009,p:clctxworker0,0.0,0.0
1791297938.009,python,0.0,0.07
1791297938.009,python,0.0,7.71
1791297938.009,python,0.0,6.68
1791297938.009,python,0.0,5.85
1791297938.009,python,0.0,5.34
1791297938.009,python,0.0,5.57
1791297938.009,pt_autograd_0,0.2,47.55
1791297938.21,python,0.0,54.63
1791297938.21,python,0.0,0.07
1791297938.21,python,0.0,0.06
1791297938.21,python,0.0,0.05
1791297938.21,python,0.0,0.05
1791297938.21,python,0.0,0.06
1791297938.21,python:disk$0,0.0,0.0
1791297938.21,python:sh0,0.0,0.0
1791297938.21,python:traceq0,0.0,0.0
1791297938.21,p:clctxworker0,0.0,0.0
1791297938.21,python,0.0,0.07
1791297938.21,python,0.0,7.71
1791297938.21,python,0.0,6.68
1791297938.21,python,0.0,5.85
1791297938.21,python,0.0,5.34
1791297938.21,python,0.0,5.57
1791297938.21,pt_autograd_0,0.2,47.75
1791297938.411,python,0.0,54.63
1791297938.411,python,0.0,0.07
1791297938.411,python,0.0,0.06
1791297938.411,python,0.0,0.05
1791297938.411,python,0.0,0.05
1791297938.411,python,0.0,0.06
1791297938.411,python:disk$0,0.0,0.0
1791297938.411,python:sh0,0.0,0.0
1791297938.411,python:traceq0,0.0,0.0
1791297938.411,p:clctxworker0,0.0,0.0
1791297938.411,python,0.0,0.07
1791297938.411,python,0.0,7.71
1791297938.411,python,0.0,6.68
1791297938.411,python,0.0,5.85
1791297938.411,python,0.0,5.34
1791297938.411,python,0.0,5.57
1791297938.411,pt_autograd_0,0.2,47.95
1791297938.612,python,0.0,54.63
1791297938.612,python,0.0,0.07
1791297938.612,python,0.0,0.06
1791297938.612,python,0.0,0.05
1791297938.612,python,0.0,0.05
1791297938.612,python,0.0,0.06
1791297938.612,python:disk$0,0.0,0.0
1791297938.612,python:sh0,0.0,0.0
1791297938.612,python:traceq0,0.0,0.0
1791297938.612,p:clctxworker0,0.0,0.0
1791297938.612,python,0.0,0.07
1791297938.612,python,0.0,7.71
1791297938.612,python,0.0,6.68
1791297938.612,python,0.0,5.85
1791297938.612,python,0.0,5.34
1791297938.612,python,0.0,5.57
1791297938.612,pt_autograd_0,0.2,48.15
1791297938.814,python,0.0,54.63
1791297938.814,python,0.0,0.07
1791297938.814,python,0.0,0.06
1791297938.814,python,0.0,0.05
1791297938.814,python,0.0,0.05
1791297938.814,python,0.0,0.06
1791297938.814,python:disk$0,0.0,0.0
1791297938.814,python:sh0,0.0,0.0
1791297938.814,python:traceq0,0.0,0.0
1791297938.814,p:clctxworker0,0.0,0.0
1791297938.814,python,0.0,0.07
1791297938.814,python,0.0,7.71
1791297938.814,python,0.0,6.68
1791297938.814,python,0.0,5.85
1791297938.814,python,0.0,5.34
1791297938.814,python,0.0,5.57
1791297938.814,pt_autograd_0,0.2,48.35
1791297939.015,python,0.0,54.63
1791297939.015,python,0.0,0.07
1791297939.015,python,0.0,0.06
1791297939.015,python,0.0,0.05
1791297939.015,python,0.0,0.05
1791297939.015,python,0.0,0.06
1791297939.015,python:disk$0,0.0,0.0
1791297939.015,python:sh0,0.0,0.0
1791297939.015,python:traceq0,0.0,0.0
1791297939.015,p:clctxworker0,0.0,0.0
1791297939.015,python,0.0,0.07
1791297939.015,python,0.0,7.71
1791297939.015,python,0.0,6.68
1791297939.015,python,0.0,5.85
1791297939.015,python,0.0,5.34
1791297939.015,python,0.0,5.57
1791297939.015,pt_autograd_0,0.2,48.55
1791297939.216,python,0.06,54.69
1791297939.216,python,0.0,0.07
1791297939.216,python,0.0,0.06
1791297939.216,python,0.0,0.05
1791297939.216,python,0.0,0.05
1791297939.216,python,0.0,0.06
1791297939.216,python:disk$0,0.0,0.0
1791297939.216,python:sh0,0.0,0.0
1791297939.216,python:traceq0,0.0,0.0
1791297939.216,p:clctxworker0,0.0,0.0
1791297939.216,python,0.0,0.07
1791297939.216,python,0.0,7.71
1791297939.216,python,0.0,6.68
1791297939.216,python,0.0,5.85
1791297939.216,python,0.0,5.34
1791297939.216,python,0.0,5.57
1791297939.216,pt_autograd_0,0.14,48.69
1791297939.417,python,0.2,54.89
1791297939.417,python,0.0,0.07
1791297939.417,python,0.0,0.06
1791297939.417,python,0.0,0.05
1791297939.417,python,0.0,0.05
1791297939.417,python,0.0,0.06
1791297939.417,python:disk$0,0.0,0.0
1791297939.417,python:sh0,0.0,0.0
1791297939.417,python:traceq0,0.0,0.0
1791297939.417,p:clctxworker0,0.0,0.0
1791297939.417,python,0.0,0.07
1791297939.417,python,0.0,7.71
1791297939.417,python,0.0,6.68
1791297939.417,python,0.0,5.85
1791297939.417,python,0.0,5.34
1791297939.417,python,0.0,5.57
1791297939.417,pt_autograd_0,0.0,48.69
1791297939.618,python,0.2,55.09
1791297939.618,python,0.0,0.07
1791297939.618,python,0.0,0.06
1791297939.618,python,0.0,0.05
1791297939.618,python,0.0,0.05
1791297939.618,python,0.0,0.06
1791297939.618,python:disk$0,0.0,0.0
1791297939.618,python:sh0,0.0,0.0
1791297939.618,python:traceq0,0.0,0.0
1791297939.618,p:clctxworker0,0.0,0.0
1791297939.618,python,0.0,0.07
1791297939.618,python,0.0,7.71
1791297939.618,python,0.0,6.68
1791297939.618,python,0.0,5.85
1791297939.618,python,0.0,5.34
1791297939.618,python,0.0,5.57
1791297939.618,pt_autograd_0,0.0,48.69
1791297939.819,python,0.2,55.29
1791297939.819,python,0.0,0.07
1791297939.819,python,0.0,0.06
1791297939.819,python,0.0,0.05
1791297939.819,python,0.0,0.05
1791297939.819,python,0.0,0.06
1791297939.819,python:disk$0,0.0,0.0
1791297939.819,python:sh0,0.0,0.0
1791297939.819,python:traceq0,0.0,0.0
1791297939.819,p:clctxworker0,0.0,0.0
1791297939.819,python,0.0,0.07
1791297939.819,python,0.0,7.71
1791297939.819,python,0.0,6.68
1791297939.819,python,0.0,5.85
1791297939.819,python,0.0,5.34
1791297939.819,python,0.0,5.57
1791297939.819,pt_autograd_0,0.0,48.69
1791297940.02,python,0.2,55.49
1791297940.02,python,0.0,0.07
1791297940.02,python,0.0,0.06
1791297940.02,python,0.0,0.05
1791297940.02,python,0.0,0.05
1791297940.02,python,0.0,0.06
1791297940.02,python:disk$0,0.0,0.0
1791297940.02,python:sh0,0.0,0.0
1791297940.02,python:traceq0,0.0,0.0
1791297940.02,p:clctxworker0,0.0,0.0
1791297940.02,python,0.0,0.07
1791297940.02,python,0.0,7.71
1791297940.02,python,0.0,6.68
1791297940.02,python,0.0,5.85
1791297940.02,python,0.0,5.34
1791297940.02,python,0.0,5.57
1791297940.02,pt_autograd_0,0.0,48.69
1791297940.222,python,0.11,55.6
1791297940.222,python,0.0,0.07
1791297940.222,python,0.0,0.06
1791297940.222,python,0.0,0.05
1791297940.222,python,0.0,0.05
1791297940.222,python,0.0,0.06
1791297940.222,python:disk$0,0.0,0.0
1791297940.222,python:sh0,0.0,0.0
1791297940.222,python:traceq0,0.0,0.0
1791297940.222,p:clctxworker0,0.0,0.0
1791297940.222,python,0.0,0.07
1791297940.222,python,0.0,7.71
1791297940.222,python,0.0,6.68
1791297940.222,python,0.0,5.85
1791297940.222,python,0.0,5.34
1791297940.222,python,0.0,5.57
1791297940.222,pt_autograd_0,0.08,48.77
1791297940.423,python,0.0,55.6
1791297940.423,python,0.0,0.07
1791297940.423,python,0.0,0.06
1791297940.423,python,0.0,0.05
1791297940.423,python,0.0,0.05
1791297940.423,python,0.0,0.06
1791297940.423,python:disk$0,0.0,0.0
1791297940.423,python:sh0,0.0,0.0
1791297940.423,python:traceq0,0.0,0.0
1791297940.423,p:clctxworker0,0.0,0.0
1791297940.423,python,0.0,0.07
1791297940.423,python,0.0,7.71
1791297940.423,python,0.0,6.68
1791297940.423,python,0.0,5.85
1791297940.423,python,0.0,5.34
1791297940.423,python,0.0,5.57
1791297940.423,pt_autograd_0,0.2,48.97
1791297940.624,python,0.0,55.6
1791297940.624,python,0.0,0.07
1791297940.624,python,0.0,0.06
1791297940.624,python,0.0,0.05
1791297940.624,python,0.0,0.05
1791297940.624,python,0.0,0.06
1791297940.624,python:disk$0,0.0,0.0
1791297940.624,python:sh0,0.0,0.0
1791297940.624,python:traceq0,0.0,0.0
1791297940.624,p:clctxworker0,0.0,0.0
1791297940.624,python,0.0,0.07
1791297940.624,python,0.0,7.71
1791297940.624,python,0.0,6.68
1791297940.624,python,0.0,5.85
1791297940.624,python,0.0,5.34
1791297940.624,python,0.0,5.57
1791297940.624,pt_autograd_0,0.2,49.17
1791297940.825,python,0.0,55.6
1791297940.825,python,0.0,0.07
1791297940.825,python,0.0,0.06
1791297940.825,python,0.0,0.05
1791297940.825,python,0.0,0.05
1791297940.825,python,0.0,0.06
1791297940.825,python:disk$0,0.0,0.0
1791297940.825,python:sh0,0.0,0.0
1791297940.825,python:traceq0,0.0,0.0
1791297940.825,p:clctxworker0,0.0,0.0
1791297940.825,python,0.0,0.07
1791297940.825,python,0.0,7.71
1791297940.825,python,0.0,6.68
1791297940.825,python,0.0,5.85
1791297940.825,python,0.0,5.34
1791297940.825,python,0.0,5.57
1791297940.825,pt_autograd_0,0.21,49.38
1791297941.026,python,0.0,55.6
1791297941.026,python,0.0,0.07
1791297941.026,python,0.0,0.06
1791297941.026,python,0.0,0.05
1791297941.026,python,0.0,0.05
1791297941.026,python,0.0,0.06
1791297941.026,python:disk$0,0.0,0.0
1791297941.026,python:sh0,0.0,0.0
1791297941.026,python:traceq0,0.0,0.0
1791297941.026,p:clctxworker0,0.0,0.0
1791297941.026,python,0.0,0.07
1791297941.026,python,0.0,7.71
1791297941.026,python,0.0,6.68
1791297941.026,python,0.0,5.85
1791297941.026,python,0.0,5.34
1791297941.026,python,0.0,5.57
1791297941.026,pt_autograd_0,0.18,49.56
1791297941.227,python,0.0,55.6
1791297941.227,python,0.0,0.07
1791297941.227,python,0.0,0.06
1791297941.227,python,0.0,0.05
1791297941.227,python,0.0,0.05
1791297941.227,python,0.0,0.06
1791297941.227,python:disk$0,0.0,0.0
1791297941.227,python:sh0,0.0,0.0
1791297941.227,python:traceq0,0.0,0.0
1791297941.227,p:clctxworker0,0.0,0.0
1791297941.227,python,0.0,0.07
1791297941.227,python,0.0,7.71
1791297941.227,python,0.0,6.68
1791297941.227,python,0.0,5.85
1791297941.227,python,0.0,5.34
1791297941.227,python,0.0,5.57
1791297941.227,pt_autograd_0,0.2,49.76
1791297941.428,python,0.0,55.6
1791297941.428,python,0.0,0.07
1791297941.428,python,0.0,0.06
1791297941.428,python,0.0,0.05
1791297941.428,python,0.0,0.05
1791297941.428,python,0.0,0.06
1791297941.428,python:disk$0,0.0,0.0
1791297941.428,python:sh0,0.0,0.0
1791297941.428,python:traceq0,0.0,0.0
1791297941.428,p:clctxworker0,0.0,0.0
1791297941.428,python,0.0,0.07
1791297941.428,python,0.0,7.71
1791297941.428,python,0.0,6.68
1791297941.428,python,0.0,5.85
1791297941.428,python,0.0,5.34
1791297941.428,python,0.0,5.57
1791297941.428,pt_autograd_0,0.21,49.97
1791297941.63,python,0.0,55.6
1791297941.63,python,0.0,0.07
1791297941.63,python,0.0,0.06
1791297941.63,python,0.0,0.05
1791297941.63,python,0.0,0.05
1791297941.63,python,0.0,0.06
1791297941.63,python:disk$0,0.0,0.0
1791297941.63,python:sh0,0.0,0.0
1791297941.63,python:traceq0,0.0,0.0
1791297941.63,p:clctxworker0,0.0,0.0
1791297941.63,python,0.0,0.07
1791297941.63,python,0.0,7.71
1791297941.63,python,0.0,6.68
1791297941.63,python,0.0,5.85
1791297941.63,python,0.0,5.34
1791297941.63,python,0.0,5.57
1791297941.63,pt_autograd_0,0.2,50.17
1791297941.831,python,0.0,55.6
1791297941.831,python,0.0,0.07
1791297941.831,python,0.0,0.06
1791297941.831,python,0.0,0.05
1791297941.831,python,0.0,0.05
1791297941.831,python,0.0,0.06
1791297941.831,python:disk$0,0.0,0.0
1791297941.831,python:sh0,0.0,0.0
1791297941.831,python:traceq0,0.0,0.0
1791297941.831,p:clctxworker0,0.0,0.0
1791297941.831,python,0.0,0.07
1791297941.831,python,0.0,7.71
1791297941.831,python,0.0,6.68
1791297941.831,python,0.0,5.85
1791297941.831,python,0.0,5.34
1791297941.831,python,0.0,5.57
1791297941.831,pt_autograd_0,0.19,50.36
1791297942.032,python,0.0,55.6
1791297942.032,python,0.0,0.07
1791297942.032,python,0.0,0.06
1791297942.032,python,0.0,0.05
1791297942.032,python,0.0,0.05
1791297942.032,python,0.0,0.06
1791297942.032,python:disk$0,0.0,0.0
1791297942.032,python:sh0,0.0,0.0
1791297942.032,python:traceq0,0.0,0.0
1791297942.032,p:clctxworker0,0.0,0.0
1791297942.032,python,0.0,0.07
1791297942.032,python,0.0,7.71
1791297942.032,python,0.0,6.68
1791297942.032,python,0.0,5.85
1791297942.032,python,0.0,5.34
1791297942.032,python,0.0,5.57
1791297942.032,pt_autograd_0,0.2,50.56
1791297942.233,python,0.17,55.77
1791297942.233,python,0.0,0.07
1791297942.233,python,0.0,0.06
1791297942.233,python,0.0,0.05
1791297942.233,python,0.0,0.05
1791297942.233,python,0.0,0.06
1791297942.233,python:disk$0,0.0,0.0
1791297942.233,python:sh0,0.0,0.0
1791297942.233,python:traceq0,0.0,0.0
1791297942.233,p:clctxworker0,0.0,0.0
1791297942.233,python,0.0,0.07
1791297942.233,python,0.02,7.73
1791297942.233,python,0.01,6.69
1791297942.233,python,0.01,5.86
1791297942.233,python,0.02,5.36
1791297942.233,python,0.01,5.58
1791297942.233,pt_autograd_0,0.02,50.58
1791297942.434,python,0.21,55.98
1791297942.434,python,0.0,0.07
1791297942.434,python,0.0,0.06
1791297942.434,python,0.0,0.05
1791297942.434,python,0.0,0.05
1791297942.434,python,0.0,0.06
1791297942.434,python:disk$0,0.0,0.0
1791297942.434,python:sh0,0.0,0.0
1791297942.434,python:traceq0,0.0,0.0
1791297942.434,p:clctxworker0,0.0,0.0
1791297942.434,python,0.0,0.07
1791297942.434,python,0.0,7.73
1791297942.434,python,0.0,6.69
1791297942.434,python,0.0,5.86
1791297942.434,python,0.0,5.36
1791297942.434,python,0.0,5.58
1791297942.434,pt_autograd_0,0.0,50.58
1791297942.635,python,0.2,56.18
1791297942.635,python,0.0,0.07
1791297942.635,python,0.0,0.06
1791297942.635,python,0.0,0.05
1791297942.635,python,0.0,0.05
1791297942.635,python,0.0,0.06
1791297942.635,python:disk$0,0.0,0.0
1791297942.635,python:sh0,0.0,0.0
1791297942.635,python:traceq0,0.0,0.0
1791297942.635,p:clctxworker0,0.0,0.0
1791297942.635,python,0.0,0.07
1791297942.635,python,0.0,7.73
1791297942.635,python,0.0,6.69
1791297942.635,python,0.0,5.86
1791297942.635,python,0.0,5.36
1791297942.635,python,0.0,5.58
1791297942.635,pt_autograd_0,0.0,50.58
1791297942.837,python,0.19,56.37
1791297942.837,python,0.0,0.07
1791297942.837,python,0.0,0.06
1791297942.837,python,0.0,0.05
1791297942.837,python,0.0,0.05
1791297942.837,python,0.0,0.06
1791297942.837,python:disk$0,0.0,0.0
1791297942.837,python:sh0,0.0,0.0
1791297942.837,python:traceq0,0.0,0.0
1791297942.837,p:clctxworker0,0.0,0.0
1791297942.837,python,0.0,0.07
1791297942.837,python,0.0,7.73
1791297942.837,python,0.0,6.69
1791297942.837,python,0.0,5.86
1791297942.837,python,0.0,5.36
1791297942.837,python,0.0,5.58
1791297942.837,pt_autograd_0,0.0,50.58
1791297943.038,python,0.2,56.57
1791297943.038,python,0.0,0.07
1791297943.038,python,0.0,0.06
1791297943.038,python,0.0,0.05
1791297943.038,python,0.0,0.05
1791297943.038,python,0.0,0.06
1791297943.038,python:disk$0,0.0,0.0
1791297943.038,python:sh0,0.0,0.0
1791297943.038,python:traceq0,0.0,0.0
1791297943.038,p:clctxworker0,0.0,0.0
1791297943.038,python,0.0,0.07
1791297943.038,python,0.0,7.73
1791297943.038,python,0.0,6.69
1791297943.038,python,0.0,5.86
1791297943.038,python,0.0,5.36
1791297943.038,python,0.0,5.58
1791297943.038,pt_autograd_0,0.0,50.58
1791297943.239,python,0.21,56.78
1791297943.239,python,0.0,0.07
1791297943.239,python,0.0,0.06
1791297943.239,python,0.0,0.05
1791297943.239,python,0.0,0.05
1791297943.239,python,0.0,0.06
1791297943.239,python:disk$0,0.0,0.0
1791297943.239,python:sh0,0.0,0.0
1791297943.239,python:traceq0,0.0,0.0
1791297943.239,p:clctxworker0,0.0,0.0
1791297943.239,python,0.0,0.07
1791297943.239,python,0.0,7.73
1791297943.239,python,0.0,6.69
1791297943.239,python,0.0,5.86
1791297943.239,python,0.0,5.36
1791297943.239,python,0.0,5.58
1791297943.239,pt_autograd_0,0.0,50.58
1791297943.44,python,0.2,56.98
1791297943.44,python,0.0,0.07
1791297943.44,python,0.0,0.06
1791297943.44,python,0.0,0.05
1791297943.44,python,0.0,0.05
1791297943.44,python,0.0,0.06
1791297943.44,python:disk$0,0.0,0.0
1791297943.44,python:sh0,0.0,0.0
1791297943.44,python:traceq0,0.0,0.0
1791297943.44,p:clctxworker0,0.0,0.0
1791297943.44,python,0.0,0.07
1791297943.44,python,0.0,7.73
1791297943.44,python,0.0,6.69
1791297943.44,python,0.0,5.86
1791297943.44,python,0.0,5.36
1791297943.44,python,0.0,5.58
1791297943.44,pt_autograd_0,0.0,50.58
1791297943.641,python,0.19,57.17
1791297943.641,python,0.0,0.07
1791297943.641,python,0.0,0.06
1791297943.641,python,0.0,0.05
1791297943.641,python,0.0,0.05
1791297943.641,python,0.0,0.06
1791297943.641,python:disk$0,0.0,0.0
1791297943.641,python:sh0,0.0,0.0
1791297943.641,python:traceq0,0.0,0.0
1791297943.641,p:clctxworker0,0.0,0.0
1791297943.641,python,0.0,0.07
1791297943.641,python,0.0,7.73
1791297943.641,python,0.0,6.69
1791297943.641,python,0.0,5.86
1791297943.641,python,0.0,5.36
1791297943.641,python,0.0,5.58
1791297943.641,pt_autograd_0,0.0,50.58
1791297943.843,python,0.07,57.24
1791297943.843,python,0.0,0.07
1791297943.843,python,0.0,0.06
1791297943.843,python,0.0,0.05
1791297943.843,python,0.0,0.05
1791297943.843,python,0.0,0.06
1791297943.843,python:disk$0,0.0,0.0
1791297943.843,python:sh0,0.0,0.0
1791297943.843,python:traceq0,0.0,0.0
1791297943.843,p:clctxworker0,0.0,0.0
1791297943.843,python,0.01,0.08
1791297943.843,python,0.0,7.73
1791297943.843,python,0.0,6.69
1791297943.843,python,0.0,5.86
1791297943.843,python,0.0,5.36
1791297943.843,python,0.0,5.58
1791297943.843,pt_autograd_0,0.13,50.71
1791297944.044,python,0.0,57.24
1791297944.044,python,0.0,0.07
1791297944.044,python,0.0,0.06
1791297944.044,python,0.0,0.05
1791297944.044,python,0.0,0.05
1791297944.044,python,0.0,0.06
1791297944.044,python:disk$0,0.0,0.0
1791297944.044,python:sh0,0.0,0.0
1791297944.044,python:traceq0,0.0,0.0
1791297944.044,p:clctxworker0,0.0,0.0
1791297944.044,python,0.0,0.08
1791297944.044,python,0.0,7.73
1791297944.044,python,0.0,6.69
1791297944.044,python,0.0,5.86
1791297944.044,python,0.0,5.36
1791297944.044,python,0.0,5.58
1791297944.044,pt_autograd_0,0.2,50.91
1791297944.245,python,0.0,57.24
1791297944.245,python,0.0,0.07
1791297944.245,python,0.0,0.06
1791297944.245,python,0.0,0.05
1791297944.245,python,0.0,0.05
1791297944.245,python,0.0,0.06
1791297944.245,python:disk$0,0.0,0.0
1791297944.245,python:sh0,0.0,0.0
1791297944.245,python:traceq0,0.0,0.0
1791297944.245,p:clctxworker0,0.0,0.0
1791297944.245,python,0.0,0.08
1791297944.245,python,0.0,7.73
1791297944.245,python,0.0,6.69
1791297944.245,python,0.0,5.86
1791297944.245,python,0.0,5.36
1791297944.245,python,0.0,5.58
1791297944.245,pt_autograd_0,0.19,51.1
1791297944.446,python,0.0,57.24
1791297944.446,python,0.0,0.07
1791297944.446,python,0.0,0.06
1791297944.446,python,0.0,0.05
1791297944.446,python,0.0,0.05
1791297944.446,python,0.0,0.06
1791297944.446,python:disk$0,0.0,0.0
1791297944.446,python:sh0,0.0,0.0
1791297944.446,python:traceq0,0.0,0.0
1791297944.446,p:clctxworker0,0.0,0.0
1791297944.446,python,0.0,0.08
1791297944.446,python,0.0,7.73
1791297944.446,python,0.0,6.69
1791297944.446,python,0.0,5.86
1791297944.446,python,0.0,5.36
1791297944.446,python,0.0,5.58
1791297944.446,pt_autograd_0,0.2,51.3
1791297944.647,python,0.0,57.24
1791297944.647,python,0.0,0.07
1791297944.647,python,0.0,0.06
1791297944.647,python,0.0,0.05
1791297944.647,python,0.0,0.05
1791297944.647,python,0.0,0.06
1791297944.647,python:disk$0,0.0,0.0
1791297944.647,python:sh0,0.0,0.0
1791297944.647,python:traceq0,0.0,0.0
1791297944.647,p:clctxworker0,0.0,0.0
1791297944.647,python,0.0,0.08
1791297944.647,python,0.0,7.73
1791297944.647,python,0.0,6.69
1791297944.647,python,0.0,5.86
1791297944.647,python,0.0,5.36
1791297944.647,python,0.0,5.58
1791297944.647,pt_autograd_0,0.2,51.5
1791297944.848,python,0.0,57.24
1791297944.848,python,0.0,0.07
1791297944.848,python,0.0,0.06
1791297944.848,python,0.0,0.05
1791297944.848,python,0.0,0.05
1791297944.848,python,0.0,0.06
1791297944.848,python:disk$0,0.0,0.0
1791297944.848,python:sh0,0.0,0.0
1791297944.848,python:traceq0,0.0,0.0
1791297944.848,p:clctxworker0,0.0,0.0
1791297944.848,python,0.0,0.08
1791297944.848,python,0.0,7.73
1791297944.848,python,0.0,6.69
1791297944.848,python,0.0,5.86
1791297944.848,python,0.0,5.36
1791297944.848,python,0.0,5.58
1791297944.848,pt_autograd_0,0.21,51.71
1791297945.05,python,0.0,57.24
1791297945.05,python,0.0,0.07
1791297945.05,python,0.0,0.06
1791297945.05,python,0.0,0.05
1791297945.05,python,0.0,0.05
1791297945.05,python,0.0,0.06
1791297945.05,python:disk$0,0.0,0.0
1791297945.05,python:sh0,0.0,0.0
1791297945.05,python:traceq0,0.0,0.0
1791297945.05,p:clctxworker0,0.0,0.0
1791297945.05,python,0.0,0.08
1791297945.05,python,0.0,7.73
1791297945.05,python,0.0,6.69
1791297945.05,python,0.0,5.86
1791297945.05,python,0.0,5.36
1791297945.05,python,0.0,5.58
1791297945.05,pt_autograd_0,0.19,51.9
1791297945.251,python,0.0,57.24
1791297945.251,python,0.0,0.07
1791297945.251,python,0.0,0.06
1791297945.251,python,0.0,0.05
1791297945.251,python,0.0,0.05
1791297945.251,python,0.0,0.06
1791297945.251,python:disk$0,0.0,0.0
1791297945.251,python:sh0,0.0,0.0
1791297945.251,python:traceq0,0.0,0.0
1791297945.251,p:clctxworker0,0.0,0.0
1791297945.251,python,0.0,0.08
1791297945.251,python,0.0,7.73
1791297945.251,python,0.0,6.69
1791297945.251,python,0.0,5.86
1791297945.251,python,0.0,5.36
1791297945.251,python,0.0,5.58
1791297945.251,pt_autograd_0,0.21,52.11
1791297945.452,python,0.0,57.24
1791297945.452,python,0.0,0.07
1791297945.452,python,0.0,0.06
1791297945.452,python,0.0,0.05
1791297945.452,python,0.0,0.05
1791297945.452,python,0.0,0.06
1791297945.452,python:disk$0,0.0,0.0
1791297945.452,python:sh0,0.0,0.0
1791297945.452,python:traceq0,0.0,0.0
1791297945.452,p:clctxworker0,0.0,0.0
1791297945.452,python,0.0,0.08
1791297945.452,python,0.0,7.73
1791297945.452,python,0.0,6.69
1791297945.452,python,0.0,5.86
1791297945.452,python,0.0,5.36
1791297945.452,python,0.0,5.58
1791297945.452,pt_autograd_0,0.19,52.3
1791297945.654,python,0.0,57.24
1791297945.654,python,0.0,0.07
1791297945.654,python,0.0,0.06
1791297945.654,python,0.0,0.05
1791297945.654,python,0.0,0.05
1791297945.654,python,0.0,0.06
1791297945.654,python:disk$0,0.0,0.0
1791297945.654,python:sh0,0.0,0.0
1791297945.654,python:traceq0,0.0,0.0
1791297945.654,p:clctxworker0,0.0,0.0
1791297945.654,python,0.0,0.08
1791297945.654,python,0.0,7.73
1791297945.654,python,0.0,6.69
1791297945.654,python,0.0,5.86
1791297945.654,python,0.0,5.36
1791297945.654,python,0.0,5.58
1791297945.654,pt_autograd_0,0.2,52.5
1791297945.855,python,0.0,57.24
1791297945.855,python,0.0,0.07
1791297945.855,python,0.0,0.06
1791297945.855,python,0.0,0.05
1791297945.855,python,0.0,0.05
1791297945.855,python,0.0,0.06
1791297945.855,python:disk$0,0.0,0.0
1791297945.855,python:sh0,0.0,0.0
1791297945.855,python:traceq0,0.0,0.0
1791297945.855,p:clctxworker0,0.0,0.0
1791297945.855,python,0.0,0.08
1791297945.855,python,0.0,7.73
1791297945.855,python,0.0,6.69
1791297945.855,python,0.0,5.86
1791297945.855,python,0.0,5.36
1791297945.855,python,0.0,5.58
1791297945.855,pt_autograd_0,0.2,52.7
1791297946.056,python,0.0,57.24
1791297946.056,python,0.0,0.07
1791297946.056,python,0.0,0.06
1791297946.056,python,0.0,0.05
1791297946.056,python,0.0,0.05
1791297946.056,python,0.0,0.06
1791297946.056,python:disk$0,0.0,0.0
1791297946.056,python:sh0,0.0,0.0
1791297946.056,python:traceq0,0.0,0.0
1791297946.056,p:clctxworker0,0.0,0.0
1791297946.056,python,0.0,0.08
1791297946.056,python,0.0,7.73
1791297946.056,python,0.0,6.69
1791297946.056,python,0.0,5.86
1791297946.056,python,0.0,5.36
1791297946.056,python,0.0,5.58
1791297946.056,pt_autograd_0,0.2,52.9
1791297946.257,python,0.0,57.24
1791297946.257,python,0.0,0.07
1791297946.257,python,0.0,0.06
1791297946.257,python,0.0,0.05
1791297946.257,python,0.0,0.05
1791297946.257,python,0.0,0.06
1791297946.257,python:disk$0,0.0,0.0
1791297946.257,python:sh0,0.0,0.0
1791297946.257,python:traceq0,0.0,0.0
1791297946.257,p:clctxworker0,0.0,0.0
1791297946.257,python,0.0,0.08
1791297946.257,python,0.0,7.73
1791297946.257,python,0.0,6.69
1791297946.257,python,0.0,5.86
1791297946.257,python,0.0,5.36
1791297946.257,python,0.0,5.58
1791297946.257,pt_autograd_0,0.2,53.1
1791297946.458,python,0.13,57.37
1791297946.458,python,0.0,0.07
1791297946.458,python,0.0,0.06
1791297946.458,python,0.0,0.05
1791297946.458,python,0.0,0.05
1791297946.458,python,0.0,0.06
1791297946.458,python:disk$0,0.0,0.0
1791297946.458,python:sh0,0.0,0.0
1791297946.458,python:traceq0,0.0,0.0
1791297946.458,p:clctxworker0,0.0,0.0
1791297946.458,python,0.0,0.08
1791297946.458,python,0.0,7.73
1791297946.458,python,0.0,6.69
1791297946.458,python,0.0,5.86
1791297946.458,python,0.0,5.36
1791297946.458,python,0.0,5.58
1791297946.458,pt_autograd_0,0.07,53.17
1791297946.659,python,0.2,57.57
1791297946.659,python,0.0,0.07
1791297946.659,python,0.0,0.06
1791297946.659,python,0.0,0.05
1791297946.659,python,0.0,0.05
1791297946.659,python,0.0,0.06
1791297946.659,python:disk$0,0.0,0.0
1791297946.659,python:sh0,0.0,0.0
1791297946.659,python:traceq0,0.0,0.0
1791297946.659,p:clctxworker0,0.0,0.0
1791297946.659,python,0.0,0.08
1791297946.659,python,0.0,7.73
1791297946.659,python,0.0,6.69
1791297946.659,python,0.0,5.86
1791297946.659,python,0.0,5.36
1791297946.659,python,0.0,5.58
1791297946.659,pt_autograd_0,0.0,53.17
1791297946.861,python,0.19,57.76
1791297946.861,python,0.0,0.07
1791297946.861,python,0.0,0.06
1791297946.861,python,0.0,0.05
1791297946.861,python,0.0,0.05
1791297946.861,python,0.0,0.06
1791297946.861,python:disk$0,0.0,0.0
1791297946.861,python:sh0,0.0,0.0
1791297946.861,python:traceq0,0.0,0.0
1791297946.861,p:clctxworker0,0.0,0.0
1791297946.861,python,0.0,0.08
1791297946.861,python,0.0,7.73
1791297946.861,python,0.0,6.69
1791297946.861,python,0.0,5.86
1791297946.861,python,0.0,5.36
1791297946.861,python,0.0,5.58
1791297946.861,pt_autograd_0,0.0,53.17
1791297947.062,python,0.2,57.96
1791297947.062,python,0.0,0.07
1791297947.062,python,0.0,0.06
1791297947.062,python,0.0,0.05
1791297947.062,python,0.0,0.05
1791297947.062,python,0.0,0.06
1791297947.062,python:disk$0,0.0,0.0
1791297947.062,python:sh0,0.0,0.0
1791297947.062,python:traceq0,0.0,0.0
1791297947.062,p:clctxworker0,0.0,0.0
1791297947.062,python,0.0,0.08
1791297947.062,python,0.0,7.73
1791297947.062,python,0.0,6.69
1791297947.062,python,0.0,5.86
1791297947.062,python,0.0,5.36
1791297947.062,python,0.0,5.58
1791297947.062,pt_autograd_0,0.0,53.17
1791297947.263,python,0.2,58.16
1791297947.263,python,0.0,0.07
1791297947.263,python,0.0,0.06
1791297947.263,python,0.0,0.05
1791297947.263,python,0.0,0.05
1791297947.263,python,0.0,0.06
1791297947.263,python:disk$0,0.0,0.0
1791297947.263,python:sh0,0.0,0.0
1791297947.263,python:traceq0,0.0,0.0
1791297947.263,p:clctxworker0,0.0,0.0
1791297947.263,python,0.0,0.08
1791297947.263,python,0.0,7.73
1791297947.263,python,0.0,6.69
1791297947.263,python,0.0,5.86
1791297947.263,python,0.0,5.36
1791297947.263,python,0.0,5.58
1791297947.263,pt_autograd_0,0.0,53.17
1791297947.464,python,0.2,58.36
1791297947.464,python,0.0,0.07
1791297947.464,python,0.0,0.06
1791297947.464,python,0.0,0.05
1791297947.464,python,0.0,0.05
1791297947.464,python,0.0,0.06
1791297947.464,python:disk$0,0.0,0.0
1791297947.464,python:sh0,0.0,0.0
1791297947.464,python:traceq0,0.0,0.0
1791297947.464,p:clctxworker0,0.0,0.0
1791297947.464,python,0.0,0.08
1791297947.464,python,0.0,7.73
1791297947.464,python,0.0,6.69
1791297947.464,python,0.0,5.86
1791297947.464,python,0.0,5.36
1791297947.464,python,0.0,5.58
1791297947.464,pt_autograd_0,0.0,53.17
1791297947.665,python,0.2,58.56
1791297947.665,python,0.0,0.07
1791297947.665,python,0.0,0.06
1791297947.665,python,0.0,0.05
1791297947.665,python,0.0,0.05
1791297947.665,python,0.0,0.06
1791297947.665,python:disk$0,0.0,0.0
1791297947.665,python:sh0,0.0,0.0
1791297947.665,python:traceq0,0.0,0.0
1791297947.665,p:clctxworker0,0.0,0.0
1791297947.665,python,0.0,0.08
1791297947.665,python,0.0,7.73
1791297947.665,python,0.0,6.69
1791297947.665,python,0.0,5.86
1791297947.665,python,0.0,5.36
1791297947.665,python,0.0,5.58
1791297947.665,pt_autograd_0,0.0,53.17
1791297947.867,python,0.2,58.76
1791297947.867,python,0.0,0.07
1791297947.867,python,0.0,0.06
1791297947.867,python,0.0,0.05
1791297947.867,python,0.0,0.05
1791297947.867,python,0.0,0.06
1791297947.867,python:disk$0,0.0,0.0
1791297947.867,python:sh0,0.0,0.0
1791297947.867,python:traceq0,0.0,0.0
1791297947.867,p:clctxworker0,0.0,0.0
1791297947.867,python,0.0,0.08
1791297947.867,python,0.0,7.73
1791297947.867,python,0.0,6.69
1791297947.867,python,0.0,5.86
1791297947.867,python,0.0,5.36
1791297947.867,python,0.0,5.58
1791297947.867,pt_autograd_0,0.0,53.17
1791297948.068,python,0.07,58.83
1791297948.068,python,0.0,0.07
1791297948.068,python,0.0,0.06
1791297948.068,python,0.0,0.05
1791297948.068,python,0.0,0.05
1791297948.068,python,0.0,0.06
1791297948.068,python:disk$0,0.0,0.0
1791297948.068,python:sh0,0.0,0.0
1791297948.068,python:traceq0,0.0,0.0
1791297948.068,p:clctxworker0,0.0,0.0
1791297948.068,python,0.0,0.08
1791297948.068,python,0.0,7.73
1791297948.068,python,0.0,6.69
1791297948.068,python,0.0,5.86
1791297948.068,python,0.0,5.36
1791297948.068,python,0.0,5.58
1791297948.068,pt_autograd_0,0.13,53.3
1791297948.269,python,0.0,58.83
1791297948.269,python,0.0,0.07
1791297948.269,python,0.0,0.06
1791297948.269,python,0.0,0.05
1791297948.269,python,0.0,0.05
1791297948.269,python,0.0,0.06
1791297948.269,python:disk$0,0.0,0.0
1791297948.269,python:sh0,0.0,0.0
1791297948.269,python:traceq0,0.0,0.0
1791297948.269,p:clctxworker0,0.0,0.0
1791297948.269,python,0.0,0.08
1791297948.269,python,0.0,7.73
1791297948.269,python,0.0,6.69
1791297948.269,python,0.0,5.86
1791297948.269,python,0.0,5.36
1791297948.269,python,0.0,5.58
1791297948.269,pt_autograd_0,0.21,53.51
1791297948.47,python,0.0,58.83
1791297948.47,python,0.0,0.07
1791297948.47,python,0.0,0.06
1791297948.47,python,0.0,0.05
1791297948.47,python,0.0,0.05
1791297948.47,python,0.0,0.06
1791297948.47,python:disk$0,0.0,0.0
1791297948.47,python:sh0,0.0,0.0
1791297948.47,python:traceq0,0.0,0.0
1791297948.47,p:clctxworker0,0.0,0.0
1791297948.47,python,0.0,0.08
1791297948.47,python,0.0,7.73
1791297948.47,python,0.0,6.69
1791297948.47,python,0.0,5.86
1791297948.47,python,0.0,5.36
1791297948.47,python,0.0,5.58
1791297948.47,pt_autograd_0,0.2,53.71
1791297948.671,python,0.0,58.83
1791297948.671,python,0.0,0.07
1791297948.671,python,0.0,0.06
1791297948.671,python,0.0,0.05
1791297948.671,python,0.0,0.05
1791297948.671,python,0.0,0.06
1791297948.671,python:disk$0,0.0,0.0
1791297948.671,python:sh0,0.0,0.0
1791297948.671,python:traceq0,0.0,0.0
1791297948.671,p:clctxworker0,0.0,0.0
1791297948.671,python,0.0,0.08
1791297948.671,python,0.0,7.73
1791297948.671,python,0.0,6.69
1791297948.671,python,0.0,5.86
1791297948.671,python,0.0,5.36
1791297948.671,python,0.0,5.58
1791297948.671,pt_autograd_0,0.2,53.91
1791297948.872,python,0.0,58.83
1791297948.872,python,0.0,0.07
1791297948.872,python,0.0,0.06
1791297948.872,python,0.0,0.05
1791297948.872,python,0.0,0.05
1791297948.872,python,0.0,0.06
1791297948.872,python:disk$0,0.0,0.0
1791297948.872,python:sh0,0.0,0.0
1791297948.872,python:traceq0,0.0,0.0
1791297948.872,p:clctxworker0,0.0,0.0
1791297948.872,python,0.0,0.08
1791297948.872,python,0.0,7.73
1791297948.872,python,0.0,6.69
1791297948.872,python,0.0,5.86
1791297948.872,python,0.0,5.36
1791297948.872,python,0.0,5.58
1791297948.872,pt_autograd_0,0.19,54.1
1791297949.074,python,0.0,58.83
1791297949.074,python,0.0,0.07
1791297949.074,python,0.0,0.06
1791297949.074,python,0.0,0.05
1791297949.074,python,0.0,0.05
1791297949.074,python,0.0,0.06
1791297949.074,python:disk$0,0.0,0.0
1791297949.074,python:sh0,0.0,0.0
1791297949.074,python:traceq0,0.0,0.0
1791297949.074,p:clctxworker0,0.0,0.0
1791297949.074,python,0.0,0.08
1791297949.074,python,0.0,7.73
1791297949.074,python,0.0,6.69
1791297949.074,python,0.0,5.86
1791297949.074,python,0.0,5.36
1791297949.074,python,0.0,5.58
1791297949.074,pt_autograd_0,0.2,54.3
1791297949.275,python,0.0,58.83
1791297949.275,python,0.0,0.07
1791297949.275,python,0.0,0.06
1791297949.275,python,0.0,0.05
1791297949.275,python,0.0,0.05
1791297949.275,python,0.0,0.06
1791297949.275,python:disk$0,0.0,0.0
1791297949.275,python:sh0,0.0,0.0
1791297949.275,python:traceq0,0.0,0.0
1791297949.275,p:clctxworker0,0.0,0.0
1791297949.275,python,0.0,0.08
1791297949.275,python,0.0,7.73
1791297949.275,python,0.0,6.69
1791297949.275,python,0.0,5.86
1791297949.275,python,0.0,5.36
1791297949.275,python,0.0,5.58
1791297949.275,pt_autograd_0,0.2,54.5
1791297949.476,python,0.0,58.83
1791297949.476,python,0.0,0.07
1791297949.476,python,0.0,0.06
1791297949.476,python,0.0,0.05
1791297949.476,python,0.0,0.05
1791297949.476,python,0.0,0.06
1791297949.476,python:disk$0,0.0,0.0
1791297949.476,python:sh0,0.0,0.0
1791297949.476,python:traceq0,0.0,0.0
1791297949.476,p:clctxworker0,0.0,0.0
1791297949.476,python,0.0,0.08
1791297949.476,python,0.0,7.73
1791297949.476,python,0.0,6.69
1791297949.476,python,0.0,5.86
1791297949.476,python,0.0,5.36
1791297949.476,python,0.0,5.58
1791297949.476,pt_autograd_0,0.21,54.71
1791297949.677,python,0.0,58.83
1791297949.677,python,0.0,0.07
1791297949.677,python,0.0,0.06
1791297949.677,python,0.0,0.05
1791297949.677,python,0.0,0.05
1791297949.677,python,0.0,0.06
1791297949.677,python:disk$0,0.0,0.0
1791297949.677,python:sh0,0.0,0.0
1791297949.677,python:traceq0,0.0,0.0
1791297949.677,p:clctxworker0,0.0,0.0
1791297949.677,python,0.0,0.08
1791297949.677,python,0.0,7.73
1791297949.677,python,0.0,6.69
1791297949.677,python,0.0,5.86
1791297949.677,python,0.0,5.36
1791297949.677,python,0.0,5.58
1791297949.677,pt_autograd_0,0.2,54.91
1791297949.878,python,0.0,58.83
1791297949.878,python,0.0,0.07
1791297949.878,python,0.0,0.06
1791297949.878,python,0.0,0.05
1791297949.878,python,0.0,0.05
1791297949.878,python,0.0,0.06
1791297949.878,python:disk$0,0.0,0.0
1791297949.878,python:sh0,0.0,0.0
1791297949.878,python:traceq0,0.0,0.0
1791297949.878,p:clctxworker0,0.0,0.0
1791297949.878,python,0.0,0.08
1791297949.878,python,0.0,7.73
1791297949.878,python,0.0,6.69
1791297949.878,python,0.0,5.86
1791297949.878,python,0.0,5.36
1791297949.878,python,0.0,5.58
1791297949.878,pt_autograd_0,0.2,55.11
1791297950.08,python,0.0,58.83
1791297950.08,python,0.0,0.07
1791297950.08,python,0.0,0.06
1791297950.08,python,0.0,0.05
1791297950.08,python,0.0,0.05
1791297950.08,python,0.0,0.06
1791297950.08,python:disk$0,0.0,0.0
1791297950.08,python:sh0,0.0,0.0
1791297950.08,python:traceq0,0.0,0.0
1791297950.08,p:clctxworker0,0.0,0.0
1791297950.08,python,0.0,0.08
1791297950.08,python,0.0,7.73
1791297950.08,python,0.0,6.69
1791297950.08,python,0.0,5.86
1791297950.08,python,0.0,5.36
1791297950.08,python,0.0,5.58
1791297950.08,pt_autograd_0,0.2,55.31
1791297950.281,python,0.0,58.83
1791297950.281,python,0.0,0.07
1791297950.281,python,0.0,0.06
1791297950.281,python,0.0,0.05
1791297950.281,python,0.0,0.05
1791297950.281,python,0.0,0.06
1791297950.281,python:disk$0,0.0,0.0
1791297950.281,python:sh0,0.0,0.0
1791297950.281,python:traceq0,0.0,0.0
1791297950.281,p:clctxworker0,0.0,0.0
1791297950.281,python,0.0,0.08
1791297950.281,python,0.0,7.73
1791297950.281,python,0.0,6.69
1791297950.281,python,0.0,5.86
1791297950.281,python,0.0,5.36
1791297950.281,python,0.0,5.58
1791297950.281,pt_autograd_0,0.2,55.51
1791297950.482,python,0.0,58.83
1791297950.482,python,0.0,0.07
1791297950.482,python,0.0,0.06
1791297950.482,python,0.0,0.05
1791297950.482,python,0.0,0.05
1791297950.482,python,0.0,0.06
1791297950.482,python:disk$0,0.0,0.0
1791297950.482,python:sh0,0.0,0.0
1791297950.482,python:traceq0,0.0,0.0
1791297950.482,p:clctxworker0,0.0,0.0
1791297950.482,python,0.0,0.08
1791297950.482,python,0.0,7.73
1791297950.482,python,0.0,6.69
1791297950.482,python,0.0,5.86
1791297950.482,python,0.0,5.36
1791297950.482,python,0.0,5.58
1791297950.482,pt_autograd_0,0.2,55.71
1791297950.683,python,0.15,58.98
1791297950.683,python,0.0,0.07
1791297950.683,python,0.0,0.06
1791297950.683,python,0.0,0.05
1791297950.683,python,0.0,0.05
1791297950.683,python,0.0,0.06
1791297950.683,python:disk$0,0.0,0.0
1791297950.683,python:sh0,0.0,0.0
1791297950.683,python:traceq0,0.0,0.0
1791297950.683,p:clctxworker0,0.0,0.0
1791297950.683,python,0.0,0.08
1791297950.683,python,0.0,7.73
1791297950.683,python,0.0,6.69
1791297950.683,python,0.0,5.86
1791297950.683,python,0.0,5.36
1791297950.683,python,0.0,5.58
1791297950.683,pt_autograd_0,0.05,55.76
1791297950.884,python,0.19,59.17
1791297950.884,python,0.0,0.07
1791297950.884,python,0.0,0.06
1791297950.884,python,0.0,0.05
1791297950.884,python,0.0,0.05
1791297950.884,python,0.0,0.06
1791297950.884,python:disk$0,0.0,0.0
1791297950.884,python:sh0,0.0,0.0
1791297950.884,python:traceq0,0.0,0.0
1791297950.884,p:clctxworker0,0.0,0.0
1791297950.884,python,0.0,0.08
1791297950.884,python,0.0,7.73
1791297950.884,python,0.0,6.69
1791297950.884,python,0.0,5.86
1791297950.884,python,0.0,5.36
1791297950.884,python,0.0,5.58
1791297950.884,pt_autograd_0,0.01,55.77
1791297951.085,python,0.0,59.17
1791297951.085,python,0.0,0.07
1791297951.085,python,0.0,0.06
1791297951.085,python,0.0,0.05
1791297951.085,python,0.0,0.05
1791297951.085,python,0.0,0.06
1791297951.085,python:disk$0,0.0,0.0
1791297951.085,python:sh0,0.0,0.0
1791297951.085,python:traceq0,0.0,0.0
1791297951.085,p:clctxworker0,0.0,0.0
1791297951.085,python,0.0,0.08
1791297951.085,python,0.0,7.73
1791297951.085,python,0.0,6.69
1791297951.085,python,0.0,5.86
1791297951.085,python,0.0,5.36
1791297951.085,python,0.0,5.58
1791297951.085,pt_autograd_0,0.2,55.97
1791297951.287,python,0.0,59.17
1791297951.287,python,0.0,0.07
1791297951.287,python,0.0,0.06
1791297951.287,python,0.0,0.05
1791297951.287,python,0.0,0.05
1791297951.287,python,0.0,0.06
1791297951.287,python:disk$0,0.0,0.0
1791297951.287,python:sh0,0.0,0.0
1791297951.287,python:traceq0,0.0,0.0
1791297951.287,p:clctxworker0,0.0,0.0
1791297951.287,python,0.0,0.08
1791297951.287,python,0.0,7.73
1791297951.287,python,0.0,6.69
1791297951.287,python,0.0,5.86
1791297951.287,python,0.0,5.36
1791297951.287,python,0.0,5.58
1791297951.287,pt_autograd_0,0.2,56.17
1791297951.488,python,0.0,59.17
1791297951.488,python,0.0,0.07
1791297951.488,python,0.0,0.06
1791297951.488,python,0.0,0.05
1791297951.488,python,0.0,0.05
1791297951.488,python,0.0,0.06
1791297951.488,python:disk$0,0.0,0.0
1791297951.488,python:sh0,0.0,0.0
1791297951.488,python:traceq0,0.0,0.0
1791297951.488,p:clctxworker0,0.0,0.0
1791297951.488,python,0.0,0.08
1791297951.488,python,0.0,7.73
1791297951.488,python,0.0,6.69
1791297951.488,python,0.0,5.86
1791297951.488,python,0.0,5.36
1791297951.488,python,0.0,5.58
1791297951.488,pt_autograd_0,0.21,56.38
1791297951.689,python,0.12,59.29
1791297951.689,python,0.0,0.07
1791297951.689,python,0.0,0.06
1791297951.689,python,0.0,0.05
1791297951.689,python,0.0,0.05
1791297951.689,python,0.0,0.06
1791297951.689,python:disk$0,0.0,0.0
1791297951.689,python:sh0,0.0,0.0
1791297951.689,python:traceq0,0.0,0.0
1791297951.689,p:clctxworker0,0.0,0.0
1791297951.689,python,0.0,0.08
1791297951.689,python,0.01,7.74
1791297951.689,python,0.01,6.7
1791297951.689,python,0.02,5.88
1791297951.689,python,0.01,5.37
1791297951.689,python,0.01,5.59
1791297951.689,pt_autograd_0,0.07,56.45
1791297951.89,python,0.2,59.49
1791297951.89,python,0.0,0.07
1791297951.89,python,0.0,0.06
1791297951.89,python,0.0,0.05
1791297951.89,python,0.0,0.05
1791297951.89,python,0.0,0.06
1791297951.89,python:disk$0,0.0,0.0
1791297951.89,python:sh0,0.0,0.0
1791297951.89,python:traceq0,0.0,0.0
1791297951.89,p:clctxworker0,0.0,0.0
1791297951.89,python,0.0,0.08
1791297951.89,python,0.0,7.74
1791297951.89,python,0.0,6.7
1791297951.89,python,0.0,5.88
1791297951.89,python,0.0,5.37
1791297951.89,python,0.0,5.59
1791297951.89,pt_autograd_0,0.0,56.45
1791297952.092,python,0.2,59.69
1791297952.092,python,0.0,0.07
1791297952.092,python,0.0,0.06
1791297952.092,python,0.0,0.05
1791297952.092,python,0.0,0.05
1791297952.092,python,0.0,0.06
1791297952.092,python:disk$0,0.0,0.0
1791297952.092,python:sh0,0.0,0.0
1791297952.092,python:traceq0,0.0,0.0
1791297952.092,p:clctxworker0,0.0,0.0
1791297952.092,python,0.0,0.08
1791297952.092,python,0.0,7.74
1791297952.092,python,0.0,6.7
1791297952.092,python,0.0,5.88
1791297952.092,python,0.0,5.37
1791297952.092,python,0.0,5.59
1791297952.092,pt_autograd_0,0.0,56.45
1791297952.293,python,0.19,59.88
1791297952.293,python,0.0,0.07
1791297952.293,python,0.0,0.06
1791297952.293,python,0.0,0.05
1791297952.293,python,0.0,0.05
1791297952.293,python,0.0,0.06
1791297952.293,python:disk$0,0.0,0.0
1791297952.293,python:sh0,0.0,0.0
1791297952.293,python:traceq0,0.0,0.0
1791297952.293,p:clctxworker0,0.0,0.0
1791297952.293,python,0.0,0.08
1791297952.293,python,0.0,7.74
1791297952.293,python,0.0,6.7
1791297952.293,python,0.0,5.88
1791297952.293,python,0.0,5.37
1791297952.293,python,0.0,5.59
1791297952.293,pt_autograd_0,0.0,56.45
1791297952.494,python,0.21,60.09
1791297952.494,python,0.0,0.07
1791297952.494,python,0.0,0.06
1791297952.494,python,0.0,0.05
1791297952.494,python,0.0,0.05
1791297952.494,python,0.0,0.06
1791297952.494,python:disk$0,0.0,0.0
1791297952.494,python:sh0,0.0,0.0
1791297952.494,python:traceq0,0.0,0.0
1791297952.494,p:clctxworker0,0.0,0.0
1791297952.494,python,0.0,0.08
1791297952.494,python,0.0,7.74
1791297952.494,python,0.0,6.7
1791297952.494,python,0.0,5.88
1791297952.494,python,0.0,5.37
1791297952.494,python,0.0,5.59
1791297952.494,pt_autograd_0,0.0,56.45
1791297952.695,python,0.2,60.29
1791297952.695,python,0.0,0.07
1791297952.695,python,0.0,0.06
1791297952.695,python,0.0,0.05
1791297952.695,python,0.0,0.05
1791297952.695,python,0.0,0.06
1791297952.695,python:disk$0,0.0,0.0
1791297952.695,python:sh0,0.0,0.0
1791297952.695,python:traceq0,0.0,0.0
1791297952.695,p:clctxworker0,0.0,0.0
1791297952.695,python,0.0,0.08
1791297952.695,python,0.0,7.74
1791297952.695,python,0.0,6.7
1791297952.695,python,0.0,5.88
1791297952.695,python,0.0,5.37
1791297952.695,python,0.0,5.59
1791297952.695,pt_autograd_0,0.0,56.45
1791297952.896,python,0.2,60.49
1791297952.896,python,0.0,0.07
1791297952.896,python,0.0,0.06
1791297952.896,python,0.0,0.05
1791297952.896,python,0.0,0.05
1791297952.896,python,0.0,0.06
1791297952.896,python:disk$0,0.0,0.0
1791297952.896,python:sh0,0.0,0.0
1791297952.896,python:traceq0,0.0,0.0
1791297952.896,p:clctxworker0,0.0,0.0
1791297952.896,python,0.0,0.08
1791297952.896,python,0.0,7.74
1791297952.896,python,0.0,6.7
1791297952.896,python,0.0,5.88
1791297952.896,python,0.0,5.37
1791297952.896,python,0.0,5.59
1791297952.896,pt_autograd_0,0.0,56.45
1791297953.097,python,0.2,60.69
1791297953.097,python,0.0,0.07
1791297953.097,python,0.0,0.06
1791297953.097,python,0.0,0.05
1791297953.097,python,0.0,0.05
1791297953.097,python,0.0,0.06
1791297953.097,python:disk$0,0.0,0.0
1791297953.097,python:sh0,0.0,0.0
1791297953.097,python:traceq0,0.0,0.0
1791297953.097,p:clctxworker0,0.0,0.0
1791297953.097,python,0.0,0.08
1791297953.097,python,0.0,7.74
1791297953.097,python,0.0,6.7
1791297953.097,python,0.0,5.88
1791297953.097,python,0.0,5.37
1791297953.097,python,0.0,5.59
1791297953.097,pt_autograd_0,0.0,56.45
1791297953.298,python,0.06,60.75
1791297953.298,python,0.0,0.07
1791297953.298,python,0.0,0.06
1791297953.298,python,0.0,0.05
1791297953.298,python,0.0,0.05
1791297953.298,python,0.0,0.06
1791297953.298,python:disk$0,0.0,0.0
1791297953.298,python:sh0,0.0,0.0
1791297953.298,python:traceq0,0.0,0.0
1791297953.298,p:clctxworker0,0.0,0.0
1791297953.298,python,0.0,0.08
1791297953.298,python,0.0,7.74
1791297953.298,python,0.0,6.7
1791297953.298,python,0.0,5.88
1791297953.298,python,0.0,5.37
1791297953.298,python,0.0,5.59
1791297953.298,pt_autograd_0,0.14,56.59
1791297953.5,python,0.0,60.75
1791297953.5,python,0.0,0.07
1791297953.5,python,0.0,0.06
1791297953.5,python,0.0,0.05
1791297953.5,python,0.0,0.05
1791297953.5,python,0.0,0.06
1791297953.5,python:disk$0,0.0,0.0
1791297953.5,python:sh0,0.0,0.0
1791297953.5,python:traceq0,0.0,0.0
1791297953.5,p:clctxworker0,0.0,0.0
1791297953.5,python,0.0,0.08
1791297953.5,python,0.0,7.74
1791297953.5,python,0.0,6.7
1791297953.5,python,0.0,5.88
1791297953.5,python,0.0,5.37
1791297953.5,python,0.0,5.59
1791297953.5,pt_autograd_0,0.19,56.78
1791297953.701,python,0.0,60.75
1791297953.701,python,0.0,0.07
1791297953.701,python,0.0,0.06
1791297953.701,python,0.0,0.05
1791297953.701,python,0.0,0.05
1791297953.701,python,0.0,0.06
1791297953.701,python:disk$0,0.0,0.0
1791297953.701,python:sh0,0.0,0.0
1791297953.701,python:traceq0,0.0,0.0
1791297953.701,p:clctxworker0,0.0,0.0
1791297953.701,python,0.0,0.08
1791297953.701,python,0.0,7.74
1791297953.701,python,0.0,6.7
1791297953.701,python,0.0,5.88
1791297953.701,python,0.0,5.37
1791297953.701,python,0.0,5.59
1791297953.701,pt_autograd_0,0.21,56.99
1791297953.902,python,0.0,60.75
1791297953.902,python,0.0,0.07
1791297953.902,python,0.0,0.06
1791297953.902,python,0.0,0.05
1791297953.902,python,0.0,0.05
1791297953.902,python,0.0,0.06
1791297953.902,python:disk$0,0.0,0.0
1791297953.902,python:sh0,0.0,0.0
1791297953.902,python:traceq0,0.0,0.0
1791297953.902,p:clctxworker0,0.0,0.0
1791297953.902,python,0.0,0.08
1791297953.902,python,0.0,7.74
1791297953.902,python,0.0,6.7
1791297953.902,python,0.0,5.88
1791297953.902,python,0.0,5.37
1791297953.902,python,0.0,5.59
1791297953.902,pt_autograd_0,0.19,57.18
1791297954.103,python,0.0,60.75
1791297954.103,python,0.0,0.07
1791297954.103,python,0.0,0.06
1791297954.103,python,0.0,0.05
1791297954.103,python,0.0,0.05
1791297954.103,python,0.0,0.06
1791297954.103,python:disk$0,0.0,0.0
1791297954.103,python:sh0,0.0,0.0
1791297954.103,python:traceq0,0.0,0.0
1791297954.103,p:clctxworker0,0.0,0.0
1791297954.103,python,0.0,0.08
1791297954.103,python,0.0,7.74
1791297954.103,python,0.0,6.7
1791297954.103,python,0.0,5.88
1791297954.103,python,0.0,5.37
1791297954.103,python,0.0,5.59
1791297954.103,pt_autograd_0,0.21,57.39
1791297954.304,python,0.0,60.75
1791297954.304,python,0.0,0.07
1791297954.304,python,0.0,0.06
1791297954.304,python,0.0,0.05
1791297954.304,python,0.0,0.05
1791297954.304,python,0.0,0.06
1791297954.304,python:disk$0,0.0,0.0
1791297954.304,python:sh0,0.0,0.0
1791297954.304,python:traceq0,0.0,0.0
1791297954.304,p:clctxworker0,0.0,0.0
1791297954.304,python,0.0,0.08
1791297954.304,python,0.0,7.74
1791297954.304,python,0.0,6.7
1791297954.304,python,0.0,5.88
1791297954.304,python,0.0,5.37
1791297954.304,python,0.0,5.59
1791297954.304,pt_autograd_0,0.2,57.59
1791297954.506,python,0.0,60.75
1791297954.506,python,0.0,0.07
1791297954.506,python,0.0,0.06
1791297954.506,python,0.0,0.05
1791297954.506,python,0.0,0.05
1791297954.506,python,0.0,0.06
1791297954.506,python:disk$0,0.0,0.0
1791297954.506,python:sh0,0.0,0.0
1791297954.506,python:traceq0,0.0,0.0
1791297954.506,p:clctxworker0,0.0,0.0
1791297954.506,python,0.0,0.08
1791297954.506,python,0.0,7.74
1791297954.506,python,0.0,6.7
1791297954.506,python,0.0,5.88
1791297954.506,python,0.0,5.37
1791297954.506,python,0.0,5.59
1791297954.506,pt_autograd_0,0.19,57.78
1791297954.707,python,0.0,60.75
1791297954.707,python,0.0,0.07
1791297954.707,python,0.0,0.06
1791297954.707,python,0.0,0.05
1791297954.707,python,0.0,0.05
1791297954.707,python,0.0,0.06
1791297954.707,python:disk$0,0.0,0.0
1791297954.707,python:sh0,0.0,0.0
1791297954.707,python:traceq0,0.0,0.0
1791297954.707,p:clctxworker0,0.0,0.0
1791297954.707,python,0.0,0.08
1791297954.707,python,0.0,7.74
1791297954.707,python,0.0,6.7
1791297954.707,python,0.0,5.88
1791297954.707,python,0.0,5.37
1791297954.707,python,0.0,5.59
1791297954.707,pt_autograd_0,0.21,57.99
1791297954.908,python,0.0,60.75
1791297954.908,python,0.0,0.07
1791297954.908,python,0.0,0.06
1791297954.908,python,0.0,0.05
1791297954.908,python,0.0,0.05
1791297954.908,python,0.0,0.06
1791297954.908,python:disk$0,0.0,0.0
1791297954.908,python:sh0,0.0,0.0
1791297954.908,python:traceq0,0.0,0.0
1791297954.908,p:clctxworker0,0.0,0.0
1791297954.908,python,0.0,0.08
1791297954.908,python,0.0,7.74
1791297954.908,python,0.0,6.7
1791297954.908,python,0.0,5.88
1791297954.908,python,0.0,5.37
1791297954.908,python,0.0,5.59
1791297954.908,pt_autograd_0,0.2,58.19
1791297955.109,python,0.0,60.75
1791297955.109,python,0.0,0.07
1791297955.109,python,0.0,0.06
1791297955.109,python,0.0,0.05
1791297955.109,python,0.0,0.05
1791297955.109,python,0.0,0.06
1791297955.109,python:disk$0,0.0,0.0
1791297955.109,python:sh0,0.0,0.0
1791297955.109,python:traceq0,0.0,0.0
1791297955.109,p:clctxworker0,0.0,0.0
1791297955.109,python,0.0,0.08
1791297955.109,python,0.0,7.74
1791297955.109,python,0.0,6.7
1791297955.109,python,0.0,5.88
1791297955.109,python,0.0,5.37
1791297955.109,python,0.0,5.59
1791297955.109,pt_autograd_0,0.2,58.39
1791297955.31,python,0.0,60.75
1791297955.31,python,0.0,0.07
1791297955.31,python,0.0,0.06
1791297955.31,python,0.0,0.05
1791297955.31,python,0.0,0.05
1791297955.31,python,0.0,0.06
1791297955.31,python:disk$0,0.0,0.0
1791297955.31,python:sh0,0.0,0.0
1791297955.31,python:traceq0,0.0,0.0
1791297955.31,p:clctxworker0,0.0,0.0
1791297955.31,python,0.0,0.08
1791297955.31,python,0.0,7.74
1791297955.31,python,0.0,6.7
1791297955.31,python,0.0,5.88
1791297955.31,python,0.0,5.37
1791297955.31,python,0.0,5.59
1791297955.31,pt_autograd_0,0.19,58.58
1791297955.511,python,0.0,60.75
1791297955.511,python,0.0,0.07
1791297955.511,python,0.0,0.06
1791297955.511,python,0.0,0.05
1791297955.511,python,0.0,0.05
1791297955.511,python,0.0,0.06
1791297955.511,python:disk$0,0.0,0.0
1791297955.511,python:sh0,0.0,0.0
1791297955.511,python:traceq0,0.0,0.0
1791297955.511,p:clctxworker0,0.0,0.0
1791297955.511,python,0.0,0.08
1791297955.511,python,0.0,7.74
1791297955.511,python,0.0,6.7
1791297955.511,python,0.0,5.88
1791297955.511,python,0.0,5.37
1791297955.511,python,0.0,5.59
1791297955.511,pt_autograd_0,0.2,58.78
1791297955.712,python,0.12,60.87
1791297955.712,python,0.0,0.07
1791297955.712,python,0.0,0.06
1791297955.712,python,0.0,0.05
1791297955.712,python,0.0,0.05
1791297955.712,python,0.0,0.06
1791297955.712,python:disk$0,0.0,0.0
1791297955.712,python:sh0,0.0,0.0
1791297955.712,python:traceq0,0.0,0.0
1791297955.712,p:clctxworker0,0.0,0.0
1791297955.712,python,0.0,0.08
1791297955.712,python,0.02,7.76
1791297955.712,python,0.02,6.72
1791297955.712,python,0.01,5.89
1791297955.712,python,0.02,5.39
1791297955.712,python,0.01,5.6
1791297955.712,pt_autograd_0,0.09,58.87
1791297955.914,python,0.19,61.06
1791297955.914,python,0.0,0.07
1791297955.914,python,0.0,0.06
1791297955.914,python,0.0,0.05
1791297955.914,python,0.0,0.05
1791297955.914,python,0.0,0.06
1791297955.914,python:disk$0,0.0,0.0
1791297955.914,python:sh0,0.0,0.0
1791297955.914,python:traceq0,0.0,0.0
1791297955.914,p:clctxworker0,0.0,0.0
1791297955.914,python,0.0,0.08
1791297955.914,python,0.0,7.76
1791297955.914,python,0.0,6.72
1791297955.914,python,0.0,5.89
1791297955.914,python,0.0,5.39
1791297955.914,python,0.0,5.6
1791297955.914,pt_autograd_0,0.0,58.87
1791297956.115,python,0.02,61.08
1791297956.115,python,0.0,0.07
1791297956.115,python,0.0,0.06
1791297956.115,python,0.0,0.05
1791297956.115,python,0.0,0.05
1791297956.115,python,0.0,0.06
1791297956.115,python:disk$0,0.0,0.0
1791297956.115,python:sh0,0.0,0.0
1791297956.115,python:traceq0,0.0,0.0
1791297956.115,p:clctxworker0,0.0,0.0
1791297956.115,python,0.0,0.08
1791297956.115,python,0.0,7.76
1791297956.115,python,0.0,6.72
1791297956.115,python,0.0,5.89
1791297956.115,python,0.0,5.39
1791297956.115,python,0.0,5.6
1791297956.115,pt_autograd_0,0.19,59.06
1791297956.316,python,0.0,61.08
1791297956.316,python,0.0,0.07
1791297956.316,python,0.0,0.06
1791297956.316,python,0.0,0.05
1791297956.316,python,0.0,0.05
1791297956.316,python,0.0,0.06
1791297956.316,python:disk$0,0.0,0.0
1791297956.316,python:sh0,0.0,0.0
1791297956.316,python:traceq0,0.0,0.0
1791297956.316,p:clctxworker0,0.0,0.0
1791297956.316,python,0.0,0.08
1791297956.316,python,0.0,7.76
1791297956.316,python,0.0,6.72
1791297956.316,python,0.0,5.89
1791297956.316,python,0.0,5.39
1791297956.316,python,0.0,5.6
1791297956.316,pt_autograd_0,0.19,59.25
1791297956.517,python,0.0,61.08
1791297956.517,python,0.0,0.07
1791297956.517,python,0.0,0.06
1791297956.517,python,0.0,0.05
1791297956.517,python,0.0,0.05
1791297956.517,python,0.0,0.06
1791297956.517,python:disk$0,0.0,0.0
1791297956.517,python:sh0,0.0,0.0
1791297956.517,python:traceq0,0.0,0.0
1791297956.517,p:clctxworker0,0.0,0.0
1791297956.517,python,0.0,0.08
1791297956.517,python,0.0,7.76
1791297956.517,python,0.0,6.72
1791297956.517,python,0.0,5.89
1791297956.517,python,0.0,5.39
1791297956.517,python,0.0,5.6
1791297956.517,pt_autograd_0,0.21,59.46
1791297956.718,python,0.08,61.16
1791297956.718,python,0.0,0.07
1791297956.718,python,0.0,0.06
1791297956.718,python,0.0,0.05
1791297956.718,python,0.0,0.05
1791297956.718,python,0.0,0.06
1791297956.718,python:disk$0,0.0,0.0
1791297956.718,python:sh0,0.0,0.0
1791297956.718,python:traceq0,0.0,0.0
1791297956.718,p:clctxworker0,0.0,0.0
1791297956.718,python,0.01,0.09
1791297956.718,python,0.01,7.77
1791297956.718,python,0.01,6.73
1791297956.718,python,0.01,5.9
1791297956.718,python,0.01,5.4
1791297956.718,python,0.02,5.62
1791297956.718,pt_autograd_0,0.11,59.57
1791297956.92,python,0.21,61.37
1791297956.92,python,0.0,0.07
1791297956.92,python,0.0,0.06
1791297956.92,python,0.0,0.05
1791297956.92,python,0.0,0.05
1791297956.92,python,0.0,0.06
1791297956.92,python:disk$0,0.0,0.0
1791297956.92,python:sh0,0.0,0.0
1791297956.92,python:traceq0,0.0,0.0
1791297956.92,p:clctxworker0,0.0,0.0
1791297956.92,python,0.0,0.09
1791297956.92,python,0.0,7.77
1791297956.92,python,0.0,6.73
1791297956.92,python,0.0,5.9
1791297956.92,python,0.0,5.4
1791297956.92,python,0.0,5.62
1791297956.92,pt_autograd_0,0.0,59.57
1791297957.121,python,0.2,61.57
1791297957.121,python,0.0,0.07
1791297957.121,python,0.0,0.06
1791297957.121,python,0.0,0.05
1791297957.121,python,0.0,0.05
1791297957.121,python,0.0,0.06
1791297957.121,python:disk$0,0.0,0.0
1791297957.121,python:sh0,0.0,0.0
1791297957.121,python:traceq0,0.0,0.0
1791297957.121,p:clctxworker0,0.0,0.0
1791297957.121,python,0.0,0.09
1791297957.121,python,0.0,7.77
1791297957.121,python,0.0,6.73
1791297957.121,python,0.0,5.9
1791297957.121,python,0.0,5.4
1791297957.121,python,0.0,5.62
1791297957.121,pt_autograd_0,0.0,59.57
1791297957.322,python,0.2,61.77
1791297957.322,python,0.0,0.07
1791297957.322,python,0.0,0.06
1791297957.322,python,0.0,0.05
1791297957.322,python,0.0,0.05
1791297957.322,python,0.0,0.06
1791297957.322,python:disk$0,0.0,0.0
1791297957.322,python:sh0,0.0,0.0
1791297957.322,python:traceq0,0.0,0.0
1791297957.322,p:clctxworker0,0.0,0.0
1791297957.322,python,0.0,0.09
1791297957.322,python,0.0,7.77
1791297957.322,python,0.0,6.73
1791297957.322,python,0.0,5.9
1791297957.322,python,0.0,5.4
1791297957.322,python,0.0,5.62
1791297957.322,pt_autograd_0,0.0,59.57
1791297957.523,python,0.2,61.97
1791297957.523,python,0.0,0.07
1791297957.523,python,0.0,0.06
1791297957.523,python,0.0,0.05
1791297957.523,python,0.0,0.05
1791297957.523,python,0.0,0.06
1791297957.523,python:disk$0,0.0,0.0
1791297957.523,python:sh0,0.0,0.0
1791297957.523,python:traceq0,0.0,0.0
1791297957.523,p:clctxworker0,0.0,0.0
1791297957.523,python,0.0,0.09
1791297957.523,python,0.0,7.77
1791297957.523,python,0.0,6.73
1791297957.523,python,0.0,5.9
1791297957.523,python,0.0,5.4
1791297957.523,python,0.0,5.62
1791297957.523,pt_autograd_0,0.0,59.57
1791297957.724,python,0.2,62.17
1791297957.724,python,0.0,0.07
1791297957.724,python,0.0,0.06
1791297957.724,python,0.0,0.05
1791297957.724,python,0.0,0.05
1791297957.724,python,0.0,0.06
1791297957.724,python:disk$0,0.0,0.0
1791297957.724,python:sh0,0.0,0.0
1791297957.724,python:traceq0,0.0,0.0
1791297957.724,p:clctxworker0,0.0,0.0
1791297957.724,python,0.0,0.09
1791297957.724,python,0.0,7.77
1791297957.724,python,0.0,6.73
1791297957.724,python,0.0,5.9
1791297957.724,python,0.0,5.4
1791297957.724,python,0.0,5.62
1791297957.724,pt_autograd_0,0.0,59.57
1791297957.925,python,0.2,62.37
1791297957.925,python,0.0,0.07
1791297957.925,python,0.0,0.06
1791297957.925,python,0.0,0.05
1791297957.925,python,0.0,0.05
1791297957.925,python,0.0,0.06
1791297957.925,python:disk$0,0.0,0.0
1791297957.925,python:sh0,0.0,0.0
1791297957.925,python:traceq0,0.0,0.0
1791297957.925,p:clctxworker0,0.0,0.0
1791297957.925,python,0.0,0.09
1791297957.925,python,0.0,7.77
1791297957.925,python,0.0,6.73
1791297957.925,python,0.0,5.9
1791297957.925,python,0.0,5.4
1791297957.925,python,0.0,5.62
1791297957.925,pt_autograd_0,0.0,59.57
1791297958.126,python,0.0,62.37
1791297958.126,python,0.0,0.07
1791297958.126,python,0.0,0.06
1791297958.126,python,0.0,0.05
1791297958.126,python,0.0,0.05
1791297958.126,python,0.0,0.06
1791297958.126,python:disk$0,0.0,0.0
1791297958.126,python:sh0,0.0,0.0
1791297958.126,python:traceq0,0.0,0.0
1791297958.126,p:clctxworker0,0.0,0.0
1791297958.126,python,0.0,0.09
1791297958.126,python,0.0,7.77
1791297958.126,python,0.0,6.73
1791297958.126,python,0.0,5.9
1791297958.126,python,0.0,5.4
1791297958.126,python,0.0,5.62
1791297958.126,pt_autograd_0,0.2,59.77
1791297958.327,python,0.0,62.37
1791297958.327,python,0.0,0.07
1791297958.327,python,0.0,0.06
1791297958.327,python,0.0,0.05
1791297958.327,python,0.0,0.05
1791297958.327,python,0.0,0.06
1791297958.327,python:disk$0,0.0,0.0
1791297958.327,python:sh0,0.0,0.0
1791297958.327,python:traceq0,0.0,0.0
1791297958.327,p:clctxworker0,0.0,0.0
1791297958.327,python,0.0,0.09
1791297958.327,python,0.0,7.77
1791297958.327,python,0.0,6.73
1791297958.327,python,0.0,5.9
1791297958.327,python,0.0,5.4
1791297958.327,python,0.0,5.62
1791297958.327,pt_autograd_0,0.19,59.96
1791297958.529,python,0.0,62.37
1791297958.529,python,0.0,0.07
1791297958.529,python,0.0,0.06
1791297958.529,python,0.0,0.05
1791297958.529,python,0.0,0.05
1791297958.529,python,0.0,0.06
1791297958.529,python:disk$0,0.0,0.0
1791297958.529,python:sh0,0.0,0.0
1791297958.529,python:traceq0,0.0,0.0
1791297958.529,p:clctxworker0,0.0,0.0
1791297958.529,python,0.0,0.09
1791297958.529,python,0.0,7.77
1791297958.529,python,0.0,6.73
1791297958.529,python,0.0,5.9
1791297958.529,python,0.0,5.4
1791297958.529,python,0.0,5.62
1791297958.529,pt_autograd_0,0.2,60.16
1791297958.73,python,0.0,62.37
1791297958.73,python,0.0,0.07
1791297958.73,python,0.0,0.06
1791297958.73,python,0.0,0.05
1791297958.73,python,0.0,0.05
1791297958.73,python,0.0,0.06
1791297958.73,python:disk$0,0.0,0.0
1791297958.73,python:sh0,0.0,0.0
1791297958.73,python:traceq0,0.0,0.0
1791297958.73,p:clctxworker0,0.0,0.0
1791297958.73,python,0.0,0.09
1791297958.73,python,0.0,7.77
1791297958.73,python,0.0,6.73
1791297958.73,python,0.0,5.9
1791297958.73,python,0.0,5.4
1791297958.73,python,0.0,5.62
1791297958.73,pt_autograd_0,0.2,60.36
1791297958.931,python,0.0,62.37
1791297958.931,python,0.0,0.07
1791297958.931,python,0.0,0.06
1791297958.931,python,0.0,0.05
1791297958.931,python,0.0,0.05
1791297958.931,python,0.0,0.06
1791297958.931,python:disk$0,0.0,0.0
1791297958.931,python:sh0,0.0,0.0
1791297958.931,python:traceq0,0.0,0.0
1791297958.931,p:clctxworker0,0.0,0.0
1791297958.931,python,0.0,0.09
1791297958.931,python,0.0,7.77
1791297958.931,python,0.0,6.73
1791297958.931,python,0.0,5.9
1791297958.931,python,0.0,5.4
1791297958.931,python,0.0,5.62
1791297958.931,pt_autograd_0,0.2,60.56
1791297959.132,python,0.0,62.37
1791297959.132,python,0.0,0.07
1791297959.132,python,0.0,0.06
1791297959.132,python,0.0,0.05
1791297959.132,python,0.0,0.05
1791297959.132,python,0.0,0.06
1791297959.132,python:disk$0,0.0,0.0
1791297959.132,python:sh0,0.0,0.0
1791297959.132,python:traceq0,0.0,0.0
1791297959.132,p:clctxworker0,0.0,0.0
1791297959.132,python,0.0,0.09
1791297959.132,python,0.0,7.77
1791297959.132,python,0.0,6.73
1791297959.132,python,0.0,5.9
1791297959.132,python,0.0,5.4
1791297959.132,python,0.0,5.62
1791297959.132,pt_autograd_0,0.21,60.77
1791297959.333,python,0.0,62.37
1791297959.333,python,0.0,0.07
1791297959.333,python,0.0,0.06
1791297959.333,python,0.0,0.05
1791297959.333,python,0.0,0.05
1791297959.333,python,0.0,0.06
1791297959.333,python:disk$0,0.0,0.0
1791297959.333,python:sh0,0.0,0.0
1791297959.333,python:traceq0,0.0,0.0
1791297959.333,p:clctxworker0,0.0,0.0
1791297959.333,python,0.01,0.1
1791297959.333,python,0.0,7.77
1791297959.333,python,0.0,6.73
1791297959.333,python,0.0,5.9
1791297959.333,python,0.0,5.4
1791297959.333,python,0.0,5.62
1791297959.333,pt_autograd_0,0.2,60.97
1791297959.535,python,0.0,62.37
1791297959.535,python,0.0,0.07
1791297959.535,python,0.0,0.06
1791297959.535,python,0.0,0.05
1791297959.535,python,0.0,0.05
1791297959.535,python,0.0,0.06
1791297959.535,python:disk$0,0.0,0.0
1791297959.535,python:sh0,0.0,0.0
1791297959.535,python:traceq0,0.0,0.0
1791297959.535,p:clctxworker0,0.0,0.0
1791297959.535,python,0.0,0.1
1791297959.535,python,0.0,7.77
1791297959.535,python,0.0,6.73
1791297959.535,python,0.0,5.9
1791297959.535,python,0.0,5.4
1791297959.535,python,0.0,5.62
1791297959.535,pt_autograd_0,0.2,61.17
1791297959.736,python,0.0,62.37
1791297959.736,python,0.0,0.07
1791297959.736,python,0.0,0.06
1791297959.736,python,0.0,0.05
1791297959.736,python,0.0,0.05
1791297959.736,python,0.0,0.06
1791297959.736,python:disk$0,0.0,0.0
1791297959.736,python:sh0,0.0,0.0
1791297959.736,python:traceq0,0.0,0.0
1791297959.736,p:clctxworker0,0.0,0.0
1791297959.736,python,0.0,0.1
1791297959.736,python,0.0,7.77
1791297959.736,python,0.0,6.73
1791297959.736,python,0.0,5.9
1791297959.736,python,0.0,5.4
1791297959.736,python,0.0,5.62
1791297959.736,pt_autograd_0,0.2,61.37
1791297959.937,python,0.0,62.37
1791297959.937,python,0.0,0.07
1791297959.937,python,0.0,0.06
1791297959.937,python,0.0,0.05
1791297959.937,python,0.0,0.05
1791297959.937,python,0.0,0.06
1791297959.937,python:disk$0,0.0,0.0
1791297959.937,python:sh0,0.0,0.0
1791297959.937,python:traceq0,0.0,0.0
1791297959.937,p:clctxworker0,0.0,0.0
1791297959.937,python,0.0,0.1
1791297959.937,python,0.0,7.77
1791297959.937,python,0.0,6.73
1791297959.937,python,0.0,5.9
1791297959.937,python,0.0,5.4
1791297959.937,python,0.0,5.62
1791297959.937,pt_autograd_0,0.2,61.57
1791297960.138,python,0.0,62.37
1791297960.138,python,0.0,0.07
1791297960.138,python,0.0,0.06
1791297960.138,python,0.0,0.05
1791297960.138,python,0.0,0.05
1791297960.138,python,0.0,0.06
1791297960.138,python:disk$0,0.0,0.0
1791297960.138,python:sh0,0.0,0.0
1791297960.138,python:traceq0,0.0,0.0
1791297960.138,p:clctxworker0,0.0,0.0
1791297960.138,python,0.0,0.1
1791297960.138,python,0.0,7.77
1791297960.138,python,0.0,6.73
1791297960.138,python,0.0,5.9
1791297960.138,python,0.0,5.4
1791297960.138,python,0.0,5.62
1791297960.138,pt_autograd_0,0.2,61.77
1791297960.339,python,0.17,62.54
1791297960.339,python,0.0,0.07
1791297960.339,python,0.0,0.06
1791297960.339,python,0.0,0.05
1791297960.339,python,0.0,0.05
1791297960.339,python,0.0,0.06
1791297960.339,python:disk$0,0.0,0.0
1791297960.339,python:sh0,0.0,0.0
1791297960.339,python:traceq0,0.0,0.0
1791297960.339,p:clctxworker0,0.0,0.0
1791297960.339,python,0.0,0.1
1791297960.339,python,0.0,7.77
1791297960.339,python,0.0,6.73
1791297960.339,python,0.0,5.9
1791297960.339,python,0.0,5.4
1791297960.339,python,0.0,5.62
1791297960.339,pt_autograd_0,0.02,61.79
1791297960.54,python,0.15,62.69
1791297960.54,python,0.0,0.07
1791297960.54,python,0.0,0.06
1791297960.54,python,0.0,0.05
1791297960.54,python,0.0,0.05
1791297960.54,python,0.0,0.06
1791297960.54,python:disk$0,0.0,0.0
1791297960.54,python:sh0,0.0,0.0
1791297960.54,python:traceq0,0.0,0.0
1791297960.54,p:clctxworker0,0.0,0.0
1791297960.54,python,0.0,0.1
1791297960.54,python,0.0,7.77
1791297960.54,python,0.0,6.73
1791297960.54,python,0.0,5.9
1791297960.54,python,0.0,5.4
1791297960.54,python,0.0,5.62
1791297960.54,pt_autograd_0,0.05,61.84
1791297960.741,python,0.0,62.69
1791297960.741,python,0.0,0.07
1791297960.741,python,0.0,0.06
1791297960.741,python,0.0,0.05
1791297960.741,python,0.0,0.05
1791297960.741,python,0.0,0.06
1791297960.741,python:disk$0,0.0,0.0
1791297960.741,python:sh0,0.0,0.0
1791297960.741,python:traceq0,0.0,0.0
1791297960.741,p:clctxworker0,0.0,0.0
1791297960.741,python,0.0,0.1
1791297960.741,python,0.0,7.77
1791297960.741,python,0.0,6.73
1791297960.741,python,0.0,5.9
1791297960.741,python,0.0,5.4
1791297960.741,python,0.0,5.62
1791297960.741,pt_autograd_0,0.2,62.04
1791297960.943,python,0.0,62.69
1791297960.943,python,0.0,0.07
1791297960.943,python,0.0,0.06
1791297960.943,python,0.0,0.05
1791297960.943,python,0.0,0.05
1791297960.943,python,0.0,0.06
1791297960.943,python:disk$0,0.0,0.0
1791297960.943,python:sh0,0.0,0.0
1791297960.943,python:traceq0,0.0,0.0
1791297960.943,p:clctxworker0,0.0,0.0
1791297960.943,python,0.0,0.1
1791297960.943,python,0.0,7.77
1791297960.943,python,0.0,6.73
1791297960.943,python,0.0,5.9
1791297960.943,python,0.0,5.4
1791297960.943,python,0.0,5.62
1791297960.943,pt_autograd_0,0.2,62.24
1791297961.144,python,0.0,62.69
1791297961.144,python,0.0,0.07
1791297961.144,python,0.0,0.06
1791297961.144,python,0.0,0.05
1791297961.144,python,0.0,0.05
1791297961.144,python,0.0,0.06
1791297961.144,python:disk$0,0.0,0.0
1791297961.144,python:sh0,0.0,0.0
1791297961.144,python:traceq0,0.0,0.0
1791297961.144,p:clctxworker0,0.0,0.0
1791297961.144,python,0.0,0.1
1791297961.144,python,0.0,7.77
1791297961.144,python,0.0,6.73
1791297961.144,python,0.0,5.9
1791297961.144,python,0.0,5.4
1791297961.144,python,0.0,5.62
1791297961.144,pt_autograd_0,0.2,62.44
1791297961.345,python,0.2,62.89
1791297961.345,python,0.0,0.07
1791297961.345,python,0.0,0.06
1791297961.345,python,0.0,0.05
1791297961.345,python,0.0,0.05
1791297961.345,python,0.0,0.06
1791297961.345,python:disk$0,0.0,0.0
1791297961.345,python:sh0,0.0,0.0
1791297961.345,python:traceq0,0.0,0.0
1791297961.345,p:clctxworker0,0.0,0.0
1791297961.345,python,0.0,0.1
1791297961.345,python,0.0,7.77
1791297961.345,python,0.0,6.73
1791297961.345,python,0.0,5.9
1791297961.345,python,0.0,5.4
1791297961.345,python,0.0,5.62
1791297961.345,pt_autograd_0,0.0,62.44
1791297961.546,python,0.13,63.02
1791297961.546,python,0.0,0.07
1791297961.546,python,0.0,0.06
1791297961.546,python,0.0,0.05
1791297961.546,python,0.0,0.05
1791297961.546,python,0.0,0.06
1791297961.546,python:disk$0,0.0,0.0
1791297961.546,python:sh0,0.0,0.0
1791297961.546,python:traceq0,0.0,0.0
1791297961.546,p:clctxworker0,0.0,0.0
1791297961.546,python,0.0,0.1
1791297961.546,python,0.0,7.77
1791297961.546,python,0.0,6.73
1791297961.546,python,0.0,5.9
1791297961.546,python,0.0,5.4
1791297961.546,python,0.0,5.62
1791297961.546,pt_autograd_0,0.07,62.51
1791297961.747,python,0.0,63.02
1791297961.747,python,0.0,0.07
1791297961.747,python,0.0,0.06
1791297961.747,python,0.0,0.05
1791297961.747,python,0.0,0.05
1791297961.747,python,0.0,0.06
1791297961.747,python:disk$0,0.0,0.0
1791297961.747,python:sh0,0.0,0.0
1791297961.747,python:traceq0,0.0,0.0
1791297961.747,p:clctxworker0,0.0,0.0
1791297961.747,python,0.0,0.1
1791297961.747,python,0.0,7.77
1791297961.747,python,0.0,6.73
1791297961.747,python,0.0,5.9
1791297961.747,python,0.0,5.4
1791297961.747,python,0.0,5.62
1791297961.747,pt_autograd_0,0.2,62.71
1791297961.948,python,0.0,63.02
1791297961.948,python,0.0,0.07
1791297961.948,python,0.0,0.06
1791297961.948,python,0.0,0.05
1791297961.948,python,0.0,0.05
1791297961.948,python,0.0,0.06
1791297961.948,python:disk$0,0.0,0.0
1791297961.948,python:sh0,0.0,0.0
1791297961.948,python:traceq0,0.0,0.0
1791297961.948,p:clctxworker0,0.0,0.0
1791297961.948,python,0.0,0.1
1791297961.948,python,0.0,7.77
1791297961.948,python,0.0,6.73
1791297961.948,python,0.0,5.9
1791297961.948,python,0.0,5.4
1791297961.948,python,0.0,5.62
1791297961.948,pt_autograd_0,0.2,62.91
1791297962.149,python,0.0,63.02
1791297962.149,python,0.0,0.07
1791297962.149,python,0.0,0.06
1791297962.149,python,0.0,0.05
1791297962.149,python,0.0,0.05
1791297962.149,python,0.0,0.06
1791297962.149,python:disk$0,0.0,0.0
1791297962.149,python:sh0,0.0,0.0
1791297962.149,python:traceq0,0.0,0.0
1791297962.149,p:clctxworker0,0.0,0.0
1791297962.149,python,0.0,0.1
1791297962.149,python,0.0,7.77
1791297962.149,python,0.0,6.73
1791297962.149,python,0.0,5.9
1791297962.149,python,0.0,5.4
1791297962.149,python,0.0,5.62
1791297962.149,pt_autograd_0,0.2,63.11
1791297962.351,python,0.21,63.23
1791297962.351,python,0.0,0.07
1791297962.351,python,0.0,0.06
1791297962.351,python,0.0,0.05
1791297962.351,python,0.0,0.05
1791297962.351,python,0.0,0.06
1791297962.351,python:disk$0,0.0,0.0
1791297962.351,python:sh0,0.0,0.0
1791297962.351,python:traceq0,0.0,0.0
1791297962.351,p:clctxworker0,0.0,0.0
1791297962.351,python,0.0,0.1
1791297962.351,python,0.0,7.77
1791297962.351,python,0.0,6.73
1791297962.351,python,0.0,5.9
1791297962.351,python,0.0,5.4
1791297962.351,python,0.0,5.62
1791297962.351,pt_autograd_0,0.0,63.11
1791297962.552,python,0.12,63.35
1791297962.552,python,0.0,0.07
1791297962.552,python,0.0,0.06
1791297962.552,python,0.0,0.05
1791297962.552,python,0.0,0.05
1791297962.552,python,0.0,0.06
1791297962.552,python:disk$0,0.0,0.0
1791297962.552,python:sh0,0.0,0.0
1791297962.552,python:traceq0,0.0,0.0
1791297962.552,p:clctxworker0,0.0,0.0
1791297962.552,python,0.0,0.1
1791297962.552,python,0.0,7.77
1791297962.552,python,0.0,6.73
1791297962.552,python,0.0,5.9
1791297962.552,python,0.0,5.4
1791297962.552,python,0.0,5.62
1791297962.552,pt_autograd_0,0.08,63.19
1791297962.753,python,0.0,63.35
1791297962.753,python,0.0,0.07
1791297962.753,python,0.0,0.06
1791297962.753,python,0.0,0.05
1791297962.753,python,0.0,0.05
1791297962.753,python,0.0,0.06
1791297962.753,python:disk$0,0.0,0.0
1791297962.753,python:sh0,0.0,0.0
1791297962.753,python:traceq0,0.0,0.0
1791297962.753,p:clctxworker0,0.0,0.0
1791297962.753,python,0.0,0.1
1791297962.753,python,0.0,7.77
1791297962.753,python,0.0,6.73
1791297962.753,python,0.0,5.9
1791297962.753,python,0.0,5.4
1791297962.753,python,0.0,5.62
1791297962.753,pt_autograd_0,0.2,63.39
1791297962.954,python,0.0,63.35
1791297962.954,python,0.0,0.07
1791297962.954,python,0.0,0.06
1791297962.954,python,0.0,0.05
1791297962.954,python,0.0,0.05
1791297962.954,python,0.0,0.06
1791297962.954,python:disk$0,0.0,0.0
1791297962.954,python:sh0,0.0,0.0
1791297962.954,python:traceq0,0.0,0.0
1791297962.954,p:clctxworker0,0.0,0.0
1791297962.954,python,0.0,0.1
1791297962.954,python,0.0,7.77
1791297962.954,python,0.0,6.73
1791297962.954,python,0.0,5.9
1791297962.954,python,0.0,5.4
1791297962.954,python,0.0,5.62
1791297962.954,pt_autograd_0,0.2,63.59
1791297963.155,python,0.01,63.36
1791297963.155,python,0.0,0.07
1791297963.155,python,0.0,0.06
1791297963.155,python,0.0,0.05
1791297963.155,python,0.0,0.05
1791297963.155,python,0.0,0.06
1791297963.155,python:disk$0,0.0,0.0
1791297963.155,python:sh0,0.0,0.0
1791297963.155,python:traceq0,0.0,0.0
1791297963.155,p:clctxworker0,0.0,0.0
1791297963.155,python,0.0,0.1
1791297963.155,python,0.0,7.77
1791297963.155,python,0.0,6.73
1791297963.155,python,0.0,5.9
1791297963.155,python,0.0,5.4
1791297963.155,python,0.0,5.62
1791297963.155,pt_autograd_0,0.19,63.78
1791297963.356,python,0.2,63.56
1791297963.356,python,0.0,0.07
1791297963.356,python,0.0,0.06
1791297963.356,python,0.0,0.05
1791297963.356,python,0.0,0.05
1791297963.356,python,0.0,0.06
1791297963.356,python:disk$0,0.0,0.0
1791297963.356,python:sh0,0.0,0.0
1791297963.356,python:traceq0,0.0,0.0
1791297963.356,p:clctxworker0,0.0,0.0
1791297963.356,python,0.0,0.1
1791297963.356,python,0.0,7.77
1791297963.356,python,0.0,6.73
1791297963.356,python,0.0,5.9
1791297963.356,python,0.0,5.4
1791297963.356,python,0.0,5.62
1791297963.356,pt_autograd_0,0.0,63.78
1791297963.557,python,0.2,63.76
1791297963.557,python,0.0,0.07
1791297963.557,python,0.0,0.06
1791297963.557,python,0.0,0.05
1791297963.557,python,0.0,0.05
1791297963.557,python,0.0,0.06
1791297963.557,python,0.0,0.1
1791297963.557,python,0.0,7.77
1791297963.557,python,0.0,6.73
1791297963.557,python,0.0,5.9
1791297963.557,python,0.0,5.4
1791297963.557,python,0.0,5.62
